change,path,review_area,depth,assessment,note
M,Cargo.lock,coordinator,generated-owner,neutral,"435 resolved packages, 420 registry records and 15 workspace records. All registry sources point to crates.io. Reviewed dependency metadata/ownership, not third-party source or a CVE/latest-version audit."
M,Cargo.toml,coordinator,full-source,good,"Clear crate ownership, clock-free domain dependency configuration, constrained WASM UUID features, and shared external dependency declarations. Lockfile owns resolved versions; no compatibility framework added. Resvg capability refinement is localized, not an architectural priority."
M,containers/Caddyfile,coordinator,full-source,neutral,Explicit API/asset routing avoids SPA fallthrough. Hostname-free internal-CA gateway intentionally permits LAN/Tailscale access; assess deployment exposure in its actual future context.
M,containers/compose.yaml,coordinator,full-source,refine,Service credentials have explicit ownership. Live dist bind mount makes destructive warm-build publication relevant. Attempt expiry and object publication are current needs; do not remove all workers merely because daemon expansion is deferred.
M,crates/adapters/ple/src/lib/question_json_source.rs,legacy,full-source,good,"Immutable object resolution, media-type check, parse, and compile occur before use; new hint accessor is a direct delegation."
M,crates/adapters/ple/src/lib/question_json_source_tests.rs,test,full-source,good,Exercises immutable native source issue/grade behavior and server ownership of grading and teaching projection.
M,crates/adapters/ple/src/question_json/source_document.rs,legacy,full-source,refine,Closed server library registry is the useful authority. Dormant external-resource syntax and duplicate Rust/TS dependency inventories can be simplified; the current empty CDN allowlist admits no external scripts.
M,crates/adapters/ple/src/question_json/source_document/author_script.rs,legacy,full-source,refine,Closed server library registry is the useful authority. Dormant external-resource syntax and duplicate Rust/TS dependency inventories can be simplified; the current empty CDN allowlist admits no external scripts.
A,crates/adapters/ple/src/question_json/source_document/recorded_javascript.rs,legacy,full-source,refine,Closed server library registry is the useful authority. Dormant external-resource syntax and duplicate Rust/TS dependency inventories can be simplified; the current empty CDN allowlist admits no external scripts.
M,crates/adapters/ple/src/question_json/tests.rs,test,full-source,good,"Validates PLE JSON compile, grading projection, choice randomization, checksums, hotspot asset tuples, and external-resource policy."
M,crates/adapters/webwork/src/http_renderer/tests.rs,test,full-source,good,Exercises WebWork HTTP render/review/grade protocol parsing and transport failure classification.
M,crates/browser-api-contract/src/student_course_response_stats.rs,legacy,full-source,good,New current title is explicit alongside the immutable revision tuple.
M,crates/domain/src/effective_assessment_properties/tests.rs,test,full-source,good,"Tests effective policy resolution, schedule boundaries, attempts, accommodations, status precedence, and hypothetical student view."
M,crates/domain/src/preview_plane.rs,legacy,full-source,good,Answer-free preview types preserve the presentation/grading boundary.
M,crates/domain/src/student_feedback_release.rs,legacy,full-source,good,Field-level disclosure projection is explicit and answer-safe.
M,crates/domain/src/student_feedback_release/tests.rs,test,full-source,good,"Exercises feedback-release timing, cohort gates, policy field independence, and projection allowlists."
M,crates/learning-data-access/src/archived_student_work_recovery.rs,plan,full-source,good,Reviewed retained-work allowlist extension; added policy fields remain non-browser data.
M,crates/learning-data-access/src/assessment_delivery.rs,plan,full-source,good,History evidence remains non-serializable and disclosure stays server-owned; unfinished aggregate producer treated as in-progress wiring.
M,crates/learning-data-access/src/assessment_release.rs,plan,full-source,good,Reviewed authored Question recognition title projection and existing compare-and-swap commands; no new interface defect.
M,crates/learning-data-access/src/authentication_ceremony.rs,plan,full-source,neutral,Deferred login implementation; reviewed only type boundary and did not assess authentication readiness.
M,crates/learning-data-access/src/authentication_email.rs,plan,full-source,neutral,Email delivery/login work is deferred; not assessed beyond its direct roster parser use.
M,crates/learning-data-access/src/authoring.rs,plan,full-source,good,PLE-managed support fields stay distinct from backend source and retain the existing Draft edit-number seam.
M,crates/learning-data-access/src/blueprint_course.rs,plan,full-source,good,"Current recognition titles are a read projection, not saved Blueprint content; bounded implementation validates queried identities."
M,crates/learning-data-access/src/content_classification.rs,plan,full-source,refine,PLN-LDA-003: ContentDisciplineRequest exposes requested_by_account_id as String instead of AccountId.
M,crates/learning-data-access/src/contracts/store_error.rs,plan,full-source,good,Portable error vocabulary remains free of SQL types and has a safe diagnostic discriminator.
M,crates/learning-data-access/src/course_instance.rs,plan,full-source,bad,PLN-LDA-002: InstallationCoursePage exposes truncated without a continuation request or cursor.
M,crates/learning-data-access/src/course_roster.rs,plan,full-source,neutral,Email/login delivery is deferred; roster lifecycle was not treated as an email-readiness finding.
M,crates/learning-data-access/src/instructor_account.rs,plan,full-source,good,Browse boundary uses typed AccountId cursors and limits; no new interface defect.
M,crates/learning-data-access/src/lib.rs,plan,full-source,good,Public re-exports preserve focused capability boundaries; no generic repository interface introduced.
M,crates/learning-data-access/src/library_watch_notification.rs,plan,full-source,good,Watch activity adds a concrete Pool-membership event without broadening the watch abstraction.
M,crates/learning-data-access/src/live_student_course_landing.rs,plan,full-source,good,Current Question title is a recognition projection; no discrete interface defect found.
M,crates/learning-data-access/src/postgres.rs,plan,full-source,refine,Reviewed full module assembly. Repeated adjacent postgres feature attributes add generated noise but do not change behavior; collapse duplicate attributes.
M,crates/learning-data-access/src/postgres/assessment_delivery_history.rs,plan,full-source,good,Good: history projection defaults new feedback fields to withheld and explicitly omits statistics when no aggregate is supplied.
M,crates/learning-data-access/src/postgres/assessment_delivery_history_response.rs,plan,full-source,good,Good: added hint and worked-solution source fields remain protected behind the existing completed-history procedure.
M,crates/learning-data-access/src/postgres/assessment_release.rs,plan,full-source,good,Good: workspace decode adds current Question titles without changing identity/revision pins.
M,crates/learning-data-access/src/postgres/assessment_workspace_policy.rs,plan,full-source,good,Good: added feedback timing fields use the same closed decoder as existing policy fields.
M,crates/learning-data-access/src/postgres/assessment_workspace_save.rs,plan,full-source,good,Good: both live and base policy JSON carry the complete eight-field release rule.
M,crates/learning-data-access/src/postgres/authoring.rs,plan,full-source,good,Good: support-text save is one optimistic-concurrency procedure call; decoding matches SQL columns.
M,crates/learning-data-access/src/postgres/blueprint_course.rs,plan,full-source,good,Good: extracts newly-added assessment calculation to the existing adoption owner and exposes a narrow recognition-title read.
A,crates/learning-data-access/src/postgres/blueprint_course/recognition.rs,plan,full-source,good,"Good: bounded, deduplicated typed ID arrays and strict response validation; omitted missing lineages are intentional."
M,crates/learning-data-access/src/postgres/blueprint_course/search.rs,plan,full-source,good,Good: tag filter is bounded and bound as a value; cursor validation remains sort-specific.
M,crates/learning-data-access/src/postgres/connection_contract.rs,plan,full-source,good,Good: expanded capability inventory matches current SQL function signatures.
M,crates/learning-data-access/src/postgres/content_classification.rs,plan,full-source,refine,Refinement already tracked separately: discipline fulfillment should be one server/database transaction. This store otherwise keeps requested vocabulary operations narrow and session-bound.
M,crates/learning-data-access/src/postgres/course_blueprint_adoption.rs,plan,full-source,good,Good: shared newly-added-assessment calculation avoids duplicated lineage-difference logic.
M,crates/learning-data-access/src/postgres/course_instance.rs,plan,full-source,good,Good: Sysadmin inspection is a small purpose-built projection and term lifetime check uses the database transaction date. No finding in this layer.
M,crates/learning-data-access/src/postgres/course_roster.rs,plan,full-source,good,Deferred email work excluded. New reset/restore calls remain SQL-authorized session operations.
M,crates/learning-data-access/src/postgres/instructor_account.rs,plan,full-source,good,"The Sysadmin actor is derived from the installed session, not caller fields. Browsing has a bounded keyset cursor and allowlisted page sizes; create/state transitions are database procedures followed by a presentation projection."
M,crates/learning-data-access/src/postgres/library_watch_notification.rs,plan,full-source,bad,It exposes an active worker materialization capability although the inbox directly reads synchronous recipient snapshots and ignores processed_at. It also parses Pool IDs as PublishedQuestionId. See PFA-LDA-01 and PFA-LDA-02.
M,crates/learning-data-access/src/postgres/live_student_course_landing.rs,plan,full-source,refine,"Separate Student landing projections, self-only membership-derived SQL, and keyset attempt history are sound. Assessment/progress title and active-attempt timestamp validation are less strict than neighboring decoders; see PFA-LDA-04."
M,crates/learning-data-access/src/postgres/question_bulk_metadata.rs,plan,full-source,good,Current change correctly carries optional per-Question title and description with each expected metadata edit number; it preserves the atomic SQL command rather than adding a second write path.
A,crates/learning-data-access/src/postgres/question_pool_bulk_metadata.rs,plan,full-source,bad,"Passes an expected Pool Edit Number to a SQL search-metadata command whose update does not advance that number, so its apparent CAS cannot prevent stale overwrites."
M,crates/learning-data-access/src/postgres/question_pool_creation.rs,plan,full-source,good,Current tag binding completes the typed create command. The procedure validates all members and creates the Pool atomically with initial edit number one.
A,crates/learning-data-access/src/postgres/question_pool_support.rs,plan,full-source,bad,"Support save checks an expected Pool Edit Number but SQL leaves it unchanged, allowing a later stale save to overwrite the prior support texts."
M,crates/learning-data-access/src/postgres/question_star.rs,plan,full-source,bad,"New personal Starred collection exposes a capped/truncated result with no cursor or continuation input, making records after the first 250 unreachable."
M,crates/learning-data-access/src/postgres/sessions.rs,plan,full-source,good,Auth operations use the dedicated role and opaque token-hash context; decoded rows are checked through AccountId/UserRole types.
M,crates/learning-data-access/src/postgres/student_assessment_decision.rs,plan,full-source,good,Current wording change is a presentation-label cleanup. The decoder remains closed over database decision values and selected display zone.
M,crates/learning-data-access/src/postgres/sysadmin_totp.rs,plan,full-source,neutral,Reviewed encrypted TOTP persistence boundary; login/email readiness excluded by task scope.
M,crates/learning-data-access/src/question_bulk_metadata.rs,plan,full-source,good,Question metadata command has a separate advancing metadata edit number and closed patch shape.
A,crates/learning-data-access/src/question_pool_bulk_metadata.rs,plan,full-source,bad,PLN-LDA-001: Search-metadata uses Pool edit number as a precondition but intentionally does not advance it.
M,crates/learning-data-access/src/question_pool_creation.rs,plan,full-source,good,"Pool creation validates closed first-revision input atomically, including bounded distinct tags."
A,crates/learning-data-access/src/question_pool_support.rs,plan,full-source,bad,PLN-LDA-001: Support save uses Pool edit number as a precondition but intentionally does not advance it.
M,crates/learning-data-access/src/question_star.rs,plan,full-source,bad,PLN-LDA-002: StarredQuestionPage exposes truncated without a continuation cursor.
M,crates/learning-data-access/src/session.rs,plan,full-source,good,Opaque session-token hashes stay non-displayable and redact Debug output.
M,crates/learning-data-access/tests/assessment_access_postgres/access_reader.rs,test,full-source,good,Integration test reads and projects one authoritative access decision with its effective policy.
M,crates/learning-data-access/tests/authoring_draft_source_postgres.rs,test,full-source,good,PostgreSQL test covers WebWork draft creation and confirmation retaining the initial source binding.
M,crates/learning-data-access/tests/blueprint_course_postgres/append.rs,test,full-source,good,Blueprint append integration coverage includes storage-error injection and prior daughter-row inspection.
M,crates/learning-data-access/tests/blueprint_course_postgres/discovery.rs,test,full-source,good,Blueprint discovery integration test exercises sort/continuation and 250-row page/lookahead behavior.
M,crates/learning-data-access/tests/blueprint_course_postgres/promotion.rs,test,full-source,good,Blueprint promotion integration coverage exercises promotion workflow behavior.
M,crates/learning-data-access/tests/blueprint_course_postgres/question_library.rs,test,full-source,good,"Question-library PostgreSQL integration test verifies filtering, facets, bounds, pagination, and nonmatching rows."
M,crates/learning-data-access/tests/blueprint_course_postgres/support.rs,test,full-source,refine,"seed() inserts Instructor, reader Instructor and Student with the same Account primary key U00000009; the second INSERT conflicts. Correct the fixture identities before relying on these connected checks. Static integration note, not a claimed test execution or architecture failure."
M,crates/learning-data-access/tests/course_instance_postgres.rs,test,full-source,good,"Connected tests protect course creation, active-lifetime term rejection, and retention of course metadata after student-data deletion."
M,crates/learning-data-access/tests/grading_lifecycle_postgres.rs,test,full-source,good,"The connected grading tests cover the evaluated-zero distinction, lock-and-expiry recheck, and immutable backend grading outcome."
A,crates/learning-data-access/tests/grading_rescore_postgres.rs,test,full-source,good,A focused connected test distinguishes recalculating current point values from re-running immutable backend grading.
M,crates/objects/Cargo.toml,legacy,full-source,good,Typed object boundary enables image validation and optional S3 backend without implicit SDK exposure.
M,crates/objects/src/image_validation.rs,legacy,full-source,good,Question image admission is centralized and returns stored bytes plus measured facts.
A,crates/objects/src/image_validation/svg_question_image.rs,legacy,full-source,refine,SVG is a small HOTSPOT upload feature and is correctly isolated; preserve this bounded scope. Its handwritten pre-parser is more complex than necessary for a reject-only text policy.
M,crates/project-tools/src/curriculum_content/publication.rs,legacy,full-source,refine,Same mutable-metadata provenance assumption appears in the canonical Blueprint reuse path.
M,crates/question_model/src/assessment_activity_rules.rs,legacy,full-source,good,Independent assessment-activity policies avoid a combinatorial mode enum.
M,crates/question_model/src/auth.rs,legacy,full-source,good,Global roles remain distinct from course membership roles.
M,crates/question_model/src/course_term.rs,legacy,full-source,good,Exact calendar bounds and explicit active-lifetime check are coherent. HG expressly limits Course activity to six months from creation; this narrow check does not by itself justify a retention-policy removal finding.
M,crates/question_model/src/lib.rs,legacy,full-source,refine,Exports one very broad front door; preserve browser-safe boundary but avoid adding more unrelated re-exports.
M,crates/question_model/src/question_library.rs,legacy,full-source,good,Public Question and Pool identifiers are typed canonical values; archive preserves immutable pins while blocking new selection.
M,crates/question_model/src/question_library_statistics.rs,legacy,full-source,bad,"Shared-statistics gate checks only issued observations, then exposes outcome counts/rates/sums that may describe fewer than the privacy cohort."
M,crates/question_model/src/student_work.rs,legacy,full-source,good,Student-safe projection excludes reproduction evidence and separates activity from grade disclosure.
M,crates/question_model/src/student_work/model_tests.rs,test,full-source,good,"Student-work model tests distinguish activity from disclosed grades, retain issued Pool entries, enforce closed states, preserve role-specific reproduction data, and hide it from browser wire output."
M,crates/server/src/assessment_delivery.rs,legacy,full-source,refine,"Generic source resolution improves testability, but DeliveryObjects forwards the full read/write/delete/signing ObjectStore rather than the documented read-only seam."
M,crates/server/src/assessment_delivery/context.rs,legacy,full-source,good,Diagnostic logging now uses a stable error kind rather than exposing attempt identifiers and backend detail.
M,crates/server/src/assessment_delivery/direct_finalization.rs,legacy,full-source,good,"Evaluation is separated from the database commit, preserving the no-transaction-across-renderer-I/O boundary and allowing the store to reject stale prepared snapshots."
M,crates/server/src/assessment_delivery/history.rs,legacy,full-source,good,History projects individual feedback fields only after server-owned policy decisions and omits unsafe class aggregates.
M,crates/server/src/assessment_delivery/submission.rs,legacy,full-source,good,"The handler validates against the exact issued presentation, translates presentation IDs back to durable IDs, and lets the store own finalization acceptance."
M,crates/server/src/assessment_pool_fork.rs,legacy,full-source,neutral,Whole-source reread 2026-10-01: instructor-only pool import/append has bounded closed input and passes both assessment/pool edit numbers to store-owned lineage checks; good.
M,crates/server/src/assessment_student_time_accommodation.rs,legacy,full-source,neutral,Whole-source reread 2026-10-01: read/save share authorization and store operation; bounded closed command requires multiplier and expected edit number; good.
M,crates/server/src/assessment_student_view.rs,legacy,full-source,good,"Instructor preview remains a read-only, answer-free capability with a store reauthorization and ETag binding."
M,crates/server/src/assessment_template.rs,legacy,full-source,neutral,"Whole-source reread 2026-10-01: owner-only template operations use bounded closed input, ETags for update, and distinguish copy failures; good."
M,crates/server/src/auth.rs,legacy,full-source,neutral,Reviewed auth composition changes; deferred login/provider work is out of scope.
M,crates/server/src/auth/browser_boundary.rs,legacy,full-source,good,"The boundary normalizes sensitive cookie aliases, requires a single Host and Origin, and carries an accepted origin to document routes."
M,crates/server/src/auth/sysadmin_totp.rs,legacy,full-source,neutral,Whole-source reread 2026-10-01: reserves TOTP attestation before completion and keeps normalization/matching local; deferred login completion excluded.
M,crates/server/src/auth/tests.rs,test,full-source,good,"Authentication tests cover role derivation, allowed passwordless roles, cross-replica revocation, cookie redaction/normalization, exact production origin and host checks, and duplicate-cookie rejection."
M,crates/server/src/author_content_document_route.rs,legacy,full-source,good,"Author content is carried as base64 into a nonce-authorized bootstrap, with CSP and postMessage restricted to a validated parent origin."
M,crates/server/src/authoring.rs,legacy,full-source,neutral,Reviewed changed authoring command paths and surrounding publication flow; no concrete regression identified.
M,crates/server/src/blueprint_course.rs,legacy,full-source,neutral,Reviewed router wiring; no independent finding.
M,crates/server/src/blueprint_course/list.rs,legacy,full-source,good,List cursor binds all normalized query/filter/sort fields and validates cursor shape before sending it to the store.
M,crates/server/src/blueprint_course/promotion.rs,legacy,full-source,neutral,Whole-source reread 2026-10-01: narrow Sysadmin promotion command and typed response; good.
A,crates/server/src/blueprint_course/recognition_titles.rs,legacy,full-source,good,"A bounded, deduplicated ID request resolves current recognition titles without exposing source records."
M,crates/server/src/blueprint_stewardship.rs,legacy,full-source,neutral,Whole-source reread 2026-10-01: instructor-scoped star/watch writes use bounded JSON and event paging is explicit; good.
M,crates/server/src/composition.rs,legacy,full-source,refine,"Composition correctly wires new bounded capabilities, but it also wires deferred Course-retention automation; record that as deferred rather than treating it as present release scope."
M,crates/server/src/content_classification.rs,legacy,full-source,good,New classification commands use explicit route decoders and store-owned authorization rather than trusting browser hierarchy state.
M,crates/server/src/course_appearance.rs,legacy,full-source,neutral,Whole-source reread 2026-10-01: theme/appearance operations share authenticated course resolution and consistent store error mapping; good.
M,crates/server/src/course_instance.rs,legacy,full-source,neutral,Reviewed changed Course Instance routes and store contracts; no concrete defect identified.
M,crates/server/src/course_retention_notification_delivery.rs,legacy,full-source,neutral,Deferred automated notification capability; reviewed but excluded from current implementation findings.
M,crates/server/src/course_retention_worker.rs,legacy,full-source,neutral,Deferred automated worker capability; reviewed but excluded from current implementation findings.
M,crates/server/src/course_roster.rs,legacy,full-source,good,Roster route additions keep authorization and roster ownership in the store boundary.
M,crates/server/src/draft_question_images.rs,legacy,full-source,neutral,Reviewed changed draft image paths; no concrete defect identified.
M,crates/server/src/instructor_account.rs,legacy,full-source,neutral,Reviewed changed instructor account paths; no concrete defect identified.
M,crates/server/src/invitation_export.rs,legacy,full-source,neutral,Whole-source reread 2026-10-01: instructor-gated controlled attachment response conceals missing/forbidden records; email delivery deferred.
M,crates/server/src/lib.rs,legacy,full-source,neutral,Reviewed module visibility and exports; no independent finding.
M,crates/server/src/library_discussion.rs,legacy,full-source,neutral,"Whole-source reread 2026-10-01: target parsing, bounded commands, role resolution, and store-owned thread/post authority remain localized; good."
M,crates/server/src/library_watch_notification.rs,legacy,full-source,neutral,Reviewed changed route; automated delivery remains deferred and no independent defect identified.
M,crates/server/src/live_gradebook.rs,legacy,full-source,neutral,Whole-source reread 2026-10-01: instructor authorization covers response/export and export selection is closed; good.
M,crates/server/src/live_student_course_landing.rs,legacy,full-source,neutral,Whole-source reread 2026-10-01: Student authorization precedes course/attempt reads and continuations bind course/request size; good.
M,crates/server/src/profile_avatar.rs,legacy,full-source,neutral,Whole-source reread 2026-10-01: self ownership gates read/select/upload/delivery and cleanup stays beside the write; good.
M,crates/server/src/question_bulk_metadata.rs,legacy,full-source,good,"Bulk Question metadata has a bounded closed request decoder, Instructor identity check, and store-owned atomic update."
M,crates/server/src/question_fork.rs,legacy,full-source,neutral,Whole-source reread 2026-10-01: idempotency and managed hotspot-copy cleanup are explicit; good.
M,crates/server/src/question_image_delivery.rs,legacy,full-source,neutral,"Whole-source reread 2026-10-01: verifies revision tuple, authorizes asset session, and emits controlled redirect; good."
M,crates/server/src/question_library.rs,legacy,full-source,neutral,Reviewed narrow changed router wiring; no independent finding.
M,crates/server/src/question_library/classification.rs,legacy,full-source,good,Classification is projected at the library boundary without exposing source records.
M,crates/server/src/question_library/search_query.rs,legacy,full-source,good,Search decoding adds explicit filter bounds and canonical query handling.
M,crates/server/src/question_library/summaries.rs,legacy,full-source,good,"Current library title and description override immutable-source copies, fixing the previous mutable-metadata authority conflict while retaining source license and type validation."
M,crates/server/src/question_library/tests.rs,test,full-source,good,"Question Library tests validate strict route IDs and edit numbers, typed query parsing, bounded page size, hierarchy transport, returned-page-only native resolution, and current metadata reads."
M,crates/server/src/question_library/usage_statistics.rs,legacy,full-source,neutral,Whole-source reread 2026-10-01: answer-free resolution precedes dedicated search/detail statistics projections; preserves separately recorded statistics-threshold defect.
A,crates/server/src/question_pool_bulk_metadata.rs,legacy,full-source,good,Pool search-metadata replacement is bounded and carries each current edit number to the store for conflict handling.
M,crates/server/src/question_pool_creation.rs,legacy,full-source,neutral,Reviewed changed creation route; no concrete defect identified.
M,crates/server/src/question_pool_library.rs,legacy,full-source,neutral,Whole-source reread 2026-10-01: cursor binds to filter hash and current/fork/evidence/member views are distinct store capabilities; good.
M,crates/server/src/question_pool_stewardship.rs,legacy,full-source,neutral,Whole-source reread 2026-10-01: verified IDs and closed input shapes precede store-owned lifecycle enforcement; good.
A,crates/server/src/question_pool_support.rs,legacy,full-source,good,Pool support replacement uses one bounded closed JSON document and the existing Pool edit number rather than a second ad-hoc revision stream.
M,crates/server/src/question_stewardship.rs,legacy,full-source,neutral,Reviewed changed stewardship paths; no concrete defect identified.
M,crates/server/src/question_watch.rs,legacy,full-source,neutral,"Whole-source reread 2026-10-01: Instructor authorization, explicit JSON checking, and narrow store interface; good."
M,crates/server/src/support_capability.rs,legacy,full-source,neutral,Whole-source reread 2026-10-01: Sysadmin repair issuance/revocation is separate from instructor inspection under explicit role guards; good.
M,crates/server/src/webwork_document_route.rs,legacy,full-source,neutral,Whole-source reread 2026-10-01: disclosure is rechecked after renderer I/O and student-owned docs use sandbox CSP; good.
M,crates/server/src/worker.rs,legacy,full-source,neutral,"Shared evaluation flow is coherent, but automated worker execution is explicitly deferred and excluded from release-scope conclusions."
M,devel/capture_screenshots.py,coordinator,full-source,good,Owns screenshot capture orchestration and preserves changed review copies; build and container choice are delegated to change_scope.
M,devel/change_scope.py,coordinator,full-source,good,Small explicit stale-output decision model keeps rebuild and container responsibilities separate.
M,devel/human_guidance_checklist.py,coordinator,full-source,bad,"F4: converts HG bullets into exact status/evidence obligations. N/A is supported, but mechanical text parity is a poor substitute for bounded product decisions and encourages literal implementation."
M,docs/API_CONTRACTS.md,docs,full-source,good,The current Assessment vocabulary correction is direct and aligns the response-stats contract with Weekly and Unit Review Assignment Type names.
M,docs/CHANGELOG-2026-09o.md,docs,historical-reference,neutral,"Reviewed as dated history, archived plan, prior audit, or changelog receipt. It is not current product authority and does not independently create work."
A,docs/CHANGELOG-2026-09p.md,docs,historical-reference,neutral,"Reviewed as dated history, archived plan, prior audit, or changelog receipt. It is not current product authority and does not independently create work."
A,docs/CHANGELOG-2026-09q.md,docs,historical-reference,neutral,"Reviewed as dated history, archived plan, prior audit, or changelog receipt. It is not current product authority and does not independently create work."
A,docs/CHANGELOG-2026-09r.md,docs,historical-reference,neutral,"Reviewed as dated history, archived plan, prior audit, or changelog receipt. It is not current product authority and does not independently create work."
A,docs/CHANGELOG-2026-09s.md,docs,historical-reference,neutral,"Reviewed as dated history, archived plan, prior audit, or changelog receipt. It is not current product authority and does not independently create work."
M,docs/CHANGELOG.md,docs,historical-reference,neutral,"Reviewed as dated history, archived plan, prior audit, or changelog receipt. It is not current product authority and does not independently create work."
M,docs/DESIGN_DECISIONS.md,docs,full-source,good,"Clear authority hierarchy and direct preproduction cutover preserve a small long-term contract: no aliases, dual DTOs, redirects, or runtime legacy readers."
M,docs/HUMAN_GUIDANCE.md,docs,full-source,good,The Deferred product behavior section explicitly overrides later implementation language. It distinguishes human-facing public IDs from UUID-backed internal objects; hidden API UUIDs are allowed but visible navigation URLs are excluded.
M,docs/NAMING_CONVENTIONS.md,docs,full-source,good,The changed terminology removes retired generic Assessment names without adding compatibility spellings.
M,docs/SCHEMA_TABLES.md,docs,generated-owner,neutral,"Reviewed as generated/current presentation evidence; product semantics are owned by its declared source or generator, not by this derivative artifact."
M,docs/SCREENSHOT_ATLAS.md,docs,generated-owner,bad,Generated current-surface documentation visibly republishes retired generic terminology such as Course Assignment workspace and Released Assignment Policies. It inherits the manifest problem and should be regenerated after its semantic source is corrected.
M,docs/STUDENT_GUIDE.md,docs,full-source,good,Student-facing prose uses current Assessment Type terms directly.
M,docs/TERMINOLOGY_CONTRACT.md,docs,full-source,good,Correctly states that Human Guidance governs product intent while definitions do not prove implementation. The direct Assessment terminology cutover and explicit no-compatibility boundary are sound.
M,docs/active_plans/audits/UI_UX_USABILITY_AUDIT.md,docs,historical-reference,neutral,"Reviewed as active planning, audit, decision, report, or workstream material. It may organize work and evidence but is not durable product authority."
A,docs/active_plans/audits/human_guidance_deep_code_review_2026_09_30.md,docs,historical-reference,neutral,"Reviewed as active planning, audit, decision, report, or workstream material. It may organize work and evidence but is not durable product authority."
A,docs/active_plans/audits/human_guidance_deep_code_review_2026_09_30_files.csv,docs,historical-reference,neutral,"Reviewed as active planning, audit, decision, report, or workstream material. It may organize work and evidence but is not durable product authority."
A,docs/active_plans/audits/human_guidance_deep_code_review_2026_09_30_files.md,docs,historical-reference,neutral,"Reviewed as active planning, audit, decision, report, or workstream material. It may organize work and evidence but is not durable product authority."
M,docs/active_plans/audits/human_guidance_gap_map.md,docs,full-source,refine,"The map honestly labels itself a dated reconciliation snapshot, but its exhaustive per-bullet open-work model inherits the checklist literal-compliance framing. Recast broad guidance as review criteria and retain only independently justified product gaps as work items."
M,docs/active_plans/audits/human_guidance_implementation_checklist.md,docs,full-source,bad,"A useful evidence ledger in principle, but its current [x] claims overstate narrow source/test evidence and it marks the visible-UUID rule complete while its own evidence retains a UUID in a navigation fragment. It should distinguish concrete delivered behavior from partial evidence and stop treating each guidance sentence as a permanent acceptance target."
M,docs/active_plans/audits/record_list_caller_investigation_2026-09-25.md,docs,historical-reference,neutral,"Reviewed as active planning, audit, decision, report, or workstream material. It may organize work and evidence but is not durable product authority."
M,docs/active_plans/audits/record_list_page_frame_standardization_audit_2026-09-25.md,docs,historical-reference,neutral,"Reviewed as active planning, audit, decision, report, or workstream material. It may organize work and evidence but is not durable product authority."
M,docs/active_plans/audits/ribbon_route_scope_audit_2026-09-23.md,docs,historical-reference,neutral,"Reviewed as active planning, audit, decision, report, or workstream material. It may organize work and evidence but is not durable product authority."
M,docs/active_plans/audits/student_screenshot_breakdown_appendix_2026-09-21.md,docs,historical-reference,neutral,"Reviewed as active planning, audit, decision, report, or workstream material. It may organize work and evidence but is not durable product authority."
M,docs/active_plans/audits/student_ui_stability_and_density_audit_2026-09-21.md,docs,historical-reference,neutral,"Reviewed as active planning, audit, decision, report, or workstream material. It may organize work and evidence but is not durable product authority."
M,docs/active_plans/review-the-content-of-merry-hickey.md,docs,historical-reference,neutral,"Reviewed as active planning, audit, decision, report, or workstream material. It may organize work and evidence but is not durable product authority."
M,docs/archive/audits/hg_checklist_parts/01_development.md,docs,historical-reference,refine,This is live input to the Human Guidance checklist generator despite living under archive. Its content is not immutable history; move or clearly label the active generated-source ownership.
M,docs/archive/audits/hg_checklist_parts/02_accounts.md,docs,historical-reference,refine,This is live input to the Human Guidance checklist generator despite living under archive. Its content is not immutable history; move or clearly label the active generated-source ownership.
M,docs/archive/audits/hg_checklist_parts/03_shell.md,docs,historical-reference,refine,This is live input to the Human Guidance checklist generator despite living under archive. Its content is not immutable history; move or clearly label the active generated-source ownership.
M,docs/archive/audits/hg_checklist_parts/04_instructor_ui.md,docs,historical-reference,refine,This is live input to the Human Guidance checklist generator despite living under archive. Its content is not immutable history; move or clearly label the active generated-source ownership.
M,docs/archive/audits/hg_checklist_parts/05_student_sysadmin_ui.md,docs,historical-reference,refine,This is live input to the Human Guidance checklist generator despite living under archive. Its content is not immutable history; move or clearly label the active generated-source ownership.
M,docs/archive/audits/hg_checklist_parts/06_data.md,docs,historical-reference,refine,This is live input to the Human Guidance checklist generator despite living under archive. Its content is not immutable history; move or clearly label the active generated-source ownership.
M,docs/archive/audits/hg_checklist_parts/07_questions.md,docs,historical-reference,refine,This is live input to the Human Guidance checklist generator despite living under archive. Its content is not immutable history; move or clearly label the active generated-source ownership.
M,docs/archive/audits/hg_checklist_parts/08_courses.md,docs,historical-reference,refine,This is live input to the Human Guidance checklist generator despite living under archive. Its content is not immutable history; move or clearly label the active generated-source ownership.
M,docs/archive/audits/hg_checklist_parts/09_assessments.md,docs,historical-reference,refine,This is live input to the Human Guidance checklist generator despite living under archive. Its content is not immutable history; move or clearly label the active generated-source ownership.
M,docs/archive/audits/record_list_candidate_inventory_audit_2026-09-23.md,docs,historical-reference,neutral,"Reviewed as dated history, archived plan, prior audit, or changelog receipt. It is not current product authority and does not independently create work."
M,docs/archive/audits/screenshot_recovery_independent_audit.md,docs,historical-reference,neutral,"Reviewed as dated history, archived plan, prior audit, or changelog receipt. It is not current product authority and does not independently create work."
M,docs/archive/durable_live_demo_screenshot_corpus.md,docs,historical-reference,neutral,"Reviewed as dated history, archived plan, prior audit, or changelog receipt. It is not current product authority and does not independently create work."
M,docs/archive/interface_cleanup_2026_09.md,docs,historical-reference,neutral,"Reviewed as dated history, archived plan, prior audit, or changelog receipt. It is not current product authority and does not independently create work."
M,docs/archive/reports/human_guidance_compliance/COMPLIANCE_SUMMARY.md,docs,historical-reference,neutral,"Reviewed as dated history, archived plan, prior audit, or changelog receipt. It is not current product authority and does not independently create work."
M,docs/archive/reports/human_guidance_implementation_compliance/architecture_and_implementation_changes.md,docs,historical-reference,neutral,"Reviewed as dated history, archived plan, prior audit, or changelog receipt. It is not current product authority and does not independently create work."
M,docs/archive/restore_live_demo.md,docs,historical-reference,neutral,"Reviewed as dated history, archived plan, prior audit, or changelog receipt. It is not current product authority and does not independently create work."
M,docs/archive/ribbon_chrome_compaction.md,docs,historical-reference,neutral,"Reviewed as dated history, archived plan, prior audit, or changelog receipt. It is not current product authority and does not independently create work."
M,docs/archive/virtual-doodling-honey.md,docs,historical-reference,neutral,"Reviewed as dated history, archived plan, prior audit, or changelog receipt. It is not current product authority and does not independently create work."
M,docs/screenshots/coverage_exceptions.json,docs,full-source,neutral,"Reviewed as a durable reference, style, operational, guide, or supporting documentation file. No independent product-scope or authority conflict found in this pass."
M,docs/screenshots/current_capture_manifest.json,docs,generated-owner,bad,"Claims to describe current reproducible Live Demo captures, yet its workflows, state strings, and captions repeatedly use retired generic Assignment and Policies vocabulary. Fix the generator-owned semantic metadata; historical binary filenames need not drive product wording."
M,docs/screenshots/current_capture_receipt.json,docs,full-source,neutral,"Reviewed as a durable reference, style, operational, guide, or supporting documentation file. No independent product-scope or authority conflict found in this pass."
M,docs/ux/RIBBON_DESTINATION_LEDGER.md,docs,generated-owner,neutral,"Reviewed as generated/current presentation evidence; product semantics are owned by its declared source or generator, not by this derivative artifact."
M,eslint.config.local.js,coordinator,full-source,good,Local override keeps vendored runtime/generated trees outside source lint and adds browser globals only to relevant tests; stale ts-rs comment is low-priority explanation debt.
M,launchers/run_fast_ui_checks.sh,coordinator,full-source,refine,Recent expansion promotes many brittle UI tests into the fast default; keep behavioral checks and remove source/pixel policy gates.
M,local_stack_control/live_demo_target.py,coordinator,full-source,refine,Private target writer is careful; new host-acceptance flag changes browser-boundary semantics and should remain disposable-only.
M,schemas/base_schema/10_types.sql,plan,full-source,good,"The added roster-event enum member extends the closed vocabulary directly, with no compatibility alias."
M,schemas/base_schema/20_tables/assessment.sql,plan,full-source,good,New hint and worked-solution release settings belong in the immutable policy snapshot used by Attempts.
M,schemas/base_schema/20_tables/content_classification.sql,plan,full-source,good,Discipline request is a narrow request record with requester FK and resolved state; it does not itself add deferred notification machinery.
M,schemas/base_schema/20_tables/published_question.sql,plan,full-source,good,New immutable Revision support fields correctly differ from current published metadata.
M,schemas/base_schema/20_tables/question_authoring.sql,plan,full-source,good,New draft support fields match revision fields and publish as immutable content; duplicated comments are a baseline refinement (PTS-03).
M,schemas/base_schema/20_tables/question_pool.sql,plan,full-source,bad,"New support and provenance state lacks a functioning optimistic-concurrency boundary; provenance is overpartitioned (PTS-01, PTS-02)."
M,schemas/base_schema/40_indexes.sql,plan,full-source,refine,New request indexes fit their predicates; the new author-account FK index is premature while the command cannot write author_account_id (PTS-02).
M,schemas/base_schema/50_functions/accounts.sql,plan,full-source,neutral,Reviewed account creation and state transitions; changed display rule is locally bounded.
M,schemas/base_schema/50_functions/archived_student_work_recovery.sql,plan,full-source,neutral,Reviewed archive boundary; no readiness finding for deferred recovery workflow.
M,schemas/base_schema/50_functions/assessment_attempt_history.sql,plan,full-source,good,Hint and worked-solution additions preserve owned-submitted-attempt and ordinary-visibility guards.
M,schemas/base_schema/50_functions/assessment_operations.sql,plan,full-source,good,New policy fields are threaded through existing single assessment save contract.
M,schemas/base_schema/50_functions/assessment_policy_snapshot.sql,plan,full-source,good,Content-addressed snapshot includes both new policy fields.
M,schemas/base_schema/50_functions/assessment_template_copy.sql,plan,full-source,good,New policy fields flow through template copy without a parallel policy model.
M,schemas/base_schema/50_functions/assessment_templates.sql,plan,full-source,good,New policy fields stay inside existing template snapshot handling.
M,schemas/base_schema/50_functions/assessments.sql,plan,full-source,good,Assessment edit trigger remains a single parent version contract.
M,schemas/base_schema/50_functions/authentication.sql,plan,full-source,neutral,Email/login implementation is explicitly unfinished and was excluded per audit scope.
M,schemas/base_schema/50_functions/blueprint_operations.sql,plan,full-source,good,Changed policy plumbing preserves expected Blueprint edit number checks.
M,schemas/base_schema/50_functions/blueprints.sql,plan,full-source,good,Changed policy serialization aligns with snapshot fields.
M,schemas/base_schema/50_functions/content_classification_operations.sql,plan,full-source,bad,Request resolution and canonical Discipline creation are separate transactions.
M,schemas/base_schema/50_functions/course_blueprint_adoption.sql,plan,full-source,good,New feedback fields are checked against exact Blueprint data and copied through one existing path.
M,schemas/base_schema/50_functions/course_blueprint_publication.sql,plan,full-source,good,New feedback fields serialize with existing Blueprint publication data.
M,schemas/base_schema/50_functions/course_retention_notifications.sql,plan,full-source,neutral,Reviewed metadata change; no notification daemon assumed.
M,schemas/base_schema/50_functions/course_roster.sql,plan,full-source,neutral,Changed signup/email seam is unfinished and excluded per audit scope.
A,schemas/base_schema/50_functions/course_roster_access.sql,plan,full-source,neutral,Email/signup reset seam is unfinished and excluded per audit scope.
M,schemas/base_schema/50_functions/profile_media.sql,plan,full-source,neutral,Reviewed changed profile-image work sequencing; no concrete defect established.
M,schemas/base_schema/50_functions/published_question_metadata_operations.sql,plan,full-source,good,Bulk update retains canonical locking and a single database update after validation.
M,schemas/base_schema/50_functions/question_authoring_operations.sql,plan,full-source,good,Draft support text shares the existing Draft CAS and publishes as immutable revision content.
M,schemas/base_schema/50_functions/question_library_operations.sql,plan,full-source,good,Changed hierarchy checks reject contradictory discovery filters early.
A,schemas/base_schema/50_functions/question_pool_search_metadata.sql,plan,full-source,bad,"Checks a version it does not advance, allowing stale concurrent metadata replacement."
M,schemas/base_schema/50_functions/question_pool_stewardship.sql,plan,full-source,neutral,Reviewed pool star/watch helpers.
A,schemas/base_schema/50_functions/question_pool_support.sql,plan,full-source,bad,Checks a member-list version without advancing it for support edits.
M,schemas/base_schema/50_functions/question_pools.sql,plan,full-source,bad,Provenance lacks CAS; schema splits one provenance aggregate across needless one-to-one tables.
M,schemas/base_schema/50_functions/question_publication_operations.sql,plan,full-source,good,"Changed revision boundary separates immutable source, PLE support, and image authorities."
M,schemas/base_schema/50_functions/question_stewardship.sql,plan,full-source,bad,Starred collection hard-caps at 250 with no retrieval continuation.
A,schemas/base_schema/50_functions/recognition_titles.sql,plan,full-source,good,Narrow batched title projection preserves public-ID-only Blueprint documents.
M,schemas/base_schema/50_functions/student_course_response_stats.sql,plan,full-source,good,Changed projection stays aggregate and course-scoped.
A,schemas/base_schema/50_functions/sysadmin_course_inspection.sql,plan,full-source,refine,Implicit 251-row cap has no pagination or truncation contract.
M,schemas/base_schema/60_policies/content_classification.sql,plan,full-source,good,"Current source adds FORCE RLS and owner-only policy for content_discipline_request alongside the classification hierarchy, closing the new table under the same internal-command boundary."
M,schemas/base_schema/60_policies/content_classification_operations.sql,plan,full-source,refine,"The private-command owner receives RLS authorization for all classification tables, including discipline requests. This is appropriate for SECURITY DEFINER commands, but the underlying create-then-resolve request flow must become one transaction rather than relying on broad command-owner table access."
M,schemas/base_schema/60_policies/question_pools.sql,plan,full-source,refine,Current source correctly brings the new Pool authorship/license/source tables under FORCE RLS and API summary reads. Their separate policy surface mirrors the overpartitioned provenance schema; consolidate provenance before this becomes a long-lived access contract.
M,schemas/base_schema/70_grants.sql,plan,full-source,good,Installation order: resets role then includes each focused privilege module; grants are partitioned by domain rather than one omnibus application grant.
M,schemas/base_schema/70_grants/assessment_attempt_history.sql,plan,full-source,good,"Student history, feedback, response-source and retained-work reads are exposed through narrow ple_api facades; retention executor alone receives archived retained-work access."
M,schemas/base_schema/70_grants/assessment_policy_snapshot.sql,plan,full-source,good,Assessment policy snapshots are readable by API/unrelease and insertable by private owner; construction is limited to data/API owners.
M,schemas/base_schema/70_grants/assessment_template_copy.sql,plan,full-source,good,ple_app receives the template-copy facade; data construction values routine is API-owner only.
M,schemas/base_schema/70_grants/blueprint_operations.sql,plan,full-source,good,"ple_app receives create, rename, availability, list/load/revision and promotion facades. The obsolete five-argument save facade is revoked, while the current six-argument variant is granted later by course_blueprint_adoption.sql."
M,schemas/base_schema/70_grants/content_classification.sql,plan,full-source,good,All classification tables are revoked from public/application principals; no raw client table access is retained.
M,schemas/base_schema/70_grants/content_classification_operations.sql,plan,full-source,good,Private-owner routines implement classification changes/reads and API owner bridges them; ple_app gets the explicit classification facade surface.
M,schemas/base_schema/70_grants/course_operations.sql,plan,full-source,good,Public API Course commands are revoked then granted only to ple_app; theme read/reference grants are role-specific.
M,schemas/base_schema/70_grants/course_retention_notifications.sql,plan,full-source,neutral,Deferred retention/email infrastructure: excluded from product readiness and removal demands. Existing scoped privileges were inspected; deferral alone does not establish a defect.
M,schemas/base_schema/70_grants/profile_media.sql,plan,full-source,good,Avatar/media workflow grants API owner explicit object/profile/audit write surfaces and app only API wrappers.
M,schemas/base_schema/70_grants/question_authoring_operations.sql,plan,full-source,good,Draft lifecycle has paired private/API functions; ple_app receives wrappers only.
M,schemas/base_schema/70_grants/question_pools.sql,plan,full-source,good,Pool base/provenance tables are public-denied; private updates are column-restricted and app uses API wrappers.
M,schemas/base_schema/70_grants/question_stewardship.sql,plan,full-source,good,Revision credit/ownership tables are public-denied; star/watch state uses API-only wrappers.
A,schemas/base_schema/70_grants/recognition_titles.sql,plan,full-source,good,Recognition-title loader is API-wrapper execution only.
M,schemas/base_schema/install.sql,plan,full-source,good,New modules are included in dependency order; no compatibility install path was introduced.
M,src/api/assessment_attempt_history.ts,comment,full-source,refine,"R-A-001: Question history entries validate positive positions but not a bounded, unique contiguous issued sequence; keep the invariant at this decoder boundary."
M,src/api/assessment_release.ts,comment,full-source,refine,R-A-002: Due Soon carries a mandatory null nextCursor although the endpoint has no cursor and SQL returns the complete seven-day set.
M,src/api/blueprint_course.ts,comment,full-source,good,"Blueprint lineage, immutable revision, and mutable metadata operations have separate methods and edit identities."
M,src/api/client.ts,comment,full-source,good,The aggregate interface keeps new operations capability-specific; no broad untyped request escape hatch was added.
M,src/api/content_classification.ts,comment,full-source,good,Global vocabulary identity stays UUID-backed while discipline requests do not introduce email workflow.
M,src/api/course_instance.ts,comment,full-source,good,"Course lifecycle, course retention, and creation authority are represented as distinct concepts."
M,src/api/decoders/assessment_attempt.ts,comment,full-source,good,"Reviewed the full decoder in its client/route context: it accepts only its modeled wire shape and validates the identity, enum, or cross-field invariants this projection needs."
M,src/api/decoders/assessment_attempt_history.ts,comment,full-source,refine,"R-A-001: Question history entries validate positive positions but not a bounded, unique contiguous issued sequence; keep the invariant at this decoder boundary."
M,src/api/decoders/assessment_policy.ts,comment,full-source,good,"Reviewed the full decoder in its client/route context: it accepts only its modeled wire shape and validates the identity, enum, or cross-field invariants this projection needs."
M,src/api/decoders/assessment_release.ts,comment,full-source,refine,R-A-002: Due Soon carries a mandatory null nextCursor although the endpoint has no cursor and SQL returns the complete seven-day set.
M,src/api/decoders/content_classification.ts,comment,full-source,good,Strictly separates canonical UUID identity from display text and constrains the new Discipline-request receipt to its minimal browser projection.
M,src/api/decoders/course_instance.ts,comment,full-source,good,"The installation Course projection is intentionally narrow: public Course IDs and active-Instructor display names, without roster or student-record fields."
M,src/api/decoders/course_term.ts,comment,full-source,good,The browser-side calendar validation mirrors the server's six-month active-life rule and keeps server validation authoritative.
M,src/api/decoders/instructor_account.ts,comment,full-source,good,Pagination adds only an Account-ID cursor to the existing limited Sysadmin projection; it does not disclose authentication email.
M,src/api/decoders/library_watch_notification.ts,comment,full-source,good,"Reviewed the full decoder in its client/route context: it accepts only its modeled wire shape and validates the identity, enum, or cross-field invariants this projection needs."
M,src/api/decoders/question_bulk_metadata.ts,comment,full-source,good,"The revised closed command preserves ordered distinct selection, explicit optional title/description fields, and an empty-patch guard."
A,src/api/decoders/question_pool_search_metadata.ts,comment,full-source,refine,The same lossless Pool Edit Number issue is duplicated in the new bulk metadata path. The request/result decoding is otherwise a sound ordered-CAS boundary.
A,src/api/decoders/question_pool_support.ts,comment,full-source,refine,"The decoder intentionally limits Edit Numbers to safe JavaScript integers, while the server accepts a larger i64 range. Define the API representation once rather than silently making some valid server states unreadable to a browser."
M,src/api/decoders/question_star.ts,comment,full-source,bad,The decoder faithfully accepts a truncated page but cannot recover an omitted continuation contract.
A,src/api/decoders/recognition_titles.ts,comment,full-source,good,"Rejects unrequested, duplicate, or malformed response IDs, preserving the authorization scope of each recognition request."
M,src/api/decoders/student_assessment_decision.ts,comment,full-source,good,"Checks a closed decision DTO, schedule ordering, and exact server-owned public reasons."
M,src/api/decoders/student_course_response_stats.ts,comment,full-source,good,"Checks the sensitive self-only aggregate for count arithmetic, exact revision identity, and ranking consistency."
M,src/api/http_client.ts,comment,full-source,good,New API capabilities are composed into the normal same-origin client rather than creating a parallel transport or privileged frontend path.
M,src/api/http_client/blueprint_course.ts,comment,full-source,good,"Recognition-title loading validates canonical IDs, batches to the server limit, and decodes each response against precisely its request set."
M,src/api/http_client/content_classification.ts,comment,full-source,good,"Uses validated, encoded UUIDs, same-origin transport, no-store responses, and explicit status contracts for the small classification capability."
M,src/api/http_client/course_instance.ts,comment,full-source,good,"Course IDs are validated before path construction; search text stays in a POST body, avoiding copyable URL exposure."
M,src/api/http_client/instructor_account.ts,comment,full-source,good,"The find capability validates query, page size, and cursor before sending a closed POST body."
M,src/api/http_client/question_pool_creation.ts,comment,full-source,good,"Creation validates title, description, member tuples, attestation, and optional tags at the browser boundary without owning Pool identity generation."
A,src/api/http_client/question_pool_search_metadata.ts,comment,full-source,good,Validates the closed request before transport and rejects a response that is not the exact requested ordered Pool set.
A,src/api/http_client/question_pool_support.ts,comment,full-source,good,"Read and replacement use one Pool route, validate the closed command, and verify that the returned Pool matches the requested Pool."
M,src/api/http_client/question_star.ts,comment,full-source,bad,"The collection request is a parameterless GET, so a truncated personal Star collection has no way to fetch its older entries."
M,src/api/instructor_account.ts,comment,full-source,good,Sysadmin Account lifecycle contract exposes a small answer-free projection and keeps vetting receipt opaque.
M,src/api/library_watch_notification.ts,comment,full-source,good,Notification contract is self-only and excludes watcher/actor identities.
M,src/api/question_bulk_metadata.ts,comment,full-source,good,The current title and description additions are scoped per selected Question rather than promoted into a broad new metadata abstraction.
M,src/api/question_pool_creation.ts,comment,full-source,good,Optional creation tags are a direct input extension and remain distinct from Pool search-metadata replacement.
A,src/api/question_pool_search_metadata.ts,comment,full-source,good,The contract makes established Discipline and Subject non-patchable and carries the Pool's edit precondition per selection.
A,src/api/question_pool_support.ts,comment,full-source,refine,This newly introduced Pool Edit Number boundary uses plain JavaScript number even though its Rust/database source permits u64 up to BIGINT. It should share one explicit lossless transport contract before more Pool commands repeat the mismatch.
M,src/api/question_star.ts,comment,full-source,bad,"The personal Star collection exposes only a truncated flag, with no cursor or continuation request in its client contract."
A,src/api/recognition_titles.ts,comment,full-source,good,"The helper batches bounded IDs and merges only title maps, avoiding a speculative cache or a broader object projection."
M,src/assessment_duration.ts,comment,full-source,good,Minute-entry conversion and shared blank-field guidance remain small UI-boundary helpers; no legacy duration compatibility layer was added here.
M,src/assessment_type_presentation.ts,comment,full-source,good,The terminology change aligns presentation labels with the current product vocabulary and remains presentation-only.
M,src/auth/session_context.tsx,comment,full-source,good,Injected bootstrap keeps browser session state limited to identity and role data.
A,src/components/authoring_classification_level.tsx,comment,full-source,good,Creation and optional existing-subject association remain local to their vocabulary level.
M,src/components/bloom_classification.css,comment,full-source,neutral,Presentation-only stylesheet change.
M,src/components/content_classification_select.css,comment,full-source,neutral,Selector presentation styles.
M,src/components/content_classification_select.tsx,comment,full-source,good,Parent-gated async vocabulary loading and retry keep hierarchy ownership explicit.
M,src/components/course_classification.css,comment,full-source,neutral,Course classification presentation styles.
M,src/components/course_classification_fields.tsx,comment,full-source,good,Changing a parent clears dependent selections; request action remains separate from creation authority.
M,src/components/course_classification_summary.tsx,comment,full-source,good,Read-only summary resolves names through the supplied classification client.
M,src/components/course_student_work_recovery.tsx,comment,full-source,refine,Recovery display now requires a BlueprintCourseClient method only for title recognition; name a narrow recognition-title capability instead of coupling this FERPA recovery surface to an unrelated course client.
A,src/components/discipline_request.ts,comment,full-source,bad,Sysadmin fulfillment creates a Discipline and resolves its request in two independent browser requests; a second failure leaves a created item and open request.
M,src/components/library_discussion_panel.tsx,comment,full-source,good,Uses selected display-zone formatter rather than browser-local time for discussion timestamps.
M,src/components/page_frame.css,comment,full-source,neutral,Page frame styling only.
M,src/components/question_bulk_metadata_editor.css,comment,full-source,neutral,Bulk editor presentation styles.
M,src/components/question_bulk_metadata_editor.tsx,comment,full-source,good,Explicit Keep/Replace/Clear intent and stale-state refresh preserve atomic server command semantics.
M,src/components/question_pool_create_dialog.css,comment,full-source,neutral,Question Pool creation presentation styles.
A,src/components/question_pool_search_metadata_editor.tsx,comment,full-source,good,Small bulk command is limited to Pool-owned search fields and validates hierarchy prerequisites before transport.
A,src/components/question_pool_star_control.css,comment,full-source,neutral,Star control styling.
A,src/components/question_pool_star_control.tsx,comment,full-source,refine,Star load/mutation has no local actionable error state; check containing error ownership before adding a small retry/error presentation.
A,src/components/question_pool_support_editor.tsx,comment,full-source,good,Support edits use Edit Number and make a 412 conflict recoverable through explicit reload.
M,src/components/question_response_control_styles.ts,comment,full-source,neutral,Response control presentation styles.
M,src/components/question_response_controls/common.tsx,comment,full-source,good,Persistence notice is a narrow shared status contract and correctly distinguishes save outcome from local format validation.
M,src/components/question_response_controls/matching.tsx,comment,full-source,neutral,Native matching controller; small presentation adjustment only.
M,src/components/question_response_controls/question_response_control.tsx,comment,full-source,good,Exhaustive response dispatcher installs status context once at the shared boundary.
M,src/components/record_list/record_family.css,comment,full-source,neutral,Shared record styling.
M,src/components/record_list/record_list.css,comment,full-source,neutral,Shared record-list styling.
M,src/components/record_list/record_list_reorder.tsx,comment,full-source,good,Native drag destinations are now validated against current indices and disabled state before persistence is requested.
M,src/components/record_list/record_sequence.tsx,comment,full-source,good,Reuses the validated drag-destination helper rather than duplicating drop checks.
M,src/components/student_assessment_attempt_navigation.tsx,comment,full-source,neutral,Attempt-position navigation component.
M,src/components/student_assessment_presentation.css,comment,full-source,neutral,Assessment presentation styles.
M,src/components/student_assessment_presentation.tsx,comment,full-source,refine,The expanded timing details render a second heading named Attempt rules for the Late work section; use the actual section name to retain clear semantic structure.
A,src/components/sysadmin_course_creation.ts,comment,full-source,good,Course creation validates a direct preproduction contract and does not create legacy migration behavior.
A,src/components/sysadmin_course_creation_form.tsx,comment,full-source,good,The form assigns an Instructor explicitly and keeps Sysadmin out of Course membership.
M,src/features/blueprint_change_proposal/proposal_review.tsx,style,full-source,good,"Acceptance preserves the server-returned committed result before attempting a refresh, and clears a selected decision on either cancellation or a conflict; this keeps an uncertain client request from silently rebasing a frozen proposal."
M,src/features/blueprint_change_proposal/proposal_workspace.tsx,style,full-source,good,"Proposal discovery and creation use generation counters tied to the selected target, so delayed list/detail responses cannot repopulate a different target's chooser. The workflow remains a narrow saved-source proposal rather than an automatic merge system."
M,src/features/blueprint_course/blueprint_assessment_content_editor.tsx,style,full-source,bad,"Invalid scoring text is neither retained as an invalid draft nor reported to the parent. updateReusableEntryScoring returns the old content and changeScoring returns without onChange; a controlled DOM input can therefore visibly contain an invalid value while Save validates and persists the previous valid value. This is a state-ownership bug, not a server-validation issue."
A,src/features/blueprint_course/blueprint_assessment_entry_content.ts,style,full-source,good,"A small shared entry presenter gives title recognition without hiding public ID, Revision, Edit, points, or scoring; it avoids parallel display formats."
M,src/features/blueprint_course/blueprint_assessment_feedback_fields.tsx,style,full-source,good,The feedback editor owns no parallel policy state: it maps the select value through the generated timing union and sends one updated defaults object to the existing assessment draft owner.
M,src/features/blueprint_course/blueprint_course.css,style,full-source,good,"Feature styles are scoped under Blueprint classes, use shared design tokens, and collapse the two layout breakpoints without global selector or fixed-geometry gates."
M,src/features/blueprint_course/blueprint_course_detail_workspace.tsx,style,full-source,good,"The workspace deliberately separates immutable content Revision saves from mutable names/classification/lifecycle metadata, with one canonical no-op comparison and conflict handling at each command boundary."
M,src/features/blueprint_course/blueprint_course_lifecycle_controls.tsx,style,full-source,good,Lifecycle controls are derived from the typed server-state presentation and the archive confirmation is a small local safeguard; no client-side lifecycle authority or compatibility state is introduced.
M,src/features/blueprint_course/blueprint_course_model.ts,style,full-source,refine,"The new scoring parser accepts unbounded integer magnitudes, while the generated contract/server value domain is bounded. Reuse the contract's point-value decoder or export one shared numeric bound so browser acceptance cannot diverge from the authoritative command boundary."
M,src/features/blueprint_course/blueprint_history.tsx,style,full-source,good,"History is lazy and read-only. A request token prevents an older revision fetch from replacing a later inspection, while exact revision content remains separate from current editable workspace state."
M,src/features/blueprint_course/blueprint_pool_members_editor.tsx,style,full-source,good,"Pool-member edits stay a local draft under the enclosing Blueprint Save, preserve exact Question revision tuples, and reject a member response whose pool identity/edit number differs from the selected pool."
A,src/features/blueprint_forks/blueprint_comparison_membership.tsx,style,full-source,good,Contained presentation adapter for the explicit comparison requirement. It consumes the existing canonical comparison projection and does not persist a new comparison model.
M,src/features/blueprint_forks/blueprint_fork_model.ts,style,full-source,good,Comparison helpers stay pure and derive relationship summaries from the canonical comparison view; they do not infer history from titles or local assessment IDs.
M,src/features/blueprint_forks/blueprint_fork_review.css,style,full-source,good,The review stylesheet uses a simple two-column-to-one-column responsive comparison layout and remains local to the feature.
M,src/features/blueprint_forks/blueprint_fork_review.tsx,style,full-source,good,"The review separates ordinary authorized comparison from the optional apply affordance, which requires an owned active direct fork and no unsaved local changes. Recognition titles improve presentation without becoming identity."
M,src/features/blueprint_operations/blueprint_operations_page.css,style,full-source,good,"Operations-page styling is feature-scoped, token-based, and its only breakpoint changes a three-column chooser to two columns; it contains no product policy."
M,src/features/course_appearance/course_entry_banner.tsx,style,full-source,good,Reads only the authorized route view and delegates image delivery and alternative text to focused helpers.
M,src/features/ple_question_json_authoring/question_general_feedback_client.ts,style,full-source,refine,PLE-managed support is deliberately separate from backend interaction feedback. Its nearby native-source fields make the authoring terminology easy to misread; name the support boundary and its disclosure behavior more distinctly.
M,src/features/ple_question_json_authoring/question_json_client.ts,style,full-source,good,"The protected browser client validates response shapes, keeps paths same-origin, and carries optimistic edit numbers."
M,src/features/ple_question_json_authoring/question_json_codec.ts,style,full-source,bad,"The canonical decoder accepts an accepted answer longer than its declared student maxLength, so a question can publish with an impossible correct response."
M,src/features/ple_question_json_authoring/question_json_editor_page.tsx,style,full-source,refine,"The page correctly serializes source and support saves, but owns two parallel Hint/Feedback lifecycles whose nearly identical labels are rendered together by the workspace."
M,src/features/ple_question_json_authoring/question_json_editor_styles.ts,style,full-source,good,"Styles are scoped, responsive, and use existing tokens rather than a new global design system."
M,src/features/ple_question_json_authoring/question_json_editor_workspace.tsx,style,full-source,refine,"The source-level pre-response/outcome content and PLE-managed revision support are intentionally distinct, but their adjacent Hint labels can make delivery roles hard to distinguish during authoring."
M,src/features/ple_question_json_authoring/question_json_hotspot_editor.tsx,style,full-source,good,"Hotspot editing keeps private image upload, normalized geometry, and literal-validity state local to the feature."
A,src/features/ple_question_json_authoring/recorded_javascript_dependencies.ts,style,full-source,good,The small allowlist expresses the actual external-script policy without a speculative dependency registry or CDN fallback.
M,src/features/question_picker/question_picker.css,style,full-source,good,"The dialog remains one responsive task surface, with the search span collapsing at narrow widths instead of adding breakpoint-specific component variants."
M,src/features/question_picker/question_picker.tsx,style,full-source,refine,"Inspection is an all-or-nothing capability in practice, but its loader, preview URL, and image URL are separately optional. A caller that supplies inspection without image resolution renders image assets against the application root via new URL("""", origin). Model the inspection capability as one required bundle when enabled, or make the missing-image case explicit."
A,src/features/question_picker/question_picker_inspection.tsx,style,full-source,good,Inspection is separate from selection and receives only answer-free details.
M,src/features/question_picker/question_picker_model.ts,style,full-source,good,"Keeps sources parent-owned, preserves ordered selection, and excludes deferred iMathAS from reusable new work."
M,src/features/question_pool_picker/question_pool_picker.css,style,full-source,good,The picker uses a single list-detail grid with a simple one-column fallback and shared dialog tokens.
M,src/features/question_pool_picker/question_pool_picker.tsx,style,full-source,good,Checks the Pool edit number after detail load before allowing selection to proceed.
A,src/features/recognition_label.ts,style,full-source,good,Centralizes human-readable titles paired with public identifiers.
A,src/features/recognition_titles_load.ts,style,full-source,refine,Every reactive ID change calls the title API even when the canonical requested ID sets are unchanged; retain merged titles but deduplicate the request identity.
M,src/format_datetime.ts,comment,full-source,good,"Instant and local-wall-clock formatting are distinct, avoiding accidental local-zone conversion of server-projected wall-clock values."
M,src/log.ts,comment,full-source,good,"A closed diagnostic vocabulary prevents arbitrary values, including FERPA data, from reaching browser console output."
M,src/main.tsx,comment,full-source,good,"Browser bootstrap supplies one session boundary, API client, route scope, appearance owner, and WASM provider."
M,src/pages/assessment_attempt_finish.ts,style,full-source,good,"The two small helpers establish the required order-backend-owned capture, ordinary response save, then finalization-without duplicating submission state management."
M,src/pages/assessment_attempt_page.tsx,style,full-source,good,"Attempt delivery uses request generations for stale reads, serializes saves, retains a failed response locally, and treats the server as the authority for timer and finalized state."
M,src/pages/assessment_attempt_summary_page.tsx,style,full-source,good,Recorded work renders bounded server projection and public route IDs.
M,src/pages/assessment_attempt_summary_styles.ts,style,full-source,good,"Read-only summary styling is narrowly scoped to the attempt surface and handles long code, tables, images, and math without separate rendering logic."
M,src/pages/assessment_template_settings_editor.tsx,style,full-source,refine,"The editor faithfully exposes the draft contract, but it propagates legacyTimeLimitSeconds into every settings save. The associated model should be simplified at the schema/data boundary so an unrelated settings change is not blocked by a pre-production legacy duration repair state."
M,src/pages/assessment_templates_page.css,style,full-source,good,The overview/editor layout keeps its responsive behavior in one stylesheet and collapses deliberately without pixel-locked geometry.
M,src/pages/assessment_workspace/assessment_blueprint_update_review.tsx,style,full-source,good,"The review projection is intentionally content-only, uses the existing record sequence, and renders author-entered text as JSX text rather than HTML."
M,src/pages/assessment_workspace/assessment_fixed_question_points_editor.tsx,style,full-source,good,"Point edits reuse the domain point parser and full workspace save contract, keep drafts on failure, and give an explicit optimistic-concurrency reload path."
M,src/pages/assessment_workspace/assessment_pool_entry_editor.tsx,style,full-source,refine,"The interchangeability checkbox is an advisory HG sentence turned into a gate for every add, remove, and reorder. It records no meaningful domain fact and cannot establish interchangeability. Keep the explanatory copy near the Pool, but remove this repeated attestation gate."
A,src/pages/assessment_workspace/assessment_question_id_batch.ts,style,full-source,good,"Paste handling canonicalizes and deduplicates IDs before resolution, rejects malformed input atomically, and enforces the Assessment capacity before any lookup."
M,src/pages/assessment_workspace/assessment_workspace.css,style,full-source,good,"The workspace layout is token-based and responsive, with policy groups and danger controls scoped to the existing workspace rather than creating a generic layout framework."
M,src/pages/assessment_workspace/assessment_workspace_authoring.css,style,full-source,good,"Authoring styles preserve shared control tokens, retain a compact questions-first grid, and degrade to a single column without fixed viewport geometry."
M,src/pages/assessment_workspace/assessment_workspace_policies_page.tsx,style,full-source,bad,A pre-production legacy duration value that is not whole minutes makes currentInput() invalid and blocks every unrelated Property save until the Instructor edits that duration. This turns a repair concern into an unrelated-save gate.
M,src/pages/assessment_workspace/assessment_workspace_questions_page.tsx,style,full-source,refine,"Pool import validates its selected count only against the source pool, although the page already computes remaining Assessment capacity. The database correctly rejects an over-250 total, but the UI can send a request it knows will fail and only shows a generic error."
M,src/pages/assessment_workspace/assessment_workspace_questions_view.tsx,style,full-source,good,The view stays a presentation boundary: it receives typed commands/state from the page and preserves the shared RecordSequence reorder mechanism.
A,src/pages/assessment_workspace/assessment_workspace_selected_entry.ts,style,full-source,good,"Entry presentation handles the fixed-Question and Pool variants in one small mapper, preserving immutable revision identity and delivery facts."
D,src/pages/assessment_workspace/assessment_workspace_selected_entry.tsx,coordinator deletion review,full baseline source,neutral,"Removed record-list entry presenter; remaining import is incomplete wiring during ongoing work, explicitly excluded from design findings. No compatibility restoration warranted."
M,src/pages/assessment_workspace/assessment_workspace_student_view_page.tsx,style,full-source,good,The Student View is explicitly answer-free and performs no student-work writes; the manifest and selected question remain server-authorized reads.
M,src/pages/blueprint_course_search_classification.tsx,style,full-source,refine,The component owns static layout via inline style objects while the surrounding Blueprint search owns a stylesheet. Move these stable layout declarations into the feature CSS so one styling authority handles this surface.
M,src/pages/blueprint_course_search_page.tsx,style,full-source,bad,A visible Blueprint detail URL includes a random UUID query parameter solely to carry transient same-tab return state. This violates the explicit visible-navigation UUID rule and makes a browser-restoration implementation part of copyable URLs.
M,src/pages/blueprint_course_search_return_state.ts,style,full-source,bad,The return-state helper deliberately serializes a UUID token into the public search URL even though its state is document-local. The route token should not be a visible navigation identity.
A,src/pages/compact_short_name_field.tsx,style,full-source,good,The field centralizes the short-name form contract and provides compact-navigation guidance without imposing an arbitrary 16-character data limit.
M,src/pages/content_disciplines_page.tsx,style,full-source,bad,"Fulfilling a Discipline request remains a browser-side two-write saga: creating succeeds before request resolution, so a resolution failure leaves a duplicate-prone open request and a UI failure message despite a committed Discipline."
M,src/pages/course_instance_page.tsx,style,full-source,good,"The page preserves owner boundaries: Blueprint creation has one idempotency key per payload, inline Assessment saves use edit-number conflicts, and row-local models are retained only for the current Course Instance."
M,src/pages/course_list_page.tsx,style,full-source,good,"Course creation validates the user-visible term before submission, keeps cursor history explicit, and deduplicates optimistic created rows against the refetched server list."
M,src/pages/course_roster_page.tsx,style,full-source,good,"Roster drafts are cleared when the route changes, imports are scoped to the originally captured Course ID, and the page intentionally exports mailer input instead of adding the deferred mail workflow."
A,src/pages/instructor_accounts_page.css,style,full-source,good,The high-consequence deactivation notice is a small local presentation rule built from existing tokens.
M,src/pages/instructor_accounts_page.tsx,style,full-source,good,"The Sysadmin page keeps Authentication Email and display name out of browse rows, uses closed page-size/state inputs, and requires an explicit confirmation before deactivation."
M,src/pages/library_browse_record_list.css,style,full-source,good,The current-page result window is a deliberately bounded scroll region with focus visibility and modest responsive heights.
M,src/pages/library_browse_rows.tsx,style,full-source,good,"The result surface limits selection to the loaded page and shared bulk limit, preserves modified-click semantics, and keeps keyboard focus within the scroll window."
M,src/pages/library_page.css,style,full-source,refine,"The broader layout follows the shared flat-page system, but the desktop result-window height is tuned to one 1280x800 view through a fixed 25.625rem subtraction. Prefer a layout-derived available-height boundary or the existing 65vh cap if this proves awkward at zoom, large text, or alternate chrome sizes."
M,src/pages/library_page.tsx,style,full-source,refine,"The component composes soundly around one browse session and bounded bulk editing, but free-text input resets the remote search on every keystroke. A short debounce or explicit Search action would reduce avoidable request churn while retaining the session model; it should be a small interaction decision, not new infrastructure."
M,src/pages/library_pool_discovery.tsx,style,full-source,good,"Pool discovery is a separate bounded flow with cursor history, race-generation guards, scoped selection, and a read-only deep-link inspection path; it does not create a background watch or mail system."
M,src/pages/library_watch_notifications_page.tsx,style,full-source,good,"The private Watch inbox uses server-provided activity projections, formats in the selected display zone, and links only when a concrete activity exists."
A,src/pages/my_questions_model.ts,style,full-source,good,Cursor history and page-size reset are explicit.
A,src/pages/my_questions_page.tsx,style,full-source,good,My Questions exposes both continuation directions.
A,src/pages/profile_account_id.tsx,style,full-source,good,"Displays and copies an Account ID only after canonical public-ID validation, with a useful manual-copy recovery state."
M,src/pages/profile_page.tsx,style,full-source,good,"Profile owns self-service appearance, avatar, and time-zone edits while server APIs retain permission and persistence authority."
M,src/pages/question_detail_page.css,style,full-source,good,Page-local styles use the existing token system and semantic class names; no structural selector inventory or pixel gate is embedded here.
M,src/pages/question_detail_page.tsx,style,full-source,good,"Keeps revision resolution, archive preconditions, fork idempotency, and editor-only affordances separated from server authorization. Existing shared components own the substantive workflows."
M,src/pages/question_draft_editor_page.tsx,style,full-source,good,The metadata-only fallback deliberately preserves PLE-managed support text when an external backend source cannot be edited; it uses edit-number conflict handling rather than parsing unknown backend data.
M,src/pages/question_statistics_panel.css,style,full-source,good,A focused presentation layer for statistics with a single mobile layout change.
M,src/pages/role_home_pages.tsx,style,full-source,good,Root resolution is role-driven by authenticated session state and dashboard components remain direct route composition.
M,src/pages/roster_confirmation_dialog.tsx,style,full-source,good,A small native confirmation dialog clearly distinguishes revoking access from record retention and delegates the operation to its owner.
A,src/pages/starred_questions_model.ts,style,full-source,neutral,A minimal model wrapper; collection completeness is owned by the list API and page rather than this file.
A,src/pages/starred_questions_page.tsx,style,full-source,neutral,The existing capped-starred-list continuation concern belongs to the server/list contract already under separate review; this page accurately reports truncation without fabricating a client cursor.
M,src/pages/student_course_landing_page.tsx,style,full-source,refine,"The per-Course and all-Course views duplicate completion/progress loading and visible-assessment selection. Keep server-owned decisions, but consolidate the shared pure selection/loading composition before another view grows it independently."
M,src/pages/student_course_response_stats_page.tsx,style,full-source,good,"Displays only the student-owned, server-disclosed response projection and accurately labels approximate visible-page duration."
M,src/pages/student_work_inspection_page.css,style,full-source,good,"Semantic, token-based styling for a student-work inspection surface; no behavior is embedded."
A,src/pages/sysadmin_course_inspection_page.tsx,style,full-source,good,"Inspection stays read-only, uses a bounded search request, and clearly separates lifecycle and retention status from management operations."
M,src/ribbon/app_ribbon.css,comment,full-source,good,"Recent changes are local presentation adjustments, including clipping avatar children while allowing focus outlines; no route or authorization behavior moved into CSS."
M,src/ribbon/app_ribbon.tsx,comment,full-source,good,"Ribbon owns local menu and overflow presentation while derivation, authorization, and data loading remain external. Profile menu correctly contains sign-out."
M,src/ribbon/capability_registry.ts,comment,full-source,good,"My Questions and Starred were moved from future placeholders only after concrete client, server-handler, and page evidence existed."
M,src/ribbon/ribbon_catalog.ts,comment,full-source,good,The catalog now points My Questions and Starred at implemented routes rather than fabricating availability.
M,src/ribbon/ribbon_contract.ts,comment,full-source,good,One contract validates route parameters before constructing hrefs and derives Ribbon presentation without granting access. New breadcrumb labels avoid raw IDs.
M,src/route_contract.ts,comment,full-source,good,"New implemented routes are added once to the frozen contract with role and Ribbon scope, then executable routes derive from it."
M,src/routes.ts,comment,full-source,good,Executable router definitions derive from the route contract rather than duplicate path strings.
A,src/selected_display_zone.ts,comment,full-source,bad,"When account settings fail to load, AppearanceOwner permits the shell to paint but this formatter returns an empty string. Every caller then silently drops timestamps, conflating a failed preference request with absent content."
M,src/student_progress.ts,comment,full-source,good,Terminology cleanup changes only displayed copy.
M,src/style.css,comment,full-source,neutral,Recent shared-style changes are presentation-only. Exact visual constraints should remain review evidence rather than treated as general product architecture.
M,src/wasm/context.tsx,comment,full-source,good,The installed-facade provider is a narrow fixture seam; browser startup remains owned by WasmRuntimeProvider.
A,tests/e2e/assessment_attempt_expiry_oracle.sql,test,full-source,good,"Creates a released timed assessment, saves a response, invokes the expiry worker, and proves finalized response, submission, and grading records remain connected."
A,tests/e2e/assessment_duration_accommodation_oracle.sql,test,full-source,good,"Pins the student-duration calculation including normal, fractional multiplier rounding, and the 24-hour maximum."
A,tests/e2e/assessment_resume_expiration_oracle.sql,test,full-source,good,Exercises resumption after expiry and verifies the expired attempt cannot be revived into a second valid submission.
A,tests/e2e/assessment_saved_response_oracle.sql,test,full-source,refine,"Covers meaningful saved-response ordering, authorization, and finalization behavior, but its 1,319-line all-in-one SQL fixture repeats extensive setup and obscures independently valuable regressions."
A,tests/e2e/e2e_assessment_attempt_expiry.sh,test,full-source,good,Runs the expiry SQL proof in a disposable database and checks its explicit success receipt.
A,tests/e2e/e2e_assessment_duration_accommodation.sh,test,full-source,good,Runs the duration accommodation SQL oracle against its temporary database.
A,tests/e2e/e2e_assessment_resume_expiration.sh,test,full-source,good,Runs the resume-expiration SQL lifecycle oracle under a disposable database.
A,tests/e2e/e2e_assessment_saved_response.sh,test,full-source,good,Runs the saved-response transactional oracle under the normal schema install path.
M,tests/e2e/e2e_live_demo_course_instance.sh,test,full-source,good,Creates and verifies a Course Instance through the live demo's owned startup and gateway receipts.
M,tests/e2e/e2e_ribbon_app_component.mjs,test,full-source,refine,"Useful render/route semantics are mixed with broad regex inspection of CSS and exact presentational markup, making a component contract a permanent implementation lock."
M,tests/fixtures/published_question/fixture_set.json,test,full-source,good,"Defines a coherent published peptide question fixture, attempts, issued revisions, grading, and asset checksums."
M,tests/playwright/e2e_live_demo_course_seed_browser.mjs,test,full-source,good,"Checks seeded Course, roster, attempt, Assessment workspace, and Gradebook display while excluding internal assessment identity from student-visible content."
M,tests/playwright/e2e_live_demo_instructor_accounts_browser.mjs,test,full-source,good,Exercises visible Instructor account creation and deactivation in the live demo.
M,tests/playwright/fast_ui_route_composition.mjs,test,full-source,bad,"Broad browser route-composition evidence covers Gradebook, Question Library, pool review, sorting, density, workflow exposure, and browser errors, but exceeds the source-file size gate."
M,tests/playwright/helper_record_list_harness.mjs,test,full-source,good,"Builds RecordList browser evidence with theme tokens, a controlled harness mount, typography probes, and collected errors."
M,tests/playwright/record_list_contracts.mjs,test,full-source,refine,"Extensive durable RecordList browser contracts cover semantic content, retained loading/error rows, controls, selection, image fallback, and responsive visibility."
M,tests/playwright/ribbon_narrow_routed_shell.mjs,test,full-source,good,"Exports narrow-shell, text-enlargement, disclosure, essential-content, and tooltip assertions."
M,tests/playwright/ribbon_profile_menu_contract.mjs,test,full-source,refine,"Large browser/source contract checks profile-menu radius hierarchy, action emphasis, label/value grid, and related Ribbon presentation constraints."
M,tests/playwright/ribbon_shell_contract.mjs,test,full-source,good,"Browser contract covers shell geometry plus assessment, roster, student-view, and classification workflows."
M,tests/playwright/screenshot_corpus/hotspot_workflow.ts,test,full-source,good,"Authors a disposable HOTSPOT, locates its delivered public presentation, exercises pointer/keyboard input, saves/reloads, and submits it."
M,tests/playwright/screenshot_corpus/scenarios_student.ts,test,full-source,good,Defines Student live-demo scenarios for course entry and assessment workflows.
M,tests/playwright/screenshot_corpus/scenarios_student_progress.ts,test,full-source,good,Defines Student coursework/progress states and captures them via visible course navigation.
M,tests/playwright/screenshot_corpus/scenarios_student_types.ts,test,full-source,good,Exercises Student assessment interaction type states for corpus capture.
M,tests/playwright/screenshot_corpus/scenarios_sysadmin.ts,test,full-source,good,Defines Sysadmin account and scoped-roster captures through MFA-protected visible workflows.
M,tests/playwright/screenshot_corpus/screenshot_image.ts,test,full-source,good,Captures PNG pixels in memory and writes text-optimized WebP with defensive dimension parsing.
M,tests/playwright/screenshot_corpus/visible_workflows.ts,test,full-source,good,Centralizes seeded visible persona/course/assignment navigation and bounded local-demo Sysadmin MFA.
M,tests/playwright/student_course_entry_m6_evidence.mjs,test,full-source,good,"Exercises Student course list, cross-course home, landing, assessment routes, keyboard navigation, responsive fit, and serious/critical axe violations."
A,tests/playwright/test_alignment_dividers.mjs,test,full-source,good,"Measures rendered Question Library grouping, alignment, dividers, and absence of decorative containers."
A,tests/playwright/test_assessment_attempt_delivery.mjs,test,full-source,good,Mounts shipped Attempt page with API harness and verifies delivered prompt remains answer-free plus timed delivery messaging.
A,tests/playwright/test_assessment_student_time.mjs,test,full-source,good,Verifies Instructor per-Student time multiplier workflow and optimistic edit-number sequence.
A,tests/playwright/test_bloom_classification_workflow.mjs,test,full-source,good,"Exercises Bloom sorting, save conflict/reload, and library filter requests in a browser harness."
A,tests/playwright/test_course_entry_banner.mjs,test,full-source,good,Checks responsive Course banner geometry and Sysadmin Instructor-account approval/search/list workflows.
A,tests/playwright/test_course_instance_delivery.mjs,test,full-source,good,"Checks assessment delivery dates/status, calculated-duration override persistence, and release-readiness explanations."
A,tests/playwright/test_dashboard_islands.mjs,test,full-source,good,Measures rendered template/library surfaces against the documented flat-workspace visual rule.
A,tests/playwright/test_dense_page_scan.mjs,test,full-source,good,"Measures Library and roster scan rows for repeated visible information, alignment, compact height, dividers, and non-gallery treatment."
A,tests/playwright/test_distinct_object_cards.mjs,test,full-source,good,Verifies group containers stay flat while actual facet/tag interactions retain earned rounded affordances.
A,tests/playwright/test_group_spacing.mjs,test,full-source,good,Measures meaningful spacing in Library filters/results/records and roster/tool sections.
A,tests/playwright/test_readable_groups.mjs,test,full-source,good,Checks readable grouping and alignment in Assessment Templates and Library classification/record/Bloom sections.
A,tests/playwright/test_region_sizing.mjs,test,full-source,good,"Verifies Library scroll region, compact template empty state, and WebWork preview resize handling."
A,tests/playwright/test_screen_space.mjs,test,full-source,good,Measures that Library and roster layouts devote rendered space to content rather than padding/empty regions.
A,tests/playwright/test_student_assessment_presentation.mjs,test,full-source,good,"Covers Student presentation data, time-zone rendering, responsive controls, and interactive question types including keyboard/touch matching."
A,tests/playwright/test_teaching_content_central.mjs,test,full-source,good,Measures Question inspection and Draft authoring layouts to keep teaching prompt/editor central.
A,tests/playwright/test_teaching_task_pages.mjs,test,full-source,good,Checks teaching-task page composition through rendered workflow/page geometry.
A,tests/playwright/test_visual_consistency.mjs,test,full-source,good,Checks shared rendered visual conventions across relevant page surfaces.
A,tests/support/assessment_attempt_delivery_harness.tsx,test,full-source,good,Mounts the shipped Student Attempt page with a narrowly shaped application API for delivery evidence.
A,tests/support/bloom_classification_workflow_harness.tsx,test,full-source,good,"Exercises shipped assessment-question and library browse surfaces with fixed Bloom facts, recorded saves, and recorded searches."
A,tests/support/blueprint_incorporation_harness.tsx,test,full-source,good,Provides deterministic mother/daughter Blueprint and assessment-apply data while mounting production workflow pages.
A,tests/support/course_entry_banner_harness.tsx,test,full-source,good,Mounts real student course entry with a controlled banner fetch and course scope projection.
A,tests/support/instructor_account_approval_harness.tsx,test,full-source,good,Mounts the shipped Instructor Accounts page through a real HTTP client backed by a recorded in-memory fetch transport.
A,tests/support/region_sizing_harness.tsx,test,full-source,good,Mounts the opaque WebWork preview frame used for region-sizing evidence.
M,tests/support/ribbon_design_fixture.tsx,test,full-source,good,"Renders both named design treatments, all schema/specimen models, glyph atlas, and all course themes through real AppRibbon instances."
M,tests/support/ribbon_shell_harness.tsx,test,full-source,good,"Provides a broad current-source application-shell seam with real App/ApplicationShell routes, typed API projections, deferred session/scope control, and render disposal."
M,tests/support/student_course_entry_m6_harness.tsx,test,full-source,good,"Mounts the shipped Student Course entry route with fixed assessment timing, held/bonus/released cases, course summary data, and route history."
M,tests/test_assessment_attempt_history_decoder.mjs,test,full-source,good,"Exercises a strict untrusted-JSON decoder with accepted values plus malformed, extra, or confidential-field rejection cases. Its named scenario is ""backend answer review accepts only availability and derives its authorized route""."
M,tests/test_assessment_attempt_navigation.mjs,test,full-source,refine,"Exercises route, presentation, or navigation behavior through the public pure/SSR boundary and asserts its observable result. Its named scenario is ""Author-supplied JavaScript is isolated from PLE application state, credentials, and privileged browser context""."
M,tests/test_assessment_duration.mjs,test,full-source,refine,Whole-minute serialization and non-rounding display are useful contracts. Remove legacy-second repair expectations with the foundational pre-production duration correction; tests must not make compatibility state permanent.
M,tests/test_assessment_summary_policy_decoder.mjs,test,full-source,good,"Exercises a strict untrusted-JSON decoder with accepted values plus malformed, extra, or confidential-field rejection cases. Its named scenario is ""Question Library Assessment decoder propagates strictness into nested policies""."
M,tests/test_assessment_template_client.mjs,test,full-source,good,"Exercises an API client against a recording fetch boundary, asserting request method/path/cache/credentials or payload plus strict response decoding. Its named scenario is ""Assessment Template client uses the closed private CRUD transport and replacement ETags""."
M,tests/test_assessment_template_settings_model.mjs,test,full-source,good,"Exercises deterministic client-side domain state transitions and invalid-state handling without external services. Its named scenario is ""Quiz and Exam Template drafts and payloads impose exactly one Attempt""."
M,tests/test_assignment_client.mjs,test,full-source,good,"Exercises an API client against a recording fetch boundary, asserting request method/path/cache/credentials or payload plus strict response decoding. Its named scenario is ""Course Assessment rows require exact due and Instructor-zone display facts""."
M,tests/test_assignment_workspace_questions.mjs,test,full-source,good,"Workspace tests protect immutable Pool/fixed-entry identity through sorting, adding, removal, availability, policy save, score edits, and canonical pasted IDs."
M,tests/test_base_assignment_policy_autosave_model.mjs,test,full-source,good,"Exercises deterministic client-side domain state transitions and invalid-state handling without external services. Its named scenario is ""Base Assessment Policy invalid drafts remain visible and block Release""."
M,tests/test_blueprint_course_client.mjs,test,full-source,refine,"Exercises an API client against a recording fetch boundary, asserting request method/path/cache/credentials or payload plus strict response decoding. Its named scenario is ""Blueprint discovery decoder accepts 250 rows and rejects 251""."
M,tests/test_blueprint_course_model.mjs,test,full-source,refine,"Exercises deterministic client-side domain state transitions and invalid-state handling without external services. Its named scenario is ""new Blueprint Assessment working state keeps answer-bearing feedback private""."
A,tests/test_blueprint_instructor_browse.py,test,full-source,refine,"The tests detect whether SQL list functions retain public and archived visibility semantics, but do so through regex/source text rather than executing the SQL contract."
M,tests/test_blueprint_search_return.mjs,test,full-source,good,"Exercises a concrete product contract or presentation behavior with direct assertions over the imported implementation. Its named scenario is ""an owner returning from public search keeps that result page""."
M,tests/test_change_scope.py,test,full-source,good,Behavior-level tests ensure edits rebuild only the appropriate live components.
M,tests/test_content_classification_client.mjs,test,full-source,good,"Exercises an API client against a recording fetch boundary, asserting request method/path/cache/credentials or payload plus strict response decoding. Its named scenario is ""classification decoding makes a retired Discipline explicit""."
A,tests/test_course_retention_ferpa.py,test,full-source,refine,"The source-level SQL checks document important FERPA retention boundaries, but matching DDL text can pass while the database behavior is wrong or change with a harmless query rewrite."
M,tests/test_course_theme_scope.mjs,test,full-source,good,"Theme tests calculate contrast from shipped palette values, fail closed on unknown IDs, preserve banner treatment, and verify biome catalog surface distinctions."
M,tests/test_frontend_contract.mjs,test,full-source,refine,"Most tests use imported client models or SSR renderers for real frontend contracts, but several assert source-file text/absence patterns and component names that are more brittle than user behavior."
M,tests/test_instructor_account_decoder.mjs,test,full-source,refine,"Exercises a strict untrusted-JSON decoder with accepted values plus malformed, extra, or confidential-field rejection cases. Its named scenario is ""Sysadmin list carries only the viewer display zone outside closed target summaries""."
M,tests/test_library_classification_search.mjs,test,full-source,refine,"Exercises a concrete product contract or presentation behavior with direct assertions over the imported implementation. Its named scenario is ""Library Objects share the Discipline Subject Topic Subtopic and Tag vocabulary""."
M,tests/test_library_watch_notification_client.mjs,test,full-source,refine,"Exercises an API client against a recording fetch boundary, asserting request method/path/cache/credentials or payload plus strict response decoding. Its named scenario is ""Library Watch inbox returns every discriminated event shape privately""."
M,tests/test_live_assignment_release_validation.mjs,test,full-source,refine,"Exercises a concrete product contract or presentation behavior with direct assertions over the imported implementation. Its named scenario is ""Course Instance delivery keeps Students, deadlines, release, and attempt settings""."
M,tests/test_live_demo_target.py,test,full-source,refine,"The target tests defend closed deployment-profile topology and manifest semantics, yet several validate rendered YAML through textual forbidden-token checks rather than the deployment runtime or structured schema."
M,tests/test_nested_identity_contracts.mjs,test,full-source,refine,"Exercises a concrete product contract or presentation behavior with direct assertions over the imported implementation. Its named scenario is ""Recovery selection requires branded Course Instance and Assessment Attempt IDs""."
A,tests/test_no_future_imports.py,test,full-source,good,Current-interpreter policy avoids obsolete future imports.
M,tests/test_ple_question_json_authoring.mjs,test,full-source,refine,"Exercises authoring or response behavior with concrete edits, validation states, and observable outputs. Its named scenario is ""image upload sends raw raster bytes and a source precondition, accepting only measured closed facts""."
M,tests/test_public_navigation.mjs,test,full-source,good,"Exercises route, presentation, or navigation behavior through the public pure/SSR boundary and asserts its observable result. Its named scenario is ""human route IDs are canonical, typed, and bounded""."
A,tests/test_question_library_archive_workflow.mjs,test,full-source,refine,"Exercises a concrete product contract or presentation behavior with direct assertions over the imported implementation. Its named scenario is ""With 13,000 Questions in Neil's first course, manually archiving Questions is unlikely to be a useful primary workflow.""."
M,tests/test_question_picker.mjs,test,full-source,refine,"Exercises authoring or response behavior with concrete edits, validation states, and observable outputs. Its named scenario is ""Question Picker preserves public Question ID order and safe row metadata""."
M,tests/test_question_pool_creation_client.mjs,test,full-source,good,"Exercises an API client against a recording fetch boundary, asserting request method/path/cache/credentials or payload plus strict response decoding. Its named scenario is ""Question Pool creation sends explicit metadata and attested ordered pins with an Edit Number 1 receipt""."
M,tests/test_question_pool_metadata.mjs,test,full-source,good,"Exercises a concrete product contract or presentation behavior with direct assertions over the imported implementation. Its named scenario is ""Pool list retains independent metadata and current Pool identity""."
M,tests/test_question_response_controls.mjs,test,full-source,refine,"Exercises authoring or response behavior with concrete edits, validation states, and observable outputs. Its named scenario is ""invalid input is locally checked and issues no save request""."
M,tests/test_question_watch_client.mjs,test,full-source,good,"Watch-client tests enforce the self-only no-store endpoint, boolean-only watcher disclosure, subscription language, and private Instructor watch-list rendering."
M,tests/test_record_list_reorder.mjs,test,full-source,refine,Exercises a concrete product contract or presentation behavior with direct assertions over the imported implementation.
M,tests/test_ribbon_contract.mjs,test,full-source,good,"Ribbon tests preserve fail-closed routes, role ceiling/admission, fixed owner-approved task rows, generic Profile access, Course-aware Student navigation, and canonical breadcrumbs."
M,tests/test_ribbon_route_contract.mjs,test,full-source,refine,"Route topology/home tests exercise exported contracts, but the upload-capability test recursively inventories source files and asserts a fixed filename allowlist plus source regexes."
D,tests/test_student_assessment_presentation.mjs,coordinator deletion review,full baseline source,neutral,"Removed SSR/presentation checks covered entry counting, duration and viewer-zone formatting. Reviewed complete baseline source; deletion is not runtime evidence or automatic grounds to restore legacy-duration assertions."
M,tests/test_student_course_response_stats.mjs,test,full-source,good,"Exercises a concrete product contract or presentation behavior with direct assertions over the imported implementation. Its named scenario is ""Response Stats accepts exact revisions, disclosed counts, and ranked results""."
M,tests/test_student_coursework_presentation.mjs,test,full-source,good,"Exercises a concrete product contract or presentation behavior with direct assertions over the imported implementation. Its named scenario is ""Coursework display distinguishes resumable, non-resumable unfinished, and completed work""."
M,tests/test_student_progress.mjs,test,full-source,good,"Exercises a concrete product contract or presentation behavior with direct assertions over the imported implementation. Its named scenario is ""Student progress is exact, key-free, and never accepts withheld totals""."
A,tests/test_student_signup_reset.py,test,full-source,refine,"The tests express correct reset/restore data-lifecycle intent, but regex extraction and SQL token assertions verify implementation text rather than database results."
M,tests/test_student_time_zone.mjs,test,full-source,good,"Exercises a concrete product contract or presentation behavior with direct assertions over the imported implementation. Its named scenario is ""Account Settings uses one self-only no-store GET and PUT contract""."
A,tests/test_sysadmin_course_inspection.mjs,test,full-source,good,"Exercises a concrete product contract or presentation behavior with direct assertions over the imported implementation. Its named scenario is ""sysadmin installation course inspection shows instructor and status""."
