path,area,change,assessment,depth,note,evidence,traced_files,uncertainty,snapshot_sha256,current_sha256,baseline_diff_sha256,drift
crates/learning-data-access/src/archived_student_work_recovery.rs,Schema and data access,M,good,Traced archived JSON snapshot decoding through AttemptFacts and the assessment-policy snapshot producer.,"AttemptFacts now retains feedback_hints and feedback_worked_solutions with the other immutable assessment-policy fields. This is a narrow archival-schema continuation: recovery serializes/deserializes the policy snapshot rather than reconstructing present settings, so a recovered attempt can retain the two release rules that governed it. It does not expose teaching text or change recovery authorization.",archived_student_work_recovery.rs:83-103 AttemptFacts; crates/learning-data-access/src/postgres/assessment_workspace_save.rs:22-42 feedback_rule_values serialization; crates/learning-data-access/tests/blueprint_course_postgres/append.rs:99-105 snapshot columns,crates/learning-data-access/src/archived_student_work_recovery.rs; crates/learning-data-access/src/postgres/assessment_workspace_save.rs; crates/learning-data-access/tests/blueprint_course_postgres/append.rs,Static review only; recovery execution and historical snapshot migration were not run.,3e3462ece7214ac565c30387d4377b6bceb61a209c10574c98e31bb802104860,3e3462ece7214ac565c30387d4377b6bceb61a209c10574c98e31bb802104860,8f64bd63092ff89b8cd8ce000a82950a5c053f16c13caf462d72267828513afe,unchanged
crates/learning-data-access/src/assessment_delivery.rs,Schema and data access,M,good,Followed private history evidence into the server disclosure projection and the PostgreSQL history reader.,"The added CourseClassAnalysis stays non-serializable in StudentAssessmentAttemptHistoryEvidence, while class_statistics is an optional browser field. Hints and worked_solution likewise cross the store boundary as private revision support and are assigned only by server history projection after independent release decisions. The current PostgreSQL reader deliberately supplies None for class analysis; per audit scope that is excluded as incomplete wiring, not a defect.","assessment_delivery.rs:70-95 StudentAssessmentAttemptHistory/CourseClassAnalysis; assessment_delivery.rs:160-200 evidence and response source; crates/server/src/assessment_delivery/history.rs:74-87,151-215 disclosure; postgres/assessment_delivery_history.rs:108-140",crates/learning-data-access/src/assessment_delivery.rs; crates/server/src/assessment_delivery/history.rs; crates/learning-data-access/src/postgres/assessment_delivery_history.rs; crates/domain/src/student_feedback_release.rs,The aggregate provider is intentionally absent from this current reader; no runtime disclosure path was exercised.,38787d826ede3d635a7d68fce16ade17acb81a012d51e76f96cede2f4ac0b110,38787d826ede3d635a7d68fce16ade17acb81a012d51e76f96cede2f4ac0b110,986b2796d14163811eebcc7392f4ac760b6188ffbb920130f42efa4a55017393,unchanged
crates/learning-data-access/src/assessment_release.rs,Schema and data access,M,good,Traced AuthoredAssessmentQuestion construction and current-title readers used by assessment editing.,"Adding question_title to AuthoredAssessmentQuestion supplies recognition text beside the immutable published revision tuple. The tuple remains the assessment's pin and title is explicitly current lineage metadata, so a rename cannot silently alter retained question content. This follows the same supplemental-recognition ownership used for Blueprint recognition maps instead of duplicating a mutable title into the saved assessment.",assessment_release.rs:219-229 AuthoredAssessmentQuestion; crates/learning-data-access/src/postgres/assessment_workspace.rs:120-181 authored question decoding; blueprint_course.rs:519-530 RecognitionTitles,crates/learning-data-access/src/assessment_release.rs; crates/learning-data-access/src/blueprint_course.rs,Static contract trace; browser rendering of the title was not reviewed. Reviewer cross-references not resolved to current files: crates/learning-data-access/src/postgres/assessment_workspace.rs. These references are not verified trace evidence.,da4cb2f0dcc4c36ce65216b88045c32435f5624051480b65576757e0e490c500,da4cb2f0dcc4c36ce65216b88045c32435f5624051480b65576757e0e490c500,b6e9faaf8dab64fa8606fa6fe021f7beb6a4dcb80048baf70bd7a060c87ab14e,unchanged
crates/learning-data-access/src/authentication_ceremony.rs,Schema and data access,M,good,Traced PasswordlessLoginMethod through server session issuance and retained Sysadmin TOTP contracts.,"passwordless_primary_account is a closed role/method gate: only Student and Instructor EmailCode or Passkey results become AuthenticatedAccount; a Sysadmin result returns None. crates/server/src/auth.rs:321-327 calls it immediately before issue_session, so it constrains the actual primary-session path while leaving the existing PendingSysadminTotpAttestation path responsible for Sysadmin completion.","authentication_ceremony.rs:122-155 AuthenticatedAccount/passwordless_primary_account; authentication_ceremony.rs:353-462 SysadminTotpStore; crates/server/src/auth.rs:18-23,321-327",crates/learning-data-access/src/authentication_ceremony.rs; crates/server/src/auth.rs; crates/learning-data-access/src/session.rs,Email and passkey credential verification itself is outside this helper and was not dynamically exercised.,f2e81015c268f855347aaad784b512cf275d5c49ba2f0dad7bbfe9bcec531443,f2e81015c268f855347aaad784b512cf275d5c49ba2f0dad7bbfe9bcec531443,ca533071773cc98bc2f0fa4eaad73a1e8eca14339b47c6f41ebe827f8c683edf,unchanged
crates/learning-data-access/src/authentication_email.rs,Schema and data access,M,good,"Traced parsing, IDNA normalization, roster validation, and account-resolution inputs.","require_institutional_student_domain centralizes the current .edu admission rule on the normalized full host; it rejects university.edu.example and returns a distinct error. CourseRosterImportInput parses first and invokes that method before producing normalized_email, so the same canonical lookup key is used for duplicate detection and the PostgreSQL roster import rather than comparing raw delivery spellings.",authentication_email.rs:15-80 AuthenticationEmail::parse/domain/require_institutional_student_domain; course_roster.rs:44-111 validated_entries/is_institutional_student_email; postgres/course_roster.rs:77-112 import_course_roster bindings,crates/learning-data-access/src/authentication_email.rs; crates/learning-data-access/src/course_roster.rs; crates/learning-data-access/src/postgres/course_roster.rs,The policy intentionally defines institutional eligibility as .edu; whether that is sufficient for the institution is a product-policy decision.,c3104386a818182cb813ecab0e80a7dcac559b9d2358df5d5143391f65d574ad,c3104386a818182cb813ecab0e80a7dcac559b9d2358df5d5143391f65d574ad,6ec09cf59a08a6995cfdfa6581dc7409c6960a2eaa15b8f1f5a1d50432a468ec,unchanged
crates/learning-data-access/src/authoring.rs,Schema and data access,M,good,Followed draft support fields through PostgreSQL save/load and the server's present-vs-null request decoding.,"AuthoringDraft and SaveAuthoringDraftGeneralFeedbackInput distinguish support replacement from an ordinary feedback save with replace_support. The server accepts both hint and workedSolution together, maps explicit null to clearing, and passes the existing expected_edit_number. PostgreSQL binds those values to one save procedure, preserving the draft edit-number ownership and keeping authored support separate from source parsing.","authoring.rs:15-38 AuthoringDraft; authoring.rs:95-106 SaveAuthoringDraftGeneralFeedbackInput; postgres/authoring.rs:211-226,279-293; crates/server/src/authoring.rs:149-177,548-575",crates/learning-data-access/src/authoring.rs; crates/learning-data-access/src/postgres/authoring.rs; crates/server/src/authoring.rs; schemas/base_schema/50_functions/question_authoring_operations.sql,"The SQL procedure's full publication-copy path was reviewed only as an adjacent producer, not executed.",3caf405018f72836377ca09f3d3ada0550c03884935931853869fa2d92229797,3caf405018f72836377ca09f3d3ada0550c03884935931853869fa2d92229797,ccc9b948ba0686a8a666ec3d2f0c41d27d7bd69e7a8d5d2a107815fe32ffa143,unchanged
crates/learning-data-access/src/blueprint_course.rs,Schema and data access,M,good,Traced the added tag filter and RecognitionTitles contract into the PostgreSQL recognition reader and server callers.,"BlueprintCourseListRequest adds one exact tag field without changing classification UUID filtering. RecognitionTitles holds current question/pool names in maps keyed by durable IDs and its contract says they are omitted from saved Blueprint documents. Postgres load_recognition_titles binds complete ID arrays and omits unknown lineages, so titles remain a recognition projection rather than mutable Blueprint Revision content.","blueprint_course.rs:69-86 BlueprintCourseListRequest; blueprint_course.rs:519-548 RecognitionTitles/load_recognition_titles; postgres/blueprint_course/recognition.rs:11-35,103-118",crates/learning-data-access/src/blueprint_course.rs; crates/learning-data-access/src/postgres/blueprint_course/recognition.rs; crates/server/src/blueprint_course.rs,"Exact tag matching semantics depend on the SQL list implementation, reviewed as a call boundary only.",bb2012c7abcad3b61fa7359f76d7586cb57ce607132df6e2bbc9bc1bff66c7bd,bb2012c7abcad3b61fa7359f76d7586cb57ce607132df6e2bbc9bc1bff66c7bd,e7615e2fb3c62175dbc59a69284b3107e2020f5d5397fa3b16a6e83d21d76ee6,unchanged
crates/learning-data-access/src/content_classification.rs,Schema and data access,M,refine,Traced subject creation and discipline-request contracts through Postgres procedures and content-classification routes.,"The split between request_discipline and resolve_discipline_request correctly avoids giving requesters creation authority, and ContentSubjectCreation makes an existing global subject require explicit association acceptance. But the trait exposes only a standalone resolve command: it cannot make Sysadmin discipline creation and request resolution one transaction. A duplicate or stale open request can therefore remain after a separately successful create; the owning SQL/API should offer one idempotent fulfill transition.",content_classification.rs:20-25 ContentSubjectCreation; content_classification.rs:137-154 ContentDisciplineRequestStore; postgres/content_classification.rs:438-500 request/list/resolve; crates/server/src/content_classification.rs:191-245,crates/learning-data-access/src/content_classification.rs; crates/learning-data-access/src/postgres/content_classification.rs; crates/server/src/content_classification.rs; schemas/base_schema/50_functions/content_classification_operations.sql,A separate unassigned fulfillment procedure could exist outside the inspected route wiring; no such trait-level atomic command was found.,897a307e3444288c668bc77a1f1731a8a36656d0e8a6edf87618c8cb3eeb0bd1,897a307e3444288c668bc77a1f1731a8a36656d0e8a6edf87618c8cb3eeb0bd1,422325fb14572b1139d2450a2248334a42be3aac3826bca36242ca423140aa57,unchanged
crates/learning-data-access/src/contracts/store_error.rs,Schema and data access,M,good,Traced diagnostic_kind consumers in request and background-worker error logging.,"StoreError::diagnostic_kind maps every variant to a fixed label and deliberately does not expose InvalidRecord or Unavailable payload text. Server logging in assessment context, expiry work, and retention work uses that label, so the change fixes diagnostic classification at the shared error boundary without creating another error taxonomy or leaking identifiers, response data, or answers.",contracts/store_error.rs:5-52 StoreError/diagnostic_kind; crates/server/src/assessment_delivery/context.rs:41-46; crates/server/src/worker.rs:174-179; crates/server/src/course_retention_worker.rs:80-118,crates/learning-data-access/src/contracts/store_error.rs; crates/server/src/assessment_delivery/context.rs; crates/server/src/worker.rs; crates/server/src/course_retention_worker.rs,Only static call sites were inspected; log retention and sink configuration were outside scope.,c9498160f4f80f0793400bab0591ebe1e6a6549b1cf2cc893c8faf27681a83c3,c9498160f4f80f0793400bab0591ebe1e6a6549b1cf2cc893c8faf27681a83c3,2035e38f333e298579017c4138f3acf89b0a11a4d53145841e25b0318047e699,unchanged
crates/learning-data-access/src/course_instance.rs,Schema and data access,M,good,Traced installation inspection projections through Postgres bounded reads and server administrative routes.,"InstallationCourseInspection separates course activity from retention lifecycle and limits the Sysadmin projection to public course identity, term, and verified Instructor display names. InstallationCoursePage makes truncation explicit. The Postgres implementation reads 251 rows, returns 250 plus truncated, and SQL derives Sysadmin authority, preventing this convenience browse contract from becoming a student-record or roster-count export.","course_instance.rs:95-135 lifecycle and inspection types; course_instance.rs:249-261 store methods; postgres/course_instance.rs:30-38,392-415; schemas/base_schema/50_functions/course_operations.sql: current_session_account_is_sysadmin",crates/learning-data-access/src/course_instance.rs; crates/learning-data-access/src/postgres/course_instance.rs; crates/server/src/course_instance.rs; schemas/base_schema/50_functions/course_operations.sql,Query matching and canonical-ID validation remain SQL-owned; no database execution was performed.,a9e5e09caaf9f4db2e7a2e7a39c923a71ad3de5271bb396ebf2877353cf33969,a9e5e09caaf9f4db2e7a2e7a39c923a71ad3de5271bb396ebf2877353cf33969,93e183c511df6e94df0dd495d3b972f9496f09839ca988de994a982591bb6564,unchanged
crates/learning-data-access/src/course_roster.rs,Schema and data access,M,refine,Traced roster entry validation into PostgreSQL import/reset/restore commands and invitation dispatch data.,"The new reset and restore contracts keep email as attended-mailer delivery data and roster_id as course-local identity; input normalization is also centralized through AuthenticationEmail. However, import_course_roster accepts only a replacement entry list and calls ple_api.import_course_roster without a source version/checksum or expected roster edit number. The confirmed member-import source-CAS gap permits an Instructor to submit a stale imported roster after another roster mutation, with no ownership-level conflict signal.",course_roster.rs:44-111 validated_entries; course_roster.rs:140-187 reset/restore trait methods; postgres/course_roster.rs:77-125 import_course_roster; postgres/course_roster.rs:173-218 reset/restore; schemas/base_schema/50_functions/course_roster.sql: import_course_roster,crates/learning-data-access/src/course_roster.rs; crates/learning-data-access/src/postgres/course_roster.rs; crates/server/src/course_roster.rs; schemas/base_schema/50_functions/course_roster.sql,The precise intended roster-import source authority is not represented in this Rust input; finding is limited to the absent CAS contract.,084f2311a4f7bd0b137ffa1d69931c221c66c31ab6c20ba94fee6b038a170608,084f2311a4f7bd0b137ffa1d69931c221c66c31ab6c20ba94fee6b038a170608,70459facfb83c578a41f9b4b9256c178825d56f1e3d5dfec9d76e4f2c626c92b,unchanged
crates/learning-data-access/src/instructor_account.rs,Schema and data access,M,good,Traced browse constraints through the PostgreSQL list implementation and both Sysadmin list route call shapes.,"InstructorAccountBrowse makes query, state, cursor, and permitted page size explicit, and InstructorAccountList returns a next_cursor based on AccountId. The browser-safe row still omits the searchable email/name. Server routes construct the browse value rather than trusting arbitrary SQL, while Postgres normalizes query/page size before executing its Sysadmin-authorized procedure; this preserves minimal cross-account disclosure.","instructor_account.rs:41-63 InstructorAccountList/Browse; instructor_account.rs:176-184 list_instructor_accounts; postgres/instructor_account.rs:76-130 normalize and query; crates/server/src/instructor_account.rs:67-76,117-126",crates/learning-data-access/src/instructor_account.rs; crates/learning-data-access/src/postgres/instructor_account.rs; crates/server/src/instructor_account.rs,The all-rows None page_size option is intentional API behavior but may need product-scale limits later. Reviewer cross-references not resolved to current files: schemas/base_schema/50_functions/instructor_accounts.sql. These references are not verified trace evidence.,ae30325ffdb623edd62501a023ab346b99682d534fa7f34bcd4aa59deefc3adb,ae30325ffdb623edd62501a023ab346b99682d534fa7f34bcd4aa59deefc3adb,c6c90f4b3140fbbb61bb395f7c179441917b8817115d419739612ba14b692ee1,unchanged
crates/learning-data-access/src/lib.rs,Schema and data access,M,neutral,Checked each added module declaration/re-export against its implementation and server composition consumer.,"lib.rs exposes the newly added contracts at the one data-access boundary: class-analysis evidence, passwordless method gate, recognition titles, classification requests, installation browse, roster resets, Pool support, and Starred pagination. The re-exports do not implement authority themselves; their value is that server composition can depend on typed stores instead of private modules. The added Pool support export makes its stale-write weakness reachable but does not cause it.","lib.rs:51-60 module declarations; lib.rs:92-106,136-145,190-200,225-230,288-293 re-exports; crates/server/src/composition.rs:71-80,188-196",crates/learning-data-access/src/lib.rs; crates/server/src/composition.rs; crates/learning-data-access/src/question_pool_support.rs,This is a facade file; semantic correctness depends on the individual exported owners.,e42c5538c08cd925ec4b5c1c69863d9780754c8cbf9e616665bfa5bce5f4d88d,e42c5538c08cd925ec4b5c1c69863d9780754c8cbf9e616665bfa5bce5f4d88d,11a9e46fdc4614423844d1e7a20a0807cd02a3cf9c67efd66a3f651178cb8f2d,unchanged
crates/learning-data-access/src/library_watch_notification.rs,Schema and data access,M,good,"Traced MembersChanged decoding, target validation, and browser event encoding.","LibraryWatchActivity::MembersChanged carries only the Pool edit number, avoiding a fabricated Question revision, fork ID, or member list. Postgres accepts the members_changed wire form only with that one positive number and require_pool_membership_target rejects Question targets. The server then maps it to membersChanged, preserving the event's membership-only semantics and keeping Pool support-text edits outside this notification kind.",library_watch_notification.rs:15-43 LibraryWatchActivity; postgres/library_watch_notification.rs:86-105 watch_activity; postgres/library_watch_notification.rs:156-166 target validation; crates/server/src/library_watch_notification.rs:69-103,crates/learning-data-access/src/library_watch_notification.rs; crates/learning-data-access/src/postgres/library_watch_notification.rs; crates/server/src/library_watch_notification.rs,Delivery/inbox fan-out was not executed; conclusion is limited to contract and decoding semantics.,6e8c31c49902f26b77735b996325814243d99f84097f7b782b3419ab3b18f4cf,6e8c31c49902f26b77735b996325814243d99f84097f7b782b3419ab3b18f4cf,b1ad0b340225861f5239bcf5a6e5ad13797c2ba9ac19a1c04a4556e61284aa1d,unchanged
crates/learning-data-access/src/live_student_course_landing.rs,Schema and data access,M,good,Traced the statistics projection through its PostgreSQL row decoder and student landing response construction.,"LiveStudentCourseResponseQuestionStats adds question_title as current lineage recognition data next to the immutable published revision tuple that owns the counts. The existing wording permits an empty title, so a missing current title does not corrupt or suppress historical self-only outcomes. This mirrors assessment and Blueprint recognition ownership without denormalizing a mutable title into student-work evidence.",live_student_course_landing.rs:129-143 LiveStudentCourseResponseQuestionStats; postgres/live_student_course_landing.rs:259-310 stats decoding; crates/server/src/live_student_course_landing.rs:188-241 response construction,crates/learning-data-access/src/live_student_course_landing.rs; crates/learning-data-access/src/postgres/live_student_course_landing.rs; crates/server/src/live_student_course_landing.rs,No visual landing-page review was performed.,e8b7389eb9a29d3af009da9d6ab10d0806ffceeee023f81548e8f187cd1799de,e8b7389eb9a29d3af009da9d6ab10d0806ffceeee023f81548e8f187cd1799de,d0e55a781a2e121b347fb2677a5199776130231821ee362a227cd564fa277be6,unchanged
crates/learning-data-access/src/postgres.rs,Schema and data access,M,refine,Traced newly registered Pool metadata/support stores from facade registration into composition and their SQL transaction boundaries.,"The added registrations correctly place PostgresBulkQuestionPoolSearchMetadataStore and PostgresQuestionPoolSupportStore behind the feature-gated facade, and composition constructs the latter once. Pool membership edits retain their own expected edit-number semantics. Separately, support saves use that unchanged member-list number as their only compare value: two readers can save different support text at the same number, and the later save overwrites the earlier one without Conflict. Support needs its own support-edit token or an atomic full-Pool version.","postgres.rs:113-133 module registration; postgres.rs:223-243 re-exports; crates/server/src/composition.rs:73-80,188-196; question_pool_support.rs:11-58; postgres/question_pool_support.rs:100-128; schemas/base_schema/50_functions/question_pool_support.sql:97-137",crates/learning-data-access/src/postgres.rs; crates/server/src/composition.rs; crates/learning-data-access/src/question_pool_support.rs; crates/learning-data-access/src/postgres/question_pool_support.rs; schemas/base_schema/50_functions/question_pool_support.sql,Finding assumes concurrent support editors are a supported Instructor workflow; the code exposes a normal replace endpoint and provides no contrary serialization contract.,a938ffa5cbaacb4a9d95905fd418c0b05cb96325a92f9121bce26988d06b70ef,a938ffa5cbaacb4a9d95905fd418c0b05cb96325a92f9121bce26988d06b70ef,431372c632df609981ae56bc88ec45dc39b6b1ee30b48f0bbfaea9a50161a809,unchanged
crates/learning-data-access/src/postgres/assessment_delivery_history.rs,Schema and data access,M,neutral,Read the history query/decode transaction and traced its evidence into server history disclosure.,"The decoder initializes the new browser fields to None and explicitly supplies course_class_analysis: None because this reader has no authorized aggregate query. It also initializes per-question hints and worked_solution to None; the server later reads exact response-source support before disclosure. The class-statistics None is intentionally excluded incomplete wiring, while the initialization prevents accidental JSON disclosure from an untrusted row.","postgres/assessment_delivery_history.rs:24-143 read; postgres/assessment_delivery_history.rs:177-198 decode_question; assessment_delivery.rs:160-200 evidence contract; crates/server/src/assessment_delivery/history.rs:74-87,151-215",crates/learning-data-access/src/postgres/assessment_delivery_history.rs; crates/learning-data-access/src/assessment_delivery.rs; crates/server/src/assessment_delivery/history.rs; crates/learning-data-access/src/postgres/assessment_delivery_history_response.rs,Static-only; exact SQL row completeness and aggregate authorization were not exercised.,e59b2254760803835c95ab6266a9a1c14de75ef3595da4deeb29e552b09ba8bc,e59b2254760803835c95ab6266a9a1c14de75ef3595da4deeb29e552b09ba8bc,acf7a54ac46c5abc64bfda0bb8b7850d04dff8315f398741741f028425987f9f,unchanged
crates/learning-data-access/src/postgres/assessment_delivery_history_response.rs,Schema and data access,M,good,full current source and baseline diff; traced history SQL projection and server history assembly,"read now carries the stored hint and worked_solution beside general_feedback into the completed-attempt source. That preserves the evidence boundary: the adapter transports nullable stored support, while assessment_delivery/history.rs decides each field's release timing and native/backend fallback. It neither derives support from a current Question nor releases it itself.",assessment_delivery_history_response.rs:12-59 read; crates/server/src/assessment_delivery/history.rs:245-258 disclosed_revision_support; schemas/base_schema/50_functions/assessment_attempt_history.sql read_student_assessment_attempt_history_response_sources,crates/learning-data-access/src/postgres/assessment_delivery_history_response.rs; crates/server/src/assessment_delivery/history.rs; schemas/base_schema/50_functions/assessment_attempt_history.sql,Static review only; SQL result-column names were traced but no database execution occurred.,67207980fd4eb36ca3b8a1b6f9da9e0a1a62fab7130f30a9a9a762410b14128c,67207980fd4eb36ca3b8a1b6f9da9e0a1a62fab7130f30a9a9a762410b14128c,0355226fd58146be4537aaed9f9eee2af1ef7976e530818d8dc2b5cb0f799790,unchanged
crates/learning-data-access/src/postgres/assessment_release.rs,Schema and data access,M,good,"full changed decoder area, workspace model consumer, and release SQL row contract","decode_workspace adds question_title only when a row represents a fixed published Question. The existing filter_map keeps Pool rows out of AuthoredAssessmentQuestion, so title ownership remains the Question lineage and cannot be fabricated for a Pool. Missing or malformed title still fails row decoding instead of silently changing an authored workspace.",assessment_release.rs:599-695 decode_workspace; crates/learning-data-access/src/assessment_release.rs LiveAssessmentWorkspace/AuthoredAssessmentQuestion; schemas/base_schema/50_functions/assessment_operations.sql workspace reader,crates/learning-data-access/src/postgres/assessment_release.rs; crates/learning-data-access/src/assessment_release.rs; schemas/base_schema/50_functions/assessment_operations.sql,No runtime query was executed; correctness depends on the SQL workspace reader continuing to select question_title.,ffd29217cb59d3b6e5e8bf35e4d1579f5755572a40efe4caff77713e60bda923,ffd29217cb59d3b6e5e8bf35e4d1579f5755572a40efe4caff77713e60bda923,8776ebd30cd5a0b333147e4d2c60d4ec2f3e40c4623b3ce592b73d163336a240,unchanged
crates/learning-data-access/src/postgres/assessment_workspace_policy.rs,Schema and data access,M,good,"full source, policy encoder, domain rule, and delivery decision consumer","feedback_rules extends the closed decoder with hints and worked_solutions, using the same allowlisted timing conversion as every other disclosure field. This is complete policy wiring, not evidence that class statistics must be emitted: assessment delivery explicitly retains class_statistics: None, so that excluded deferred field is not an incomplete-wiring finding.",assessment_workspace_policy.rs:30-71 feedback_timing/feedback_rules; assessment_workspace_save.rs:16-42 feedback_rule_values; crates/learning-data-access/src/postgres/assessment_delivery_history.rs:120 class_statistics: None,crates/learning-data-access/src/postgres/assessment_workspace_policy.rs; crates/learning-data-access/src/postgres/assessment_workspace_save.rs; crates/learning-data-access/src/postgres/assessment_delivery_history.rs; crates/domain/src/student_feedback_release.rs,Static trace; no claim is made that deferred class-statistics output exists.,ff3c0e082f0738ec22e1b50eaab57dbe8329b4ef9e23746f1d8784cf680c2bd2,ff3c0e082f0738ec22e1b50eaab57dbe8329b4ef9e23746f1d8784cf680c2bd2,d7143a87a3598418aee713c6b1767cadd1f5bfbfc8a76f2e45d0a083dc07e1ed,unchanged
crates/learning-data-access/src/postgres/assessment_workspace_save.rs,Schema and data access,M,good,"full source, decoder counterpart, base/live SQL payload consumers, and domain policy","feedback_rule_values expands from six to eight ordered values and both assessment_values_json and base_assessment_policy_values_json name the two new JSON keys. Using a single mapping prevents the base-policy copy path from dropping support timing. The fixed/pool entry serializer is unchanged, retaining exact fixed revision pins and Pool edit-number semantics.","assessment_workspace_save.rs:14-68 feedback_rule_values, assessment_values_json, base_assessment_policy_values_json, entry_json; assessment_workspace_policy.rs:41-71; schemas/base_schema/50_functions/assessment_operations.sql policy JSON validation",crates/learning-data-access/src/postgres/assessment_workspace_save.rs; crates/learning-data-access/src/postgres/assessment_workspace_policy.rs; schemas/base_schema/50_functions/assessment_operations.sql; crates/domain/src/student_feedback_release.rs,Array ordering is locally correct by matching named JSON keys; no SQL execution was run.,3b7691df6da3ee667ebe95107384af4d6a1398fba326fe04c69275365b339e9e,3b7691df6da3ee667ebe95107384af4d6a1398fba326fe04c69275365b339e9e,623b37a6b66b4de7b4e6563bd05de2278a2b22925c59cca70ccac843f6bdd214,unchanged
crates/learning-data-access/src/postgres/authoring.rs,Schema and data access,M,good,"full source, baseline diff, authoring trait/input, and stored procedure contract","save_authoring_draft_general_feedback now forwards hint, worked_solution, and replace_support with the draft CAS edit number, and decode_draft returns the same two stored fields. The replacement flag makes support ownership explicit instead of treating absent fields as accidental clears. The procedure remains the mutation authority and the subsequent load returns its accepted state.",authoring.rs:204-240 save_authoring_draft_general_feedback; authoring.rs:265-294 decode_draft; crates/learning-data-access/src/authoring.rs SaveAuthoringDraftGeneralFeedbackInput; schemas/base_schema/50_functions/question_authoring_operations.sql save_authoring_draft_general_feedback,crates/learning-data-access/src/postgres/authoring.rs; crates/learning-data-access/src/authoring.rs; schemas/base_schema/50_functions/question_authoring_operations.sql; crates/server/src/authoring.rs,Procedure behavior was inspected statically; conflict mapping was not exercised.,a2c87a72ec23f30dc47eb7e2a1f9ec98dde2ee5b63d45d30cd99467d469713f0,a2c87a72ec23f30dc47eb7e2a1f9ec98dde2ee5b63d45d30cd99467d469713f0,461aeed968e5f32e7d358c51128603533c8bd0ae463da1c3dfb5e08c217031dc,unchanged
crates/learning-data-access/src/postgres/blueprint_course.rs,Schema and data access,M,good,"full changed areas, adoption helper, fork/read callers, and SQL save boundary","save_trusted_content delegates daughter append selection to newly_added_assessments, preserving its prior invariant: only new BlueprintAssessmentId values materialize into existing daughter Courses. load_recognition_titles is a narrow read-through. Fixed Questions stay exact tuples under validate_published_question_revision_tuples; Pool membership is governed separately by its Pool edit-number boundary.",blueprint_course.rs:91-144 save_trusted_content; blueprint_course.rs:206-263 load_blueprint_pool_members/load_recognition_titles; blueprint_course.rs:750-815 validate_published_question_revision_tuples; course_blueprint_adoption.rs:75-93,crates/learning-data-access/src/postgres/blueprint_course.rs; crates/learning-data-access/src/postgres/course_blueprint_adoption.rs; crates/learning-data-access/src/postgres/blueprint_course/recognition.rs; schemas/base_schema/50_functions/blueprint_operations.sql,The trusted save caller is assumed to supply prior/current content from its existing locked transaction; no transaction run was performed.,866aa3a70afc1eb3bc2a10891968cbbc7403f3c2f190bb7d96e6a6c50d4d4918,866aa3a70afc1eb3bc2a10891968cbbc7403f3c2f190bb7d96e6a6c50d4d4918,4ebde648c185e0baaa09c70a40aa374ece34e9c0ea627e7f2a8ce231e4006580,unchanged
crates/learning-data-access/src/postgres/blueprint_course/recognition.rs,Schema and data access,A,good,"full new source, trait call site, and recognition SQL function","load_recognition_titles_rows binds two deduplicated, independently bounded ID arrays, then rejects any returned kind, ID, duplicate, or malformed title outside the requested sets. It deliberately permits omitted deleted/unreadable lineages. The SQL function reads current metadata titles while Blueprint documents keep IDs, so recognition text does not become a second editable Blueprint authority.",recognition.rs:13-40 load_recognition_titles_rows; recognition.rs:44-59 bounded_ids; recognition.rs:78-129 recognition_titles/accepted_title; schemas/base_schema/50_functions/recognition_titles.sql:6-58,crates/learning-data-access/src/postgres/blueprint_course/recognition.rs; crates/learning-data-access/src/postgres/blueprint_course.rs; crates/learning-data-access/src/blueprint_course.rs; schemas/base_schema/50_functions/recognition_titles.sql,"The 1,000-ID policy is duplicated in Rust and SQL; static review found them aligned today but future coordinated edits are required.",67f6a42bc0138ff5331257b7ef55aa98ca73aaae6eb191f18e23bbaebcb14539,67f6a42bc0138ff5331257b7ef55aa98ca73aaae6eb191f18e23bbaebcb14539,b84c9013f69a9904b57db0b02a6b47b6507f99a455ddc503d4090d52d30c3ff4,unchanged
crates/learning-data-access/src/postgres/blueprint_course/search.rs,Schema and data access,M,good,"full source, baseline diff, list SQL call, cursor model, and summary decoder","list_discovery_page adds the tag argument after validating its length, controls, and outer-space policy, while retaining sort-specific cursor shape and a limit-plus-one continuation read. The tag is bound rather than assembled into SQL; cursor construction still derives only from decoded returned records, so a client cannot choose a mismatched sort key.","search.rs:10-79 list_discovery_page; search.rs:82-168 acceptable_blueprint_tag, valid_cursor, cursor_position; crates/learning-data-access/src/blueprint_course.rs BlueprintCourseListRequest; schemas/base_schema/50_functions/blueprints.sql list_blueprint_courses",crates/learning-data-access/src/postgres/blueprint_course/search.rs; crates/learning-data-access/src/blueprint_course.rs; schemas/base_schema/50_functions/blueprints.sql; crates/server/src/blueprint_course/list.rs,Static-only pagination review; SQL ordering/tie semantics were not executed against data.,7b6a523aa725b1e1ae69dec55b70bf73bf8a44df7cd86a133ceb335299e21439,7b6a523aa725b1e1ae69dec55b70bf73bf8a44df7cd86a133ceb335299e21439,77d237d5dcec8bfbbb69b95d96342f492822bfdac2a26822c219e47768add499,unchanged
crates/learning-data-access/src/postgres/connection_contract.rs,Schema and data access,M,good,full source and production-pool validation caller; reviewed matching role declarations,"LoginContract adds the public-asset publisher login profile and maps it to the one expected login role. The contract continues to represent direct role membership and SET option separately, which is necessary because setup validation checks the authenticating role rather than trusting a requested application capability. It does not grant privileges itself.",connection_contract.rs:8-46 LoginAuthority/CapabilityAuthority/ExpectedMembership; connection_contract.rs:53-118 LoginContract expected_login/expected_memberships; crates/learning-data-access/src/postgres/connection.rs production-pool contract validation; schemas/base_schema/70_grants.sql role grants,crates/learning-data-access/src/postgres/connection_contract.rs; crates/learning-data-access/src/postgres/connection.rs; crates/learning-data-access/src/postgres.rs; schemas/base_schema/70_grants.sql,No live role catalog was inspected. The reviewed SQL files use intra-file SET LOCAL ROLE owner transitions; that does not support a claim that the helper itself grants API-owner privilege.,7a84421cb1ea4a56ed92df2057683de25b65bed88d2c18349db7bbac083ab6be,7a84421cb1ea4a56ed92df2057683de25b65bed88d2c18349db7bbac083ab6be,da8a6455dab64a3399a8c4634acd8286850d8bb15408f52ee8c87456685c52d7,unchanged
crates/learning-data-access/src/postgres/content_classification.rs,Schema and data access,M,refine,"full source, vocabulary SQL functions, domain traits, and server callers","The new create/accept/request methods correctly bind names and parent UUIDs, read the accepted vocabulary within the same transaction, and leave authorization to SQL. create_subject has a justified two-stage read because a new cross-discipline Subject may not appear in the requested Discipline list. The repeated create_child readback is defensible but procedure return rows would remove this adapter-level recovery branch.","content_classification.rs:99-154 create_child/matching_item; content_classification.rs:193-354 create_subject/accept_subject_discipline/create_topic/create_subtopic; content_classification.rs:438-505 ContentDisciplineRequestStore; schemas/base_schema/50_functions/content_classification_operations.sql:161-287,384-430",crates/learning-data-access/src/postgres/content_classification.rs; crates/learning-data-access/src/content_classification.rs; crates/server/src/content_classification.rs; schemas/base_schema/50_functions/content_classification_operations.sql,"This is a design refinement, not a demonstrated failure; SQL function result shapes could intentionally require the readback.",ca0169e460ba10566143025b2695ee6812c1d0a47c8986e38bb8684544107c5a,ca0169e460ba10566143025b2695ee6812c1d0a47c8986e38bb8684544107c5a,b388c330a6012bac50a726fc3addc0087a8688f8c042295b3bbb74d98eadf941,unchanged
crates/learning-data-access/src/postgres/course_blueprint_adoption.rs,Schema and data access,M,good,"full source, blueprint save caller, materialization SQL payload, and entry model","newly_added_assessments extracts prior BlueprintAssessmentId values before filtering the saved clone; save_trusted_content uses that projection only for existing daughters. materialize and reusable_assessment_projection still serialize every current assessment for a new adoption, retain exact fixed Question revisions, and carry source Pool ID plus Pool edit number rather than copying member Questions.",course_blueprint_adoption.rs:23-93 creation_assessments/materialize/newly_added_assessments; course_blueprint_adoption.rs:95-240 reusable_assessment_projection/materialize_assessment/pool_entry_json; blueprint_course.rs:91-127; schemas/base_schema/50_functions/course_blueprint_adoption.sql,crates/learning-data-access/src/postgres/course_blueprint_adoption.rs; crates/learning-data-access/src/postgres/blueprint_course.rs; crates/learning-data-access/src/blueprint_course.rs; schemas/base_schema/50_functions/course_blueprint_adoption.sql,Static trace confirms membership-only Pool source semantics; it does not verify the procedure's concurrent daughter update behavior.,597af5d1c48c3ffc5e877649ed9dfa3b3aa5489054a9e74cd2b7cadcca5d6ae1,597af5d1c48c3ffc5e877649ed9dfa3b3aa5489054a9e74cd2b7cadcca5d6ae1,8c203ee21f14d5324062c9c2b61cdc41131ad85d04d824a83e1d06c1d0d5773b,unchanged
crates/learning-data-access/src/postgres/course_instance.rs,Schema and data access,M,good,"full changed adapter methods, course SQL procedures, decoder reuse, and route callers","update_course_classification validates the complete hierarchy, sends the expected Course edit number, and returns the procedure's changed/edit receipt; creation similarly binds the hierarchy and canonical tags. The added restore path validates roster-id size before a parameterized mutation. Classification remains Course-owned and reuses Blueprint classification encoding only for the shared tag representation.",course_instance.rs:95-131 update_course_classification; course_instance.rs:250-310 create course binding; course_instance.rs:625-640 reject_term_after_active_lifetime; schemas/base_schema/50_functions/course_operations.sql:297-337 update_course_classification; crates/server/src/course_instance.rs,crates/learning-data-access/src/postgres/course_instance.rs; crates/learning-data-access/src/postgres/blueprint_course.rs; crates/server/src/course_instance.rs; schemas/base_schema/50_functions/course_operations.sql,The reused classification_tags helper creates a local module dependency but does not duplicate field rules; no SQL run verified error mapping.,a906c19fb165d038617c6d18e245caa863d4a930022ef02632b3848e0170ab68,a906c19fb165d038617c6d18e245caa863d4a930022ef02632b3848e0170ab68,4268b0fbcbedcca2b834b3fabd2d79757b01be10530c676c790a624ec676789b,unchanged
crates/learning-data-access/src/postgres/course_roster.rs,Schema and data access,M,good,"full source, roster trait/routes, and access-restoration procedure","The added restoration command has a narrow contract: validate_roster_id rejects empty or over-64-byte identifiers, generate an operation UUID, bind Course and roster IDs, then rely on ple_api.restore_student_course_access for ownership and state validation. It returns no synthesized roster record, so the procedure remains the single authority for whether access was actually restored.",course_roster.rs:197-221 restore_student_course_access; course_roster.rs:223-230 validate_roster_id; crates/learning-data-access/src/course_roster.rs CourseRosterStore; schemas/base_schema/50_functions/course_roster_access.sql restore_student_course_access,crates/learning-data-access/src/postgres/course_roster.rs; crates/learning-data-access/src/course_roster.rs; crates/server/src/course_roster.rs; schemas/base_schema/50_functions/course_roster_access.sql,Static review did not check an end-to-end restored enrollment state.,934c5ec0d077bf52c161584d11e4ec4f39bdb399aca1ee01a19554cbc1267044,934c5ec0d077bf52c161584d11e4ec4f39bdb399aca1ee01a19554cbc1267044,a5947dca2e3d67be6adf90a42aabea78e9cc48b4c26d8dd4f0f7f0efc99623a4,unchanged
crates/learning-data-access/src/postgres/instructor_account.rs,Schema and data access,M,good,"full source, list procedure, browse model, and Sysadmin route caller","list_instructor_accounts normalizes whitespace-only search to no filter, restricts page size to three explicit values, maps enum state to SQL names, fetches one extra row, and emits the final retained AccountId as a cursor. Display time zone remains derived from the installed session in the same transaction, preserving its ownership rather than accepting a target account preference.",instructor_account.rs:55-135 list_instructor_accounts; instructor_account.rs:228-255 state_name/normalize_page_size/normalize_find_query; schemas/base_schema/50_functions/profile_media.sql list_instructor_account_avatar_summaries; crates/server/src/instructor_account.rs,crates/learning-data-access/src/postgres/instructor_account.rs; crates/learning-data-access/src/instructor_account.rs; crates/server/src/instructor_account.rs; schemas/base_schema/50_functions/profile_media.sql,The cursor is an AccountId rather than an opaque encoding by interface design; static review cannot prove SQL ordering remains account-id stable under every filter.,4b0f678345cd69d7999d92b162e6d89fe6f969d9c9ef8e0e6219fc3a90b427ca,4b0f678345cd69d7999d92b162e6d89fe6f969d9c9ef8e0e6219fc3a90b427ca,4309be9bd542ca126eaab098583f3a11ffaa0ec1615e1f1b06bd28f9de735324,unchanged
crates/learning-data-access/src/postgres/library_watch_notification.rs,Schema and data access,M,good,"full source, watch domain model/outbox SQL, and nearby Pool support mutation","watch_activity recognizes members_changed only with a positive edit number and no fork/activity fields; notification then rejects it unless target_kind is QuestionPool. This preserves membership-only Pool edit semantics rather than treating a support-text change as a membership event. Separately, Pool support saves compare that member-list number but do not advance it, allowing two same-number support writers to overwrite each other.",library_watch_notification.rs:74-167 watch_activity/notification/require_pool_membership_target; crates/learning-data-access/src/question_pool_support.rs:11-58 contract; schemas/base_schema/50_functions/question_pool_support.sql:76-127 save_question_pool_ple_managed_support,crates/learning-data-access/src/postgres/library_watch_notification.rs; crates/learning-data-access/src/question_pool_support.rs; crates/learning-data-access/src/postgres/question_pool_support.rs; schemas/base_schema/50_functions/question_pool_support.sql,"The stale support-write observation is a static concurrency finding in a neighboring changed capability, not evidence that a members_changed notification is wrong.",10236b23c9e2b5e9d62241d97aadee216f52bf89724c5c8097ef04015eb91610,10236b23c9e2b5e9d62241d97aadee216f52bf89724c5c8097ef04015eb91610,005bd61f378508f42d4a7885c24b6fdd88d6ef14e58aaca47c68b9fc4fdfd6da,unchanged
crates/learning-data-access/src/postgres/live_student_course_landing.rs,Schema and data access,M,refine,"full changed reader/decoder, stats SQL, model consumer, and response-stats route","The reader adds question_title and response_stats_question_title suppresses null, blank, padded, overlong, or control-containing values before building the student model. The SQL LEFT JOIN resolves title from current metadata, while counts remain exact-revision issuance facts. That creates a deliberate current-label/historical-statistics split, but an edited title can relabel a past revision's stats.",live_student_course_landing.rs:248-352 list_live_student_course_response_stats/response_stats_question_title/decode_response_question_stats; schemas/base_schema/50_functions/student_course_response_stats.sql:125-186; crates/learning-data-access/src/live_student_course_landing.rs,crates/learning-data-access/src/postgres/live_student_course_landing.rs; crates/learning-data-access/src/live_student_course_landing.rs; schemas/base_schema/50_functions/student_course_response_stats.sql; crates/server/src/live_student_course_landing.rs,"Whether current titles are preferable to issued revision titles is a product decision; static review confirms the mixed-time source, not user impact.",7966a4b2613cb8283d616277681222e984cb94eafc9f9b0a5a071ff6a13c9dfa,7966a4b2613cb8283d616277681222e984cb94eafc9f9b0a5a071ff6a13c9dfa,d65f309ca2f61b6648057f6905d8a84d9a06cd6bc66089321bdcbfe53df172b9,unchanged
crates/learning-data-access/src/postgres/question_bulk_metadata.rs,Schema and data access,M,good,"full source, bulk input validation, metadata SQL procedure, and frontend caller","bulk_replace_published_question_metadata now conditionally includes each selected Question's title and description in its own selection object, alongside that Question's metadata edit number. The procedure can therefore perform the intended all-or-none metadata CAS without a parallel title authority. Omitting absent fields keeps classification-only patches compact and does not convert them into blank-title writes.",question_bulk_metadata.rs:54-141 bulk_replace_published_question_metadata; crates/learning-data-access/src/question_bulk_metadata.rs BulkPublishedQuestionMetadataInput validation; schemas/base_schema/50_functions/published_question_metadata_operations.sql bulk_replace_published_question_metadata; crates/server/src/question_bulk_metadata.rs,crates/learning-data-access/src/postgres/question_bulk_metadata.rs; crates/learning-data-access/src/question_bulk_metadata.rs; schemas/base_schema/50_functions/published_question_metadata_operations.sql; crates/server/src/question_bulk_metadata.rs,The review did not execute a mixed selection to prove SQL accepts the optional title/description fields.,ce0eb9b5c33493ad6fb8f788826f08d6d51becbadf278c5d9516e5b8385e0a94,ce0eb9b5c33493ad6fb8f788826f08d6d51becbadf278c5d9516e5b8385e0a94,8768208d84943609a3b949c160535464cc33906f93492d6f9f3f06f249dfe659,unchanged
crates/learning-data-access/src/postgres/question_pool_bulk_metadata.rs,Schema and data access,A,good,full-source; baseline new-file diff; traced Rust contract through API and private SQL procedure,"`bulk_replace_question_pool_search_metadata` validates the closed input before opening its transaction, serializes only the selected Pool IDs and calls the session-derived API procedure. The SQL procedure locks each Pool in canonical ID order and compares the supplied member-list Edit Number before its all-or-none update. Returning that unchanged number is correct: this command owns Pool search metadata, while the token deliberately protects membership, not metadata freshness.",crates/learning-data-access/src/postgres/question_pool_bulk_metadata.rs:56-117 `bulk_replace_question_pool_search_metadata`; crates/learning-data-access/src/question_pool_bulk_metadata.rs:64-85 `validate`; schemas/base_schema/50_functions/question_pool_search_metadata.sql:111-169 private procedure,crates/learning-data-access/src/question_pool_bulk_metadata.rs; schemas/base_schema/50_functions/question_pool_search_metadata.sql; schemas/base_schema/70_grants/question_pools.sql,Static review only; caller/UI selection construction was not assigned.,e7eefd718d6af4e4aa3f4ceb3efead967c48571cf749bcbe8f3af55512d46a40,e7eefd718d6af4e4aa3f4ceb3efead967c48571cf749bcbe8f3af55512d46a40,311da1ef3fd92fe9a179d7e6d5a675d8c9c26fe6c2468bfa3ca2dacbfee1b2b3,unchanged
crates/learning-data-access/src/postgres/question_pool_creation.rs,Schema and data access,M,good,"full-source; baseline one-argument change; traced typed input, data procedure, API wrapper, and grants","`create_question_pool` now binds `input.tags` as the seventh positional argument, matching both wrappers and the data function's defaulted `p_tags`. The adapter still checks that the returned public ID equals the server-minted input and that creation starts at edit 1. SQL validates the tag set before inserting the Pool, so tags enter the Pool-owned current-state row in the same transaction as immutable membership.",crates/learning-data-access/src/postgres/question_pool_creation.rs:57-134 `create_question_pool`; crates/learning-data-access/src/question_pool_creation.rs:138-165 `map_create_question_pool_error`; crates/learning-data-access/src/question_pool_creation.rs:84-94 bindings; schemas/base_schema/50_functions/question_pools.sql:115-162 `ple_data.create_question_pool`; schemas/base_schema/50_functions/question_pools.sql:595-610 API wrapper,crates/learning-data-access/src/question_pool_creation.rs; schemas/base_schema/50_functions/question_pools.sql; schemas/base_schema/70_grants/question_pools.sql,No execution performed; exact later insert statements were inspected as part of the complete function but are not reproduced here.,96c2b0362927e9779f923244bd582b7b20e0418825cd33adc05ea764815c265b,96c2b0362927e9779f923244bd582b7b20e0418825cd33adc05ea764815c265b,e2b79a0f9643688186a30336bdd674b49e6eb36f2252b10b74aa2985b6c53f1f,unchanged
crates/learning-data-access/src/postgres/question_pool_support.rs,Schema and data access,A,bad,full-source; baseline new-file diff; traced both adapter methods through support SQL and Pool row ownership,"The adapter faithfully carries `question_pool_edit_number` into `save_question_pool_ple_managed_support`, but that value is only a membership token and the procedure intentionally leaves it unchanged. Two instructors can read edit 1, save different support texts sequentially, and both pass the comparison; the second replaces the first unseen support edit. Pool-only ownership is sound, but support needs its own edit number or a support snapshot CAS.",crates/learning-data-access/src/postgres/question_pool_support.rs:76-130 read/save methods; crates/learning-data-access/src/question_pool_support.rs:44-67 `support_from_row`; crates/learning-data-access/src/question_pool_support.rs:116-118 binding; schemas/base_schema/50_functions/question_pool_support.sql:76-136 `save_question_pool_ple_managed_support`,crates/learning-data-access/src/question_pool_support.rs; schemas/base_schema/50_functions/question_pool_support.sql; schemas/base_schema/20_tables/question_pool.sql,The lost-update path is a static concurrency trace; no concurrent database execution was run.,6c68feaa3cf4e9e64b09f224ff450fe180e9312fb9def63711f033a238b6e3b3,6c68feaa3cf4e9e64b09f224ff450fe180e9312fb9def63711f033a238b6e3b3,4d677f3cae7faec59c6568fc372419abc1fbdf26b1b8850be4deeb493ad974d6,unchanged
crates/learning-data-access/src/postgres/question_star.rs,Schema and data access,M,good,"full-source; baseline list addition; traced private star query, API wrapper, grants, and projection decoder","`list_current_starred_questions` obtains identity solely by installing the session, then decodes a bounded page returned by SQL. `starred_question_page` rejects inconsistent truncation flags and validates both external public IDs and titles before exposing them. The SQL query constrains rows to `star.instructor_account_id = actor_id`, orders newest-first with a stable ID tiebreaker, and reports truncation without disclosing another instructor's collection.",crates/learning-data-access/src/postgres/question_star.rs:82-125 `validated_question_title` and `starred_question_page`; crates/learning-data-access/src/postgres/question_star.rs:178-193 list method; schemas/base_schema/50_functions/question_stewardship.sql:221-255 `ple_data.list_current_starred_questions`; schemas/base_schema/50_functions/question_stewardship.sql:391-402 API wrapper,crates/learning-data-access/src/question_star.rs; schemas/base_schema/50_functions/question_stewardship.sql; schemas/base_schema/70_grants/question_stewardship.sql,Static review; a server route caller for this newly added store method was not identified in the assigned trace.,abc4662d0b320a6e58472a50fe5e905703f771b48cd592881e94503777f6af10,abc4662d0b320a6e58472a50fe5e905703f771b48cd592881e94503777f6af10,fa2c961f4ebfa875c1e221f23fef7254a81efcca35bb7280e401d40eb88935a9,unchanged
crates/learning-data-access/src/postgres/sessions.rs,Schema and data access,M,neutral,full-source; baseline import reorder only; traced session setup and decoder behavior,"The only baseline change is import ordering (`Timestamp` before `UserRole`), with no emitted SQL, role handling, or session mutation changed. `begin_session` still assumes `ple_auth` and installs the token hash transaction-locally; `decode_session_row` still parses the database role through the exhaustive `decode_user_role` mapping. This file supplies no semantic evidence for a behavior change in this pass.",crates/learning-data-access/src/postgres/sessions.rs:1-12 import diff; crates/learning-data-access/src/postgres/sessions.rs:30-45 `begin_session`; crates/learning-data-access/src/postgres/sessions.rs:109-137 `decode_session_row` and `decode_user_role`,crates/learning-data-access/src/session.rs,"No database runtime check, appropriate because this path's diff is formatting only.",bb7d83d511331c79740e8128107d2c91ec6f7bb049fdc039ae8b2f38a3181631,bb7d83d511331c79740e8128107d2c91ec6f7bb049fdc039ae8b2f38a3181631,c078b488a4d457d3add045b872bca670313de2ff5a940013fe105c84613e67c8,unchanged
crates/learning-data-access/src/postgres/student_assessment_decision.rs,Schema and data access,M,good,full-source; baseline wording-only diff; traced decision enum mapping and public response construction,"`public_reason` changes only student-facing labels: availability and closure now say Coursework, and the attempt-limit sentence removes the redundant Assessment noun. It preserves the one-to-one decision mapping and leaves `MayStart` reason-free. The caller's decision remains database-derived earlier in the adapter, so this narrow copy edit neither changes access control nor turns an unavailable reason into a detail leak.",crates/learning-data-access/src/postgres/student_assessment_decision.rs:20-70 decision row decoding and result construction; crates/learning-data-access/src/postgres/student_assessment_decision.rs:90-102 `public_reason`,crates/browser-api-contract/src/student_assessment_decision.rs; crates/question_model/src/student_work.rs,Phrase suitability is a product-language judgment; no browser consumer was exercised.,77e7118122aea9d4a370fd457c4d408f72b079933ca13769fc7adf8b2d0fdbd8,77e7118122aea9d4a370fd457c4d408f72b079933ca13769fc7adf8b2d0fdbd8,88c14e144c7e255c520683ca2606d5c832a6e484a58b538990a70b26708df092,unchanged
crates/learning-data-access/src/postgres/sysadmin_totp.rs,Schema and data access,M,neutral,full-source; baseline import reorder only; traced cryptographic storage and ceremony methods for unaffected invariants,"The diff only reorders `Timestamp` and `UserRole` in an import. The unchanged implementation continues to use XChaCha20-Poly1305 with account-bound AAD, obtains a fresh nonce from the OS CSPRNG, and decodes a consumed ceremony only if PostgreSQL returns the Sysadmin role. Thus this assigned change has no behavior, privilege, or secret-handling effect to refine.",crates/learning-data-access/src/postgres/sysadmin_totp.rs:1-12 import diff; crates/learning-data-access/src/postgres/sysadmin_totp.rs:113-189 `EncryptedSysadminTotpSeed::seal/open`; crates/learning-data-access/src/postgres/sysadmin_totp.rs:242-342 ceremony methods; crates/learning-data-access/src/postgres/sysadmin_totp.rs:360-382 `decode_session_row`,crates/learning-data-access/src/session.rs,No crypto or database execution was performed; this conclusion is limited to the actual import-only diff.,3ea391cc794442215cb66dd07d9d24a35d60e90fa31d35355326e94acd6b2078,3ea391cc794442215cb66dd07d9d24a35d60e90fa31d35355326e94acd6b2078,3bab170a15611886791c0119264cff611d10f9b2b5e0f36c9a69741aaee19b93,unchanged
crates/learning-data-access/src/question_bulk_metadata.rs,Schema and data access,M,good,full-source; baseline model extension; traced PostgreSQL serialization and private all-or-none writer,"The selection now carries per-Question optional title and description while the shared patch may be empty only when at least one per-Question text replacement exists. `validate` preserves bounded, trimmed, control-free validation before I/O. The SQL writer locks every selected lineage and metadata row before updating all rows, increments `metadata_edit_number`, and substitutes each named text independently, preserving the metadata ownership boundary.",crates/learning-data-access/src/question_bulk_metadata.rs:16-108 selection/patch validation; crates/learning-data-access/src/postgres/question_bulk_metadata.rs:55-111 adapter serialization; schemas/base_schema/50_functions/published_question_metadata_operations.sql:13-120 validation; schemas/base_schema/50_functions/published_question_metadata_operations.sql:175-230 atomic update,crates/learning-data-access/src/postgres/question_bulk_metadata.rs; schemas/base_schema/50_functions/published_question_metadata_operations.sql; schemas/base_schema/20_tables/published_question.sql,Static trace confirms the persistence contract; selection UI semantics were outside this assignment.,27167bd0c19aed0c399755611607fe589a206bb51b686a69a1274388a0ee22c1,27167bd0c19aed0c399755611607fe589a206bb51b686a69a1274388a0ee22c1,fa351944ab3db8f26c2d0565ae3d8aaa518701e17750c558cee1359fc655bc60,unchanged
crates/learning-data-access/src/question_pool_bulk_metadata.rs,Schema and data access,A,good,full-source; baseline new domain contract; traced adapter and SQL mutation ownership,"This closed command names only Pool-owned tags, Topic, and Subtopic, deliberately excluding Discipline and Subject inherited from the first member. Its selection token is explicitly the member-list edit number; documentation and result type correctly promise it remains unchanged. `validate` bounds the batch, rejects duplicates and empty patches, while the SQL mutation clears a dependent Subtopic when a Topic changes, preserving the classification hierarchy.","crates/learning-data-access/src/question_pool_bulk_metadata.rs:1-13 ownership invariant; crates/learning-data-access/src/question_pool_bulk_metadata.rs:31-85 patch/input validation; schemas/base_schema/50_functions/question_pool_search_metadata.sql:66-169 validation, member CAS, and update",crates/learning-data-access/src/postgres/question_pool_bulk_metadata.rs; schemas/base_schema/50_functions/question_pool_search_metadata.sql; schemas/base_schema/20_tables/question_pool.sql,Metadata-over-metadata last-writer behavior is intentional/unversioned by this contract; only membership staleness is claimed.,29b6d88012ff1e601a51cb280231da83433b528193e822c4939b1b39b840e9ff,29b6d88012ff1e601a51cb280231da83433b528193e822c4939b1b39b840e9ff,79002feb35f503c414837ff2367d01c22c0fcd6431702b2486a57a357ec4a335,unchanged
crates/learning-data-access/src/question_pool_creation.rs,Schema and data access,M,good,full-source; baseline tags field and validation; traced PostgreSQL binder and creation procedure,"`CreateQuestionPoolInput` makes tags a first-class Pool input and validates each as a distinct, nonblank, control-free label within the database's 120-character bound. This is a coherent extension because the producer binds the exact vector into `create_question_pool`, which rejects invalid tags and writes Pool state transactionally with the attested pinned members. Empty tags remain meaningful and accepted rather than requiring a sentinel.",crates/learning-data-access/src/question_pool_creation.rs:16-33 input fields; crates/learning-data-access/src/question_pool_creation.rs:35-88 `CreateQuestionPoolInput::validate`; crates/learning-data-access/src/postgres/question_pool_creation.rs:82-94 binder; schemas/base_schema/50_functions/question_pools.sql:115-162 data function validation,crates/learning-data-access/src/postgres/question_pool_creation.rs; schemas/base_schema/50_functions/question_pools.sql; schemas/base_schema/20_tables/question_pool.sql,The vector order is canonicalized by SQL tag validation/storage behavior; no API payload producer was reviewed.,5628aba5a5d223daec1b4d07831ef06031dd9cf5fc63a4e421d077c5305c1751,5628aba5a5d223daec1b4d07831ef06031dd9cf5fc63a4e421d077c5305c1751,6e8ad4918aac94d3796292e59371efbfaf18b7aa156fdf53867125622395f769,unchanged
crates/learning-data-access/src/question_pool_support.rs,Schema and data access,A,bad,"full-source; baseline new contract; traced write adapter, SQL row lock, and Pool storage ownership","`QuestionPoolPleManagedSupport` correctly keeps Hint, general feedback, and Worked Solution as current Pool facts, separate from member Question revisions. However, it exposes a `question_pool_edit_number` as if it protects saves while declaring that support saves do not advance it. That contract permits a stale full replacement to overwrite another support save; it needs a dedicated support edit number or a compare-and-swap value covering these three fields.",crates/learning-data-access/src/question_pool_support.rs:1-7 ownership statement; crates/learning-data-access/src/question_pool_support.rs:14-39 model and validation; crates/learning-data-access/src/question_pool_support.rs:50-61 trait; schemas/base_schema/50_functions/question_pool_support.sql:76-136 save procedure,crates/learning-data-access/src/postgres/question_pool_support.rs; schemas/base_schema/50_functions/question_pool_support.sql; schemas/base_schema/20_tables/question_pool.sql,Static concurrency analysis; this is distinct from the intentional membership-only Pool edit semantics.,6868b517ef3e3db30d10759d7d3dcd17182c4f164beb6673c08824c9d3a2015d,6868b517ef3e3db30d10759d7d3dcd17182c4f164beb6673c08824c9d3a2015d,f112d3acea8b886ae442b4cdfa6c0536fd584168e674444f6de16837acc96806,unchanged
crates/learning-data-access/src/question_star.rs,Schema and data access,M,good,full-source; baseline page contract addition; traced PostgreSQL list reader and session-bound SQL,"The new `StarredQuestionPage` is minimal: current caller's public Question IDs and titles plus an explicit truncation signal. It does not add a cursor or account identity, matching the SQL fixed page rather than implying navigation capability it cannot provide. The trait preserves the established session-token-only boundary, so neither caller-provided Account IDs nor roles can select another person's private Star collection.",crates/learning-data-access/src/question_star.rs:29-48 `StarredQuestionSummary` and `StarredQuestionPage`; crates/learning-data-access/src/question_star.rs:50-80 `QuestionStarStore`; crates/learning-data-access/src/postgres/question_star.rs:178-193 list implementation; schemas/base_schema/50_functions/question_stewardship.sql:221-255 list function,crates/learning-data-access/src/postgres/question_star.rs; schemas/base_schema/50_functions/question_stewardship.sql,"The fixed 250-item truncation has no continuation token, so product follow-up would require a separate contract rather than treating this as pageable.",dd6f14ae2ff3713d650360a5a5e100f94a0283e64af499d9b3175ff4c9045bbc,dd6f14ae2ff3713d650360a5a5e100f94a0283e64af499d9b3175ff4c9045bbc,695186450bbdf30654c1ba638ae4d3e09f5a819365f3543dc4c1787ceea41d23,unchanged
crates/learning-data-access/src/session.rs,Schema and data access,M,neutral,full-source; baseline import reorder only; traced session identity and store contract,"The baseline diff only reorders `Timestamp` and `UserRole` in this contract module. `SessionId::generate` still uses the shared CSPRNG UUID boundary, `SessionTokenHash` remains a redacted SHA-256 lookup key, and `SessionStore` retains server-clock creation, resolution, and idempotent revocation semantics. No caller or persistence invariant changes with this assigned edit.",crates/learning-data-access/src/session.rs:1-10 import diff; crates/learning-data-access/src/session.rs:15-36 `SessionId`; crates/learning-data-access/src/session.rs:39-84 `SessionTokenHash`; crates/learning-data-access/src/session.rs:143-168 `SessionStore`,crates/learning-data-access/src/postgres/sessions.rs,No runtime validation was warranted for an import-only change.,b14a256834c6c0e7f0da9c9d7f588d96ea0d22f43619b4a18b461bbf2d7f6100,b14a256834c6c0e7f0da9c9d7f588d96ea0d22f43619b4a18b461bbf2d7f6100,4fc9b971a8cf209db0b64fe5466bb48668a88e128de5ac80e01bbad0aa36608c,unchanged
schemas/base_schema/10_types.sql,Schema and data access,M,good,full-source; baseline enum extension; traced roster event consumers and schema grant/role setup,"Adding `student_access_restored` to `ple_data.roster_event_kind` preserves the roster event as an append-only fact vocabulary rather than encoding restoration as deletion or a generic invitation event. The enum sits with the other database-owned event kinds and does not expose a browser choice. No evidence in this assigned diff changes existing values, so historical event interpretation remains stable.",schemas/base_schema/10_types.sql:125-133 `ple_data.roster_event_kind`; schemas/base_schema/20_tables/course_roster.sql:1-120 roster event storage and constraints; schemas/base_schema/50_functions/course_operations.sql:500-700 roster mutation consumers,schemas/base_schema/50_functions/course_operations.sql,Exact restore API behavior is traced only to its schema consumers; no database execution occurred. Reviewer cross-references not resolved to current files: schemas/base_schema/20_tables/course_roster.sql. These references are not verified trace evidence.,b6819eb6f7fdf87d60712a0b61829f318702e5710a42566fd91aee39bef0c8cc,b6819eb6f7fdf87d60712a0b61829f318702e5710a42566fd91aee39bef0c8cc,e8f7ac81ab731b9930f66b174276dc0ca3c3967c052a2be25224a7ea43bb0448,unchanged
schemas/base_schema/20_tables/assessment.sql,Schema and data access,M,good,"full-source; baseline frozen-policy field additions; traced policy serializers, decoder, copy/blueprint consumers","`feedback_hints` and `feedback_worked_solutions` are non-null members of the immutable, hash-keyed assessment policy snapshot. The workspace policy serializer includes both values, and the decoder reconstructs them into the closed feedback rule, so the fields participate in persistence rather than becoming decorative columns. `class_statistics: None` in delivery remains explicitly excluded from incomplete-wiring claims because it concerns unavailable statistics, not either new release policy.",schemas/base_schema/20_tables/assessment.sql:6-42 `assessment_policy_snapshot`; crates/learning-data-access/src/postgres/assessment_workspace_save.rs:18-42 serializers; crates/learning-data-access/src/postgres/assessment_workspace_policy.rs:45-71 decoder; crates/learning-data-access/tests/blueprint_course_postgres/append.rs:100-108 snapshot copy query,crates/learning-data-access/src/postgres/assessment_workspace_save.rs; crates/learning-data-access/src/postgres/assessment_workspace_policy.rs; schemas/base_schema/50_functions/course_blueprint_adoption.sql,No end-to-end delivery rendering was run; static tracing confirms schema-to-policy wiring only.,ca6c4018706fccaa90de394a6cdbf3cf724e83054b26e4116acde62a39cde8f8,ca6c4018706fccaa90de394a6cdbf3cf724e83054b26e4116acde62a39cde8f8,ce0cfcf279a0317de0d4bc5b877f99b8db7a63df9a83d6723b22c20796d9bf5f,unchanged
schemas/base_schema/20_tables/content_classification.sql,Schema and data access,M,good,"full-source; baseline new request event table; traced indexes, private operations, API wrappers, grants, and Rust mapper","`content_discipline_request` records a bounded requested name, requester Account ID, creation time, and optional resolution time without creating vocabulary directly. The partial unique index permits one open normalized request per requester/name; the private operation layer grants only resolution-time updates and exposes session-authorized request/list/resolve procedures. The local role structure is sound: helper functions are created before the file switches to `ple_api_owner` for API wrappers, so the claimed helper privilege escalation is false.",schemas/base_schema/20_tables/content_classification.sql:82-114 request table/comments; schemas/base_schema/40_indexes.sql:35-40 open-request indexes; schemas/base_schema/70_grants/content_classification_operations.sql:5-11 table privileges; schemas/base_schema/50_functions/content_classification_operations.sql:1-220 operations and wrappers; crates/learning-data-access/src/postgres/content_classification.rs:178-196 mapper,schemas/base_schema/40_indexes.sql; schemas/base_schema/50_functions/content_classification_operations.sql; schemas/base_schema/70_grants/content_classification_operations.sql; crates/learning-data-access/src/postgres/content_classification.rs,The resolution workflow's product UI and Sysadmin operational policy were not exercised.,c626c6bc6476e918c46cde1dd7124e23e34e5f323a51c2503d3ca3ef38efa01c,c626c6bc6476e918c46cde1dd7124e23e34e5f323a51c2503d3ca3ef38efa01c,38a1332ec7eeeeb521fedd1fad4cbd55d054706163fb9b6e0f794d4e4c8bdf74,unchanged
schemas/base_schema/20_tables/published_question.sql,Schema and data access,M,refine,"full-source; baseline revision support columns; traced publication schema, metadata bulk writer, and source-binding publication flow","Adding nullable, bounded `hint` and `worked_solution` to immutable `question_revision` correctly distinguishes authored support from WeBWorK source and dynamic backend feedback. But the new Pool-support path writes equivalent texts to mutable `question_pool`, creating a second authority by product scope that must stay explicit. Separately, the import pipeline still lacks a source compare-and-swap at its member-import seam; immutable revision columns do not repair that confirmed source-race gap.",schemas/base_schema/20_tables/published_question.sql:18-47 `question_revision`; schemas/base_schema/20_tables/published_question.sql:465-467 optional-fact comments; schemas/base_schema/50_functions/question_publication_operations.sql:9-72 `bind_draft_question_source` CAS; schemas/base_schema/50_functions/question_authoring_state.sql:1-180 import state tables/functions,schemas/base_schema/20_tables/question_pool.sql; schemas/base_schema/50_functions/question_pool_support.sql; schemas/base_schema/50_functions/question_publication_operations.sql; schemas/base_schema/50_functions/question_authoring_state.sql,The member-import source-CAS gap is confirmed by absent corresponding CAS in the inspected import state seam; the exact future import command is not present in this static checkout.,f9c7722139392bd65ddd4727e16be78eab7d0f92d3a600ca4bff48ffdf65ae7d,f9c7722139392bd65ddd4727e16be78eab7d0f92d3a600ca4bff48ffdf65ae7d,34c64d55e3d4abb269d7559a827897ba36e3efbf62b52fa693243a6356234b12,unchanged
schemas/base_schema/20_tables/question_authoring.sql,Schema and data access,M,good,"baseline diff, table contract, publication/history readers","The draft metadata table adds nullable, trimmed, bounded, control-free hint and worked_solution fields beside general_feedback. This correctly makes them PLE-authored draft state rather than backend source; the history reader consumes the resulting immutable revision fields. The table alone does not assert publication copying, but that ownership is implemented at the publication boundary rather than duplicated here.",ple_private.draft_question_metadata at question_authoring.sql:43-85; comments at :366-374; ple_private.read_student_assessment_attempt_history_response_sources at assessment_attempt_history.sql:330-421,schemas/base_schema/20_tables/question_authoring.sql; schemas/base_schema/50_functions/assessment_attempt_history.sql; schemas/base_schema/50_functions/question_publication_operations.sql,Static review only; the publication writer was traced for ownership but no database execution was performed.,8b6947d52bccf7861b9db8fb2bb6709301fe50bc5b9ecf0c4039d9988be2867f,8b6947d52bccf7861b9db8fb2bb6709301fe50bc5b9ecf0c4039d9988be2867f,21710faa5d88ae4c536857250d47bd77ca33931b82a0a8fa27a27413ed73757c,unchanged
schemas/base_schema/20_tables/question_pool.sql,Schema and data access,M,refine,"baseline diff, Pool construction, member-save, support-save, delivery readers","Pool-owned support and credit/source tables correctly avoid copying Question Revision facts, and member replacement alone advances question_pool_edit_number. However save_question_pool_ple_managed_support compares that member-list clock then leaves it unchanged. Two support editors reading the same Edit Number can both pass sequentially and the latter silently overwrites the former. Give support its own Edit Number or advance a unified current-state clock.",question_pool table/support columns at question_pool.sql:6-61; support ownership tables at :109-157; ple_data.save_question_pool_members at question_pools.sql:216-314; ple_private.save_question_pool_ple_managed_support at question_pool_support.sql:76-136,schemas/base_schema/20_tables/question_pool.sql; schemas/base_schema/50_functions/question_pools.sql; schemas/base_schema/50_functions/question_pool_support.sql; crates/learning-data-access/src/postgres/question_pool_support.rs; crates/server/src/question_pool_support.rs,The stale-write race is inferred from transaction ordering; no concurrent database probe was run.,33d132f774743221cade46811c43fc097caf97bf8cb632062d138285338d4364,33d132f774743221cade46811c43fc097caf97bf8cb632062d138285338d4364,4cc2eab8f766763c558e97a971f4312d7a050d6d49990703b12fba4c4c3089a4,unchanged
schemas/base_schema/40_indexes.sql,Schema and data access,M,good,"baseline diff, request writer, FK access paths","The partial unique index makes request_content_discipline idempotent per requester and case-folded name while preserving resolved requests as history; its unique-violation recovery reads exactly that same predicate. The requester FK index supports account-oriented cleanup/joins, and the authorship FK index supports Pool-credit account lookup. These are narrowly tied to actual predicates rather than speculative indexing.",content_discipline_request_open_account_name_unique and requester index at 40_indexes.sql:34-40; question_pool_authorship index at :471-484; ple_private.request_content_discipline at content_classification_operations.sql:392-435,schemas/base_schema/40_indexes.sql; schemas/base_schema/50_functions/content_classification_operations.sql; schemas/base_schema/20_tables/content_classification.sql; schemas/base_schema/20_tables/question_pool.sql,"Index selectivity and write cost need production-shaped measurements, outside this static pass.",d2cd64f29df865e1bd68fe7a54ee8d9d55c28ee2b52bb5d340307e87ac6d2ec7,d2cd64f29df865e1bd68fe7a54ee8d9d55c28ee2b52bb5d340307e87ac6d2ec7,1c9ee7fe95c680166b08158c46c141bde8f6c9e424a20f3209e6200858a1d873,unchanged
schemas/base_schema/50_functions/accounts.sql,Schema and data access,M,good,"baseline diff, email trigger, roster account resolution","resolve_or_create_student_account now rejects a non-institutional normalized email before lookup or insertion, matching the authentication-email trigger's Student constraint. Applying the predicate at roster-import creation closes the direct definer-function path; existing Student accounts are still resolved by normalized email. The rule remains intentionally scoped to Students, so Instructor delivery addresses are unaffected.",ple_private.resolve_or_create_student_account at accounts.sql:302-345; ple_private.enforce_account_authentication_email_role at authentication.sql:5-31,schemas/base_schema/50_functions/accounts.sql; schemas/base_schema/50_functions/authentication.sql; schemas/base_schema/20_tables/account.sql; schemas/base_schema/50_functions/course_roster.sql,Email-login readiness is deferred; this assessment covers the stored-account invariant only.,274b472a331c33f6e992570a8d25b7cb801553a4c460167e44e3c72798820b27,274b472a331c33f6e992570a8d25b7cb801553a4c460167e44e3c72798820b27,55a6e47d2a4762380c7ff78099d0cca9a9f88ee96c333336e0d5d7a315960cce,unchanged
schemas/base_schema/50_functions/archived_student_work_recovery.sql,Schema and data access,M,good,"baseline diff, archived evidence projection, policy snapshot contract","read_archived_assessment_attempt_evidence now includes hint and worked-solution disclosure rules in the retained policy object, so recovery evidence describes the same release policy as current attempt history. It does not expose support text itself, responses beyond the existing evidence projection, or new recovery state. The archive lock and exact-course authorization remain the owning boundary for the read.",ple_private.read_archived_assessment_attempt_evidence at archived_student_work_recovery.sql:5-151; ple_api.lock_archived_course_for_recovery at :191-226; policy snapshot fields at assessment_policy_snapshot.sql:40-103,schemas/base_schema/50_functions/archived_student_work_recovery.sql; schemas/base_schema/50_functions/assessment_policy_snapshot.sql; schemas/base_schema/50_functions/assessment_attempt_history.sql,Static path review; retention lifecycle timing and authorization were not exercised.,2d11eb360495740d35dc8a27e3ae66f3298bb461679089fe94bc0fe129f2299f,2d11eb360495740d35dc8a27e3ae66f3298bb461679089fe94bc0fe129f2299f,ee88158ab57118bb00843203af382213554e08187b57a282e7461d5a1246df5b,unchanged
schemas/base_schema/50_functions/assessment_attempt_history.sql,Schema and data access,M,good,"baseline diff, policy projection, immutable revision source reader, retention reader","The response-source reader selects hint and worked_solution from the pinned Question Revision, while the attempt projection includes their copied policy controls. That preserves immutable delivered content and keeps backend-specific documents out of PLE support ownership. read_student_work_records centralizes retained-record identity enumeration; its later API-owner role switch is intra-file setup, so it is not evidence of a helper privilege leak.",ple_private.read_student_assessment_attempt_history at assessment_attempt_history.sql:57-194; response-source reader at :330-421; read_student_work_records at :455-662; role switch at :424-446,schemas/base_schema/50_functions/assessment_attempt_history.sql; schemas/base_schema/50_functions/assessment_policy_snapshot.sql; schemas/base_schema/20_tables/published_question.sql; schemas/base_schema/50_functions/archived_student_work_recovery.sql,No execution verifies that each server consumer applies the returned disclosure rules.,f646b3c2855ee6f6dd57a811c2589d83926ac3a69d4f02787b196fdc0e7f53e1,f646b3c2855ee6f6dd57a811c2589d83926ac3a69d4f02787b196fdc0e7f53e1,8821ff04cb79c1e7272f46d669c7a4c23174733e6b9e4d2dea228d59f3dc5b32,unchanged
schemas/base_schema/50_functions/assessment_operations.sql,Schema and data access,M,good,"baseline diff, workspace projection, save API delegation","load_assessment_workspace_rows carries feedback_hints and feedback_worked_solutions directly from the content-addressed policy snapshot alongside every existing policy field. The projection remains Course-Instructor scoped and does not conflate Pool support with Assessment policy. The remaining API functions delegate to the data-layer saves, where exact-key validation and snapshot replacement own mutation semantics.",ple_api.load_assessment_workspace_rows at assessment_operations.sql:72-205; API save wrappers at :269-352; ple_data.save_assessment at assessments.sql:371-479,schemas/base_schema/50_functions/assessment_operations.sql; schemas/base_schema/50_functions/assessments.sql; schemas/base_schema/50_functions/assessment_policy_snapshot.sql; crates/learning-data-access/src/postgres/assessment_workspace_policy.rs,UI decoding was not inspected in this assigned SQL-only pass.,63e5a38497158f47ceeea0abb774ff3efa7f222fc509d588116185fe3cb26da3,63e5a38497158f47ceeea0abb774ff3efa7f222fc509d588116185fe3cb26da3,9bc9b4f98b0ee78c911d8c6a0f4c50a10aabe24d1f670c13663767905d7e764d,unchanged
schemas/base_schema/50_functions/assessment_policy_snapshot.sql,Schema and data access,M,good,"baseline diff, hash identity, all creation/save callers","ensure_assessment_policy_snapshot includes both new disclosure fields in canonical JSON, the digest, and the inserted immutable row. Thus changing either rule produces a distinct snapshot instead of silently reusing an older policy. Defaults of never protect older internal callers, while current save, template, and adoption callers pass explicit values. class_statistics=None is separately valid and not incomplete wiring.","ple_private.ensure_assessment_policy_snapshot at assessment_policy_snapshot.sql:8-105; callers at assessments.sql:439-449, assessment_template_copy.sql:51-66, course_blueprint_adoption.sql:226-236",schemas/base_schema/50_functions/assessment_policy_snapshot.sql; schemas/base_schema/50_functions/assessments.sql; schemas/base_schema/50_functions/assessment_template_copy.sql; schemas/base_schema/50_functions/course_blueprint_adoption.sql,No hash-collision or migration-state testing was run; PostgreSQL schema presence is assumed.,46b1ab73bda911a0217aa0539d99c49c0e0c4f05537db53166ae1903216f9ed5,46b1ab73bda911a0217aa0539d99c49c0e0c4f05537db53166ae1903216f9ed5,e581bd99fe82a187c9ae5348fb4274c695a0b2f7d32921053ba0d8aa03248ec1,unchanged
schemas/base_schema/50_functions/assessment_template_copy.sql,Schema and data access,M,good,"baseline diff, template ownership read, direct assessment creation","The template-copy primitive accepts and passes the two policy values into the canonical snapshot before attaching it to the newly created Assessment. The public wrapper reads only a template owned by the session actor and then invokes direct creation, keeping template identity out of the destination aggregate. The by-value copy invariant remains intact; no template-policy alias is created.",ple_data.create_assessment_from_template_values at assessment_template_copy.sql:8-78; ple_api.create_assessment_from_template at :82-151; snapshot constructor at assessment_policy_snapshot.sql:8-105,schemas/base_schema/50_functions/assessment_template_copy.sql; schemas/base_schema/50_functions/assessment_policy_snapshot.sql; schemas/base_schema/50_functions/assessment_templates.sql; schemas/base_schema/50_functions/assessments.sql,The public wrapper's Course authorization is delegated to create_assessment; this was not runtime-verified.,9c42426ac560e1c29de5be0573ae36d174a1d75c6c6b588466f423af6abc0d98,9c42426ac560e1c29de5be0573ae36d174a1d75c6c6b588466f423af6abc0d98,56225fac85d6389071741b552871d3f2b0c17dd40f0a7d0b6a10cc70ee01676f,unchanged
schemas/base_schema/50_functions/assessment_templates.sql,Schema and data access,M,good,"baseline diff, closed JSON validator, template read/create/save flows","validate_assessment_template_settings changes the feedback object from six to eight exact keys, and list/read/create/save all serialize or consume the same two new values. This preserves the closed JSON contract: an omitted key fails rather than receiving an accidental default. The stored template references one immutable snapshot, so template edits replace its pointer after validation rather than mutating shared policy rows.",ple_private.validate_assessment_template_settings at assessment_templates.sql:17-105; list projection at :117-168; create/save calls at :197-340,schemas/base_schema/50_functions/assessment_templates.sql; schemas/base_schema/50_functions/assessment_policy_snapshot.sql; schemas/base_schema/50_functions/assessment_template_copy.sql; crates/question_model/src/assessment_activity_rules.rs,Static review confirms SQL symmetry; Rust JSON codec compatibility was not executed.,edf1bab890ad6cf5c7abfed325e7ec3086afb37d11c47c69041719eb8f70af2f,edf1bab890ad6cf5c7abfed325e7ec3086afb37d11c47c69041719eb8f70af2f,aa27031a498564567142159ede4c69db6a0cb9a3b35ec6895b1d3c29dea9119f,unchanged
schemas/base_schema/50_functions/assessments.sql,Schema and data access,M,good,"baseline diff, full/policy/inline saves, snapshot/release lifecycle","Full and policy-only saves add the two fields to exact allowed-key sets and pass them through snapshot construction; inline save preserves them from the current snapshot. Each path locks the Course and Assessment, checks Assessment Edit Number, advances it only on a changed snapshot, and revalidates released Assessments. This is coherent current-state concurrency rather than a compatibility patch.","ple_data.save_assessment at assessments.sql:371-479; ple_data.save_assessment_inline at :482-570; ple_data.save_assessment_policies at :575-670; snapshot calls at :439-449, :528-541, :632-642",schemas/base_schema/50_functions/assessments.sql; schemas/base_schema/50_functions/assessment_policy_snapshot.sql; schemas/base_schema/50_functions/assessment_operations.sql; schemas/base_schema/20_tables/assessment.sql,No concurrent writer test was run; conclusion follows FOR UPDATE and conditional edit-number code.,e151554b15727486056ae247968e00985b2a5548540f6a1b50e591fe98502a5a,e151554b15727486056ae247968e00985b2a5548540f6a1b50e591fe98502a5a,4056d22feb861db3cf583b2f14517a5337a374ce3bc62e51434b9af4a4e73851,unchanged
schemas/base_schema/50_functions/authentication.sql,Schema and data access,M,good,"baseline diff, credential trigger, primary-auth paths, session creation","The email trigger enforces .edu syntax for Student authentication addresses, and both email-code and passkey consumption now return only Student or Instructor identities. Combined with create_authenticated_session's Sysadmin refusal, primary authentication cannot mint a Sysadmin session before the dedicated TOTP transition. The added joins constrain the result after one-use challenge consumption, matching the existing flow.",ple_private.enforce_account_authentication_email_role at authentication.sql:5-31; create_authenticated_session at :87-123; consume_email_authentication_challenge at :138-156; consume_passkey_authentication at :158-179,schemas/base_schema/50_functions/authentication.sql; schemas/base_schema/50_functions/accounts.sql; schemas/base_schema/20_tables/authentication.sql; crates/learning-data-access/src/authentication_ceremony.rs,Passkey ceremony cryptographic verification lies in the caller/backend and was outside this SQL file review.,7c43e9cb269ed92cbcdb9a61d578925301d9084507d7972a09c551c2eb6e6be5,7c43e9cb269ed92cbcdb9a61d578925301d9084507d7972a09c551c2eb6e6be5,fc705c9015f7477a7790c29a14d5d0658d8ad5408da2db06fe30d8790d9d9cf8,unchanged
schemas/base_schema/50_functions/blueprint_operations.sql,Schema and data access,M,good,"baseline diff, discovery filter validation, keyset query, caller contract","list_blueprint_courses adds a required, exact optional-tag parameter: empty string means no filter, while nonempty text must be trimmed, bounded, and control-free, then matches array membership literally. The DROP uses the old exact signature before replacement, preventing a stale overload. Tag filtering remains outside Discipline hierarchy and composes with the established visibility and keyset predicates.",DROP and ple_api.list_blueprint_courses signature at blueprint_operations.sql:467-485; tag validation at :489-524; literal membership at :562-584,schemas/base_schema/50_functions/blueprint_operations.sql; schemas/base_schema/20_tables/blueprint_course.sql; crates/learning-data-access/src/postgres/blueprint_course/search.rs; crates/server/src/blueprint_course/list.rs,Caller parameter migration was traced by name only; no prepared-statement execution was performed.,0cf2df8d900b75c9d98bbcf395965a123465869544770d9d9b0a5e5dbe5724ad,0cf2df8d900b75c9d98bbcf395965a123465869544770d9d9b0a5e5dbe5724ad,ff8784f6213c4b04ba935bc9092e6af672a8d9957b6e2b961203759009609d62,unchanged
schemas/base_schema/50_functions/blueprints.sql,Schema and data access,M,good,"baseline diff, closed blueprint JSON validation, publication/adoption serializers",blueprint_content_is_closed now requires hints and worked_solutions in every embedded Assessment feedback rule. This keeps Blueprint Revision content structurally synchronized with the assessment-policy snapshot and rejects ambiguous older-shaped JSON before adoption. The validator checks exact keys rather than silently supplying defaults; the publication serializer supplies both values from the policy snapshot.,"ple_data.blueprint_content_is_closed at blueprints.sql:107-244, especially :176-188; serializer at course_blueprint_publication.sql:178-209; adoption validation at course_blueprint_adoption.sql:55-186",schemas/base_schema/50_functions/blueprints.sql; schemas/base_schema/50_functions/course_blueprint_publication.sql; schemas/base_schema/50_functions/course_blueprint_adoption.sql; schemas/base_schema/50_functions/assessment_policy_snapshot.sql,Historical Blueprint Revision data compatibility is intentionally not assessed in this pre-production direct-cutover review.,570b4b85df7073b1da09eb8e70777fb735aaa72d7e8ec4ef846425a3ae2f4be2,570b4b85df7073b1da09eb8e70777fb735aaa72d7e8ec4ef846425a3ae2f4be2,a4c1474273ded13a97accbaedf88e748f47c88ea984590d9e71c9ffb2e752634,unchanged
schemas/base_schema/50_functions/content_classification_operations.sql,Schema and data access,M,good,"baseline diff, subject identity/association contract, request lifecycle, API wrappers","create_content_subject now returns an existing global Subject without creating a new discipline association, which correctly leaves association to the explicit acceptance operation. Discipline requests normalize names, deduplicate only a requester's open request using the matching partial index, and resolution merely closes it under Sysadmin authority. That preserves request versus creation ownership and avoids an invented workflow state.",ple_private.create_content_subject at content_classification_operations.sql:151-187; request/list/resolve functions at :392-474; API wrappers at :558-595; index at 40_indexes.sql:34-40,schemas/base_schema/50_functions/content_classification_operations.sql; schemas/base_schema/40_indexes.sql; schemas/base_schema/20_tables/content_classification.sql; crates/server/src/content_classification.rs,No UI flow was assessed for prompting explicit association acceptance.,d6b60ecf958a91b7e5cb54fbb9dea6d9aa98dc1a6f1ff638c995d6eafd9c6bd0,d6b60ecf958a91b7e5cb54fbb9dea6d9aa98dc1a6f1ff638c995d6eafd9c6bd0,d06de052d66d6163ca80e19b6da0970b754de03c08ad1c58aa5853f23f40fdad,unchanged
schemas/base_schema/50_functions/course_blueprint_adoption.sql,Schema and data access,M,bad,"baseline diff, exact revision validation, pool-fork construction, assessment entry insertion","Adoption now faithfully carries both disclosure rules through exact-revision comparison and snapshot creation. However append_course_assessments validates sourceQuestionPoolEditNumber in the proposed JSON, then re-reads only sourceQuestionPoolId before fork_question_pool_for_course_adoption. It never compares the current source Pool Edit Number to that revision evidence at member import, so a changed source can be copied after validation. Add source Edit Number CAS at the locked fork boundary.","ple_data.validate_course_blueprint_adoption at course_blueprint_adoption.sql:55-186; append_course_assessments at :187-320, especially :268-282; fork construction at question_pools.sql:320-385; Blueprint pool evidence at course_blueprint_publication.sql:213-245",schemas/base_schema/50_functions/course_blueprint_adoption.sql; schemas/base_schema/50_functions/question_pools.sql; schemas/base_schema/50_functions/course_blueprint_publication.sql; schemas/base_schema/50_functions/blueprints.sql,"The mismatch is static: FOR SHARE prevents a concurrent member writer during one fork, but it does not establish equality with the recorded source Edit Number.",12fe7c9b0930f48b3ee758dc3f9e28cac8284e29cac4cbd86098eeac39d243af,12fe7c9b0930f48b3ee758dc3f9e28cac8284e29cac4cbd86098eeac39d243af,4623edfae54a75adf4f709925159d11638eca99d8da751120bc6c917e2e7b007,unchanged
schemas/base_schema/50_functions/course_blueprint_publication.sql,Schema and data access,M,good,"baseline diff, reusable assessment serializer, source locking, snapshot evidence",course_blueprint_publication_assessment_content serializes hints and worked_solutions from the same immutable policy snapshot used by direct Assessment reads. The separate publication snapshot records each Pool's current Edit Number as concurrency evidence while source loading locks the Course and Assessment rows. This preserves policy portability and keeps Pool membership identity outside Blueprint Revision JSON.,ple_data.course_blueprint_publication_assessment_content at course_blueprint_publication.sql:100-209; pool evidence at :213-245; ple_api.load_course_blueprint_publication_source at :258-311,schemas/base_schema/50_functions/course_blueprint_publication.sql; schemas/base_schema/50_functions/assessment_policy_snapshot.sql; schemas/base_schema/50_functions/blueprints.sql; schemas/base_schema/50_functions/course_blueprint_adoption.sql,This file preserves edit-number evidence; the adoption-side failure to enforce it is recorded separately.,0f95d3c37916ce2f60770b01e2cb4cd1f37421585cc63053eb69ebfa115b369a,0f95d3c37916ce2f60770b01e2cb4cd1f37421585cc63053eb69ebfa115b369a,fb21512ec6d6cf7be8d22dc9458b5890afcdeee2fbbc2a7c2fec7a06e565e89e,unchanged
schemas/base_schema/50_functions/course_retention_notifications.sql,Schema and data access,M,good,"full-source, baseline-diff, notification-table and due-action caller trace","The one-line changed comparison in claim_course_retention_notification converts the enum receipt action to text for the text-valued due_action result. The surrounding candidate CTE still requires the same course, due timestamp, active instructor membership, active account, and verified email before SKIP LOCKED leasing. This restores the typed join without widening either notification eligibility or retry ownership.",course_retention_notifications.sql:5-120 claim_course_retention_notification; changed predicate:87-91; lease mutation:105-119; acceptance token guard:123-150,schemas/base_schema/50_functions/course_retention_transitions.sql; schemas/base_schema/60_policies/course_retention_notifications.sql,Static SQL trace only; provider dispatch and clock behavior were not executed.,370271cf6fbeb74f335e68c4561f6d1b72af104b68365aaff45e00e77f758217,370271cf6fbeb74f335e68c4561f6d1b72af104b68365aaff45e00e77f758217,70ad33c4380f9be7eb2b260b847d142c5ba775540db225f100ca2be02f2c3348,unchanged
schemas/base_schema/50_functions/course_roster.sql,Schema and data access,M,good,"full-source, baseline-diff, roster-access caller trace","record_course_roster_event now accepts student_access_restored, the event emitted only after restore_student_course_access inserts a membership. The function retains its fixed event allow-list, immutable audit trigger, and transaction timestamp. This is a narrow audit vocabulary extension rather than a new general event writer, so the restore path has a durable event without relaxing historical-event ownership.",course_roster.sql:67-87 reject_course_roster_event_change and record_course_roster_event; course_roster_access.sql:154-163 restore insert then restored audit event,schemas/base_schema/50_functions/course_roster_access.sql,Static trace; audit-table constraints and deployment ordering were not exercised. Reviewer cross-references not resolved to current files: schemas/base_schema/30_tables/course_roster.sql. These references are not verified trace evidence.,e5650637fe9110e47702d2da9a83b0235adbd7d51234be1733ee1be2d2be3156,e5650637fe9110e47702d2da9a83b0235adbd7d51234be1733ee1be2d2be3156,057eae3b7a9f1f45a67145f2ac50dbdf76cdbd8068c81e7943cc6f48264496ea,unchanged
schemas/base_schema/50_functions/course_roster_access.sql,Schema and data access,A,good,"full-source, new-file review, API/store/server caller trace","reset_student_signup_access locks the Course before ending an active membership and revoking every open invitation, then creates exactly one seven-day invitation and obtains email only through the pending-delivery helper. restore_student_course_access repeats the locked instructor check, requires the existing Student Record, revokes pending invitations, then inserts the caller-issued membership UUID and records restoration. The two commands preserve work and serialize competing roster changes.",course_roster_access.sql:8-95 reset_student_signup_access; :97-164 restore_student_course_access; server/src/course_roster.rs:133-188 endpoints; learning-data-access/src/postgres/course_roster.rs:173-213 SQL calls,schemas/base_schema/50_functions/course_roster.sql; crates/server/src/course_roster.rs; crates/learning-data-access/src/postgres/course_roster.rs,Static trace only; invitation delivery remains an external seam and was not exercised.,741c70ee854e76d7df65e2e11a751f020199479dc806c035ebdd31d14f8e60a6,741c70ee854e76d7df65e2e11a751f020199479dc806c035ebdd31d14f8e60a6,ad6ddb76c046ef28e475357d0f9c4728d6622d05d963dfe2d73bbb2631b0bc74,unchanged
schemas/base_schema/50_functions/profile_media.sql,Schema and data access,M,good,"full-source, baseline-diff, grant and store-decoder trace","list_instructor_account_avatar_summaries adds bounded literal query, state, cursor, and 50/100/250 page controls while retaining require_current_sysadmin_account and its browser-safe projection. Email is used only in an EXISTS predicate; selected rows expose neither email nor display name. The API wrapper forwards the same four arguments, and the Postgres decoder requests one extra row to derive continuation, matching the SQL limit-plus-one invariant.",profile_media.sql:114-187 private list validation/filter/limit; :191-207 API wrapper; learning-data-access/src/postgres/instructor_account.rs:76-115 page decode,schemas/base_schema/70_grants/profile_media.sql; crates/learning-data-access/src/postgres/instructor_account.rs; crates/server/src/instructor_account.rs,Static trace; search collation and actual pagination responses were not executed.,d49f4899741118b0233ba47ee294e2372a9a1f725c3a499ad180652893af3ec8,d49f4899741118b0233ba47ee294e2372a9a1f725c3a499ad180652893af3ec8,26fa761ba031e8833f027048456c5f4cbc6d319c037e6feb4de0b35c63389d32,unchanged
schemas/base_schema/50_functions/published_question_metadata_operations.sql,Schema and data access,M,good,"full-source, baseline-diff, bulk-metadata API/store caller trace","bulk_replace_published_question_metadata now permits per-selected Question title and description replacements while keeping classification and tags as the shared patch. It normalizes selection, locks every lineage in canonical order, checks each metadata edit number before any update, and increments metadata_edit_number once. The empty shared patch is rejected unless at least one individual replacement is present, preventing accidental no-op acceptance.",published_question_metadata_operations.sql:13-231 bulk_replace_published_question_metadata; input validation:46-111; stale lock loop:151-187; update:193-224; server/src/question_bulk_metadata.rs:89-118,crates/server/src/question_bulk_metadata.rs; crates/learning-data-access/src/postgres/question_bulk_metadata.rs; schemas/base_schema/70_grants/published_question_metadata_operations.sql,Static trace only; multi-row conflict behavior was not run.,fffe9c6924c1bfd1c4e87b85bd1bac73bc31fde7edd0921fc75171c9420d2a53,fffe9c6924c1bfd1c4e87b85bd1bac73bc31fde7edd0921fc75171c9420d2a53,cc95facd5c820e282c6208030cac80cbdf8ed8e203115906d1cdc40f269ee4b4,unchanged
schemas/base_schema/50_functions/question_authoring_operations.sql,Schema and data access,M,good,"full-source, baseline-diff, draft load/save/publication trace","Fork and load now carry hint and worked_solution alongside general_feedback, and save_authoring_draft_general_feedback adds a replace-support switch so ordinary feedback saves cannot erase support text. The function locks the draft, enforces the draft edit-number CAS, validates each supplied text, and advances the same edit number consumed by publication. API arity and Postgres bind order were updated consistently.",question_authoring_operations.sql:44-329 fork metadata copy; :365-397 load projection; :595-664 save_authoring_draft_general_feedback; :785-811 API wrapper; learning-data-access/src/postgres/authoring.rs:204-227 binds,schemas/base_schema/50_functions/question_publication_operations.sql; crates/server/src/authoring.rs; crates/learning-data-access/src/postgres/authoring.rs,Static trace only; backend source parsing and publication transaction execution were not run.,d85cc5439995b2dc5e71aaf2eb1ccf88cda3ba094e6c42c1f8c2e8dc718778ce,d85cc5439995b2dc5e71aaf2eb1ccf88cda3ba094e6c42c1f8c2e8dc718778ce,c9325ee55e74a0c005671de9aaf2316d6fdc0fd464617f9e45ea9806619ae196,unchanged
schemas/base_schema/50_functions/question_library_operations.sql,Schema and data access,M,good,"full-source, baseline-diff, search API/store caller trace",search_question_library_entries now rejects orphaned classification filters and cross-discipline requests without both discipline and subject. Its existing query still delegates result construction to question_library_entries and returns only after those structural inputs are coherent. This early rejection preserves the classification hierarchy as an API invariant and prevents semantically impossible combinations from reaching the discovery SQL.,question_library_operations.sql:137-410 search_question_library_entries; changed request validation:178-187; API wrapper:413-441; learning-data-access/src/postgres/question_library/search.rs:26-65,crates/learning-data-access/src/postgres/question_library/search.rs; crates/server/src/question_library.rs; schemas/base_schema/70_grants/question_library_operations.sql,Static trace; the intended cross-discipline product semantics were inferred from the function contract.,00febfef46a2c66aef9279bb469bf46793e0e6d4092ad6ab2b099d24869e5636,00febfef46a2c66aef9279bb469bf46793e0e6d4092ad6ab2b099d24869e5636,191450913abf805a2ef270a80cebee9235325cb9eab03837983fe8f56f4b52eb,unchanged
schemas/base_schema/50_functions/question_pool_search_metadata.sql,Schema and data access,A,good,"full-source, new-file review, pool trigger and bulk endpoint trace","bulk_replace_question_pool_search_metadata deliberately owns only tags, topic, and subtopic; it rejects discipline and subject changes. It validates and canonicalizes up to 1000 selections, locks every Pool before CAS checks, then updates metadata without changing question_pool_edit_number. That matches validate_question_pool_lineage_update: the edit number represents member-list changes, while search metadata is separate mutable Pool state.",question_pool_search_metadata.sql:6-177 bulk command; selection/CAS:24-132; update:133-177; question_pools.sql:20-51 validate_question_pool_lineage_update; server/src/question_pool_bulk_metadata.rs:95-123,schemas/base_schema/50_functions/question_pools.sql; crates/server/src/question_pool_bulk_metadata.rs; crates/learning-data-access/src/postgres/question_pool_bulk_metadata.rs,Static trace only; database classification constraints were not executed.,725ee77f4124e4559545adf174b74e06c983d91d6a247a04e5c72cda89de8a4e,725ee77f4124e4559545adf174b74e06c983d91d6a247a04e5c72cda89de8a4e,885903b5e6c43e609d0473ec64596d37cee5198dba4b66fbb6341765dcc479d9,unchanged
schemas/base_schema/50_functions/question_pool_stewardship.sql,Schema and data access,M,good,"full-source, baseline-diff, question-star parallel contract trace","The changed Pool star read filters active endorsers to non-null vetted display names before both count and array aggregation. Consequently star_count now measures exactly the identities disclosed by starred_instructor_display_names, rather than including an undisclosable account. Session-derived active-Instructor authorization and the API pass-through remain unchanged, preserving the Pool stewardship boundary.",question_pool_stewardship.sql:49-111 read_current_question_pool_star; changed aggregate predicate:100-106; API wrapper:189-198; question_stewardship.sql:155-219 parallel Question contract,schemas/base_schema/50_functions/question_stewardship.sql; schemas/base_schema/70_grants/question_stewardship.sql,Static trace; no rows with missing vetted names were evaluated.,3c42071cce87aeb570422cf2c6376e17fae8e5bcc5646de687fcf91b82a8b57f,3c42071cce87aeb570422cf2c6376e17fae8e5bcc5646de687fcf91b82a8b57f,0ab688e6e2ffeedc1d0329d4deb430fb03cd53a4c402273e27219c67fb9f0165,unchanged
schemas/base_schema/50_functions/question_pool_support.sql,Schema and data access,A,refine,"full-source, new-file review, pool lineage and server save trace","The support command properly scopes ownership to a vetted instructor, locks the Pool, validates all three texts, and intentionally leaves question_pool_edit_number unchanged because that number belongs to membership edits. However it uses that membership-only number as its CAS token. A support editor can therefore overwrite a concurrent support or search-metadata save that leaves the number unchanged; support needs its own revision/version or a Pool-wide version if stale-write protection is required.",question_pool_support.sql:25-137 require/read/save; stale comparison:106-118; unchanged-number update:119-131; question_pools.sql:20-51 member-list edit invariant; server/src/question_pool_support.rs:96-126,schemas/base_schema/50_functions/question_pools.sql; crates/server/src/question_pool_support.rs; crates/learning-data-access/src/postgres/question_pool_support.rs,"Confirmed static lost-update path; product may intentionally accept last-writer-wins, but the stated CAS error surface suggests otherwise.",22340c53528183ed428da9d22f88a908d5835f17b0d5c6c2f094170574f5adf1,22340c53528183ed428da9d22f88a908d5835f17b0d5c6c2f094170574f5adf1,74b2b82303f13a16dd6631ac1924d292b517ee549031977a84da5e64b86b8664,unchanged
schemas/base_schema/50_functions/question_pools.sql,Schema and data access,M,refine,"full-source, baseline-diff, grants and adoption/fork caller trace","The lineage trigger separates member-list edits from metadata/support writes, and save_question_pool_members locks then advances the member-list edit number once. construct_question_pool_fork locks its source while copying members and support, avoiding a concurrent torn snapshot. But import/fork accepts no expected source question_pool_edit_number: a user can select an old source, another edit can commit first, and the import silently copies newer state. This is a confirmed source-CAS gap.",question_pools.sql:20-51 lineage trigger; :216-315 save_question_pool_members; :320-385 construct_question_pool_fork source FOR SHARE; :390-434 fork wrappers; course_blueprint_adoption.sql:44-80 caller,schemas/base_schema/50_functions/course_blueprint_adoption.sql; schemas/base_schema/70_grants/question_pools.sql; schemas/base_schema/50_functions/question_pool_support.sql,Confirmed static source-selection stale path; the needed UI/server source edit number may be intentionally deferred.,fbec764504e732bcb9efca94c7ee8e10543ba2e8cb5b48a14af532fbbc7f47f0,fbec764504e732bcb9efca94c7ee8e10543ba2e8cb5b48a14af532fbbc7f47f0,823c8c48833345e6cfc7eb09812a1ac8622525c9efa5e1c2264ca71fb60d97b9,unchanged
schemas/base_schema/50_functions/question_publication_operations.sql,Schema and data access,M,good,"full-source, baseline-diff, authoring and source-publication caller trace","publish_question_revision now locks both draft and parent image rows, includes hint and worked_solution in its exact parent comparison, and treats a native HOTSPOT image as unchanged only when asset id, source checksum, and dimensions agree on both sides. It then writes those support texts into the immutable revision. publish_new_question_lineage performs the matching first-revision insertion, keeping draft metadata and published revision ownership aligned.",question_publication_operations.sql:82-313 publish_question_revision; image comparison:162-249; immutable revision insert:268-274; :418-570 publish_new_question_lineage; server/src/question_publication.rs:292-328,schemas/base_schema/50_functions/question_authoring_operations.sql; crates/server/src/question_publication.rs; crates/learning-data-access/src/postgres/question_source.rs,Static trace only; image object lifecycle and concurrent publish execution were not run.,e61c29b329e5ad03ba4c64767dcc305d0daf416916c1ed34391740a961e282d4,e61c29b329e5ad03ba4c64767dcc305d0daf416916c1ed34391740a961e282d4,3ab6740950d05a73015c08208e8c29a59d24d5fc9c8fdbf1b6caf25d075fff65,unchanged
schemas/base_schema/50_functions/question_stewardship.sql,Schema and data access,M,good,"full-source, baseline-diff, star endpoint/store caller trace","read_current_question_star now counts only active endorsers with vetted display names, making the numeric count and returned name array represent the same set. New list_current_starred_questions derives the owner from session, joins only that instructor's stars to current metadata, orders newest first, and exposes a 250-row truncation bit. The server and Postgres store call the API wrapper without accepting an account id.",question_stewardship.sql:155-219 star read; :221-255 personal collection; :391-399 API wrapper; server/src/question_stewardship.rs:119-141; learning-data-access/src/postgres/question_star.rs:178-205,crates/server/src/question_stewardship.rs; crates/learning-data-access/src/postgres/question_star.rs; schemas/base_schema/70_grants/question_stewardship.sql,"Static trace only; continuation is intentionally represented only as truncation, not a cursor.",47f57f6468fbdbee6c646d020865c9babb1facdd4f48b2c0846cb421264c08da,47f57f6468fbdbee6c646d020865c9babb1facdd4f48b2c0846cb421264c08da,f78058a22b6867130da23733f26a5bb421275a82fd7ecccc9c17326dfe256660,unchanged
schemas/base_schema/50_functions/recognition_titles.sql,Schema and data access,A,good,"full-source, new-file review, recognition route/store caller trace","load_recognition_titles is a bounded, session-derived Instructor projection over current Question metadata and Pool title. It rejects null, duplicate, empty, or oversized selections and omits missing lineages rather than fabricating titles. The recognition route first derives referenced public IDs from its Blueprint document and the store maps returned rows by id, so the function supplies display text without adding titles to the public Blueprint authority.",recognition_titles.sql:6-59 load_recognition_titles; server/src/blueprint_course/recognition_titles.rs:43-80; learning-data-access/src/postgres/blueprint_course/recognition.rs:14-60,crates/server/src/blueprint_course/recognition_titles.rs; crates/learning-data-access/src/postgres/blueprint_course/recognition.rs; schemas/base_schema/70_grants/recognition_titles.sql,Static trace; duplicate ordering across the two result sets is not a consumer requirement because the caller maps by id.,676ba89532e479916868529d913fe500976cf5ca3d0d2e24f0e6f5b89759a069,676ba89532e479916868529d913fe500976cf5ca3d0d2e24f0e6f5b89759a069,e52715a3d8a26595680b65fe46ffbba6ec6e64f8f9f82998a9b5597ec8748312,unchanged
schemas/base_schema/50_functions/student_course_response_stats.sql,Schema and data access,M,good,"full-source, baseline-diff, live-landing store/server caller trace","list_live_student_course_response_stats adds question_title by left joining current published_question_metadata after the private reader has already enforced active student membership, course lifecycle, released score/per-item feedback, and exact revision outcomes. The title is supplementary presentation data; statistics remain keyed by published question and revision. This changed SQL does not address class_statistics=None, which is explicitly excluded as incomplete wiring.",student_course_response_stats.sql:5-121 disclosed exact-revision aggregation; :125-186 live projection and title join; crates/learning-data-access/src/postgres/live_student_course_landing.rs:248-278,crates/server/src/live_student_course_landing.rs; crates/learning-data-access/src/postgres/live_student_course_landing.rs; schemas/base_schema/50_functions/assessment_attempt_history.sql,Class-statistics omission is excluded temporary incomplete wiring; no runtime disclosure behavior was tested.,7e4f66f8420fbf098f510c207422953bddd2bcc1997aefe4b5adb0f1d8940605,7e4f66f8420fbf098f510c207422953bddd2bcc1997aefe4b5adb0f1d8940605,abd063f9f0dd5de36431b1ffed8f141720de377bd27beccac4be4391457648ea,unchanged
schemas/base_schema/50_functions/sysadmin_course_inspection.sql,Schema and data access,A,refine,"full-source, new-file review, route/store decoder and grant trace","Both inspection functions authorize the installed Sysadmin before validating identifiers, project only course state and active vetted instructor display names, and bound lists to 251 rows. The store decodes the overfetch page and returns a continuation cursor, so the extra row is consumed correctly. The SQL literal helper runs under the file's ple_api_owner SET LOCAL ROLE; an earlier claim that it improperly privileges an F9 helper is false.",sysadmin_course_inspection.sql:3 SET LOCAL ROLE ple_api_owner; :8-82 list_installation_courses; :84-136 load_installation_course; learning-data-access/src/postgres/course_instance.rs:391-438 decode/continuation,crates/server/src/course_instance.rs; crates/learning-data-access/src/postgres/course_instance.rs; schemas/base_schema/70_grants/course_operations.sql,Static trace; this retains the separately identified product question of whether a fixed 250-item API page is adequate.,59deb7a33a81169ef1f15cab66575ed25bd0ecd6931abbdbf91ab0ab282abe6a,59deb7a33a81169ef1f15cab66575ed25bd0ecd6931abbdbf91ab0ab282abe6a,ddbb60291308a60badbce8d11b1fdf9dcab22fe7b40d973f52496511fa6685ac,unchanged
schemas/base_schema/60_policies/content_classification.sql,Schema and data access,M,good,"full-source, baseline-diff, classification-command/policy trace","The change brings content_discipline_request under the same enabled and forced RLS model as the other classification tables, with the sole data-owner ALL policy. This matches the command design: runtime roles receive no direct table access and classification operations enter through security-definer functions. Adding the new request table closes a policy-coverage omission without creating a parallel authorization rule.","content_classification.sql:7-52 RLS enable/force and data-owner policies; added request coverage:15-17,38-39; 50_functions/content_classification_operations.sql:3-478 command boundary",schemas/base_schema/50_functions/content_classification_operations.sql; schemas/base_schema/70_grants/content_classification.sql; schemas/base_schema/20_tables/content_classification.sql,Static policy trace only; role grants and RLS execution were not tested.,bce9e5228c200d7fd1f3c4c34671947f7bd1eb7f2b513394009e970328895672,bce9e5228c200d7fd1f3c4c34671947f7bd1eb7f2b513394009e970328895672,10976a4d227b61e8c0964b405ffc8870b224bc07ae72ce9774e289ee6e3fe82f,unchanged
schemas/base_schema/60_policies/content_classification_operations.sql,Schema and data access,M,good,source and caller trace,"Adds the missing RLS policy for content_discipline_request, matching the private command path introduced by request_content_discipline, list_open_content_discipline_requests, and resolve_content_discipline_request. With FORCE RLS on the table, this policy is the ownership bridge that lets ple_private_owner perform the narrowly granted request lifecycle while application roles still reach it only through the API wrappers.",schemas/base_schema/60_policies/content_classification_operations.sql:5-9 policy content_discipline_request_private_command_access; schemas/base_schema/50_functions/content_classification_operations.sql:393-515 request/list/resolve private functions; schemas/base_schema/70_grants/content_classification_operations.sql:95-105,schemas/base_schema/50_functions/content_classification_operations.sql; schemas/base_schema/70_grants/content_classification_operations.sql; schemas/base_schema/20_tables/content_classification.sql,Static review; table RLS enablement is established elsewhere in the classification schema.,74dfd10f6f8a505ff304da1e79c4ae8275f3361271bf6f8326c7b4aa0c566ed3,74dfd10f6f8a505ff304da1e79c4ae8275f3361271bf6f8326c7b4aa0c566ed3,12db229e1c95f73f339e534875d16e76277b39d33644d14b1d88c2d4fd130b17,unchanged
schemas/base_schema/60_policies/question_pools.sql,Schema and data access,M,good,source and privilege trace,"The new provenance tables receive FORCE RLS, data-owner full access, and API-owner lookup-only policies. That matches save_question_pool_provenance being SECURITY DEFINER under data ownership and read_question_pool_provenance projecting through the API, so raw authorship/license/source rows are not directly mutable by the API owner. The separation keeps Pool provenance owned by the Pool rather than member Questions.",schemas/base_schema/60_policies/question_pools.sql:31-59; schemas/base_schema/50_functions/question_pools.sql:439-530 save_question_pool_provenance; schemas/base_schema/70_grants/question_pools.sql:42-67,schemas/base_schema/50_functions/question_pools.sql; schemas/base_schema/70_grants/question_pools.sql; schemas/base_schema/20_tables/question_pool.sql,"Member import source compare-and-swap remains a separate confirmed gap, not created by these RLS policies.",7488c2dd0a65a856911e987a0e0cb9a9d2d23a4208a712cf82aeb61ea7cb23c9,7488c2dd0a65a856911e987a0e0cb9a9d2d23a4208a712cf82aeb61ea7cb23c9,a104b2c8fda6518c6a60bf3a7f608f45d95015df4fd2f42498d1e3ca9e3d542a,unchanged
schemas/base_schema/70_grants.sql,Schema and data access,M,good,install-chain trace,"The top-level grants manifest now includes recognition_titles.sql after question_library_operations. This makes the new ple_api.load_recognition_titles capability reachable in a fresh install, rather than relying on an incidental prior privilege state. The placement follows function definition installation before the grant aggregation and is consistent with the Rust recognition loader's single API query.",schemas/base_schema/70_grants.sql:42-45 includes recognition_titles.sql; schemas/base_schema/70_grants/recognition_titles.sql:3-7; crates/learning-data-access/src/postgres/blueprint_course/recognition.rs:28-34,schemas/base_schema/70_grants/recognition_titles.sql; schemas/base_schema/50_functions/recognition_titles.sql; crates/learning-data-access/src/postgres/blueprint_course/recognition.rs,Static install-order assessment only.,252f73288207531fb52f7afe2a57183ba836fbcb088452f496717fa79b9aa6a4,252f73288207531fb52f7afe2a57183ba836fbcb088452f496717fa79b9aa6a4,47c027f51deebe30b3f0e168e51b3b6edfae0110df578135badc63a13e9b87ff,unchanged
schemas/base_schema/70_grants/assessment_attempt_history.sql,Schema and data access,M,good,grant and consumer trace,"Grants ple_api_owner execution of read_student_work_records(uuid), closing the server-to-private function path used to render student work history. PUBLIC stays revoked, so the privilege is limited to the API definer boundary rather than widened to callers. This is a necessary companion to the existing public API history functions and preserves database-side session authorization.",schemas/base_schema/70_grants/assessment_attempt_history.sql:49-54; schemas/base_schema/50_functions/archived_student_work_recovery.sql read_student_work_records; crates/learning-data-access/src/postgres/assessment_delivery_history_response.rs uses assessment-history API,schemas/base_schema/50_functions/archived_student_work_recovery.sql; schemas/base_schema/50_functions/assessment_attempt_history.sql; crates/learning-data-access/src/postgres/assessment_delivery_history_response.rs,Read-only code trace; no live privilege execution.,19e057143e0c8335646fbe1b43bbb9e427d52b6a9c68676c50c31db36db2cd4a,19e057143e0c8335646fbe1b43bbb9e427d52b6a9c68676c50c31db36db2cd4a,0d26497312a64b865bed18c087ebefec9ef5da94511d968cba8d49b6d022bc78,unchanged
schemas/base_schema/70_grants/assessment_policy_snapshot.sql,Schema and data access,M,good,signature-to-call trace,"Updates the exact overloaded signature grant for ensure_assessment_policy_snapshot after hints and worked-solution feedback parameters were added. assessment_template_copy passes both values to the 18-argument function, so leaving the old signature would fail at runtime despite the function existing. The grant remains limited to data and API owners; policy snapshots remain a database-owned immutable content address.",schemas/base_schema/70_grants/assessment_policy_snapshot.sql:16-29; schemas/base_schema/50_functions/assessment_policy_snapshot.sql:8-28; schemas/base_schema/50_functions/assessment_template_copy.sql:51-66,schemas/base_schema/50_functions/assessment_policy_snapshot.sql; schemas/base_schema/50_functions/assessment_template_copy.sql; schemas/base_schema/20_tables/assessment.sql,class_statistics=None excluded as requested incomplete wiring.,21cbe47abc2495c25bbc86d3730b5ac86815c5ad52460c574279d5bb072baa6d,21cbe47abc2495c25bbc86d3730b5ac86815c5ad52460c574279d5bb072baa6d,fdfd4626c6dcc6d4494ade7ba0a1786207ebec0a06d0d3e19e27ae7cd9283e60,unchanged
schemas/base_schema/70_grants/assessment_template_copy.sql,Schema and data access,M,good,signature-to-function trace,"The grant signature expands from 16 to 18 text arguments, exactly following create_assessment_from_template_values adding feedback_hints and feedback_worked_solutions. The public API wrapper loads a template then calls this data-owner function; granting only ple_api_owner preserves that indirect copy boundary and avoids a broad table-write grant to the application role.","schemas/base_schema/70_grants/assessment_template_copy.sql:5-8; schemas/base_schema/50_functions/assessment_template_copy.sql:8-35,51-69; schemas/base_schema/50_functions/assessment_template_copy.sql:82-160",schemas/base_schema/50_functions/assessment_template_copy.sql; schemas/base_schema/50_functions/assessment_policy_snapshot.sql; schemas/base_schema/20_tables/assessment.sql,Static signature correspondence confirmed; no install run.,e25845efe5da754dda417be974b9b894a198812e80bde715237350f5945add93,e25845efe5da754dda417be974b9b894a198812e80bde715237350f5945add93,8bb8fecf5e20a3596d4299d54a0fd9b636d3fff3baff08f540afbf9f4e11e31f,unchanged
schemas/base_schema/70_grants/blueprint_operations.sql,Schema and data access,M,good,API-to-store trace,"Changes list_blueprint_courses grants to its new 15-argument signature including the recognition/search parameter. The Postgres store binds that signature when assembling list results, so this prevents a missing EXECUTE failure while retaining ple_app-only entry through the API definer. It is a precise privilege repair, not a new authorization surface.",schemas/base_schema/70_grants/blueprint_operations.sql:21-30; schemas/base_schema/50_functions/blueprint_operations.sql list_blueprint_courses definition; crates/learning-data-access/src/postgres/blueprint_course/search.rs:30-50,schemas/base_schema/50_functions/blueprint_operations.sql; crates/learning-data-access/src/postgres/blueprint_course/search.rs; crates/learning-data-access/src/postgres/blueprint_course.rs,Exact caller bind count was inspected statically.,e03c26ffc371dbe062175a6362a6e06f789c4fad5522e628c06e31bccef1b978,e03c26ffc371dbe062175a6362a6e06f789c4fad5522e628c06e31bccef1b978,99ea8c172096dc44a2657c2ab03ce64cbc493dfff9f4d4e209687d2691b15eb6,unchanged
schemas/base_schema/70_grants/content_classification.sql,Schema and data access,M,good,table-policy-function trace,"Adds content_discipline_request to the direct-table revoke set. Request creation and resolution therefore cannot bypass the session-derived private routines by direct ple_app/API table access; the separately added operation grants give ple_private_owner only SELECT, INSERT, and resolved_at update. This cleanly assigns request lifecycle ownership to the classification command layer.",schemas/base_schema/70_grants/content_classification.sql:5-9; schemas/base_schema/70_grants/content_classification_operations.sql:5-11; schemas/base_schema/50_functions/content_classification_operations.sql:393-515,schemas/base_schema/70_grants/content_classification_operations.sql; schemas/base_schema/60_policies/content_classification_operations.sql; schemas/base_schema/50_functions/content_classification_operations.sql,No runtime role matrix executed.,fe71fb9a9087bd3d3d1db87f78973e7839ca443ac7fd30b39d97455277625346,fe71fb9a9087bd3d3d1db87f78973e7839ca443ac7fd30b39d97455277625346,36b8c45327750dd4e7a1c9b82c5301ad1356ff9cef2f5f210cdb4f790f6b5f72,unchanged
schemas/base_schema/70_grants/content_classification_operations.sql,Schema and data access,M,good,function and role trace,"Supplies the narrow table privileges and private/API execute grants needed for discipline-request workflow. resolve_content_discipline_request can update only resolved_at, while request and list functions retain a session-derived actor check in their private layer. The symmetric revoke/grant chain makes ple_app consume the API wrapper, avoiding a direct request-table mutation capability.","schemas/base_schema/70_grants/content_classification_operations.sql:5-11,95-105,177-187; schemas/base_schema/50_functions/content_classification_operations.sql:393-515,567-610",schemas/base_schema/50_functions/content_classification_operations.sql; schemas/base_schema/60_policies/content_classification_operations.sql; crates/learning-data-access/src/postgres/content_classification.rs,Static only; request de-duplication behavior belongs to the function review.,515e24db409e00426efb5dec568835ac0b18f938e398060db98fb47378272b56,515e24db409e00426efb5dec568835ac0b18f938e398060db98fb47378272b56,7521204c0cf6b8842b4a9db850d7d122a81db168363761c2cc0cda18f055c592,unchanged
schemas/base_schema/70_grants/course_operations.sql,Schema and data access,M,good,route-to-function trace,Adds execute grants for roster reset/restore and sysadmin course inspection functions that the new server routes call through Postgres stores. Both groups remain PUBLIC-revoked and ple_app-only; the underlying SECURITY DEFINER functions derive instructor or sysadmin authority from the session. This is privilege wiring rather than a claim that every new workflow has full product readiness.,"schemas/base_schema/70_grants/course_operations.sql:23-47; schemas/base_schema/50_functions/sysadmin_course_inspection.sql:8-135; crates/server/src/course_roster.rs:42-49,133-184; crates/server/src/course_instance.rs:74-77,285-320",schemas/base_schema/50_functions/course_roster.sql; schemas/base_schema/50_functions/sysadmin_course_inspection.sql; crates/learning-data-access/src/postgres/course_roster.rs; crates/learning-data-access/src/postgres/course_instance.rs,Deferred readiness explicitly excluded.,64350fed72405c1b79e424f538e5058c1207f8da932781368e16c616eba70433,64350fed72405c1b79e424f538e5058c1207f8da932781368e16c616eba70433,8d0c89c9bd1234c7ef2681e82137cc69d38294f0f8c7c33c29c58df63f6c8ad0,unchanged
schemas/base_schema/70_grants/course_retention_notifications.sql,Schema and data access,M,good,constraint-role trace,"Grants work_lease_pair_is_valid to the notification owner and API owner because the lease CHECK executes under the inserting role. Without it, notification receipts and API-owned banner/profile work could fail constraint evaluation despite valid lease data. The helper is not an external privilege escalation: its callers run within owner-controlled SQL routines and it merely validates a pair.",schemas/base_schema/70_grants/course_retention_notifications.sql:25-34; schemas/base_schema/50_functions/course_retention_notifications.sql work_lease_pair_is_valid; schemas/base_schema/20_tables/course_retention_notification.sql lease CHECK,schemas/base_schema/50_functions/course_retention_notifications.sql; crates/server/src/course_retention_notification_delivery.rs,The claimed helper privilege concern is false: intra-file SET LOCAL ROLE switches define the owning APIs. Reviewer cross-references not resolved to current files: schemas/base_schema/20_tables/course_retention_notification.sql. These references are not verified trace evidence.,d61ca547a82b8710b8c62db3d9843dcc71f676fc21e89e0a197e766e2883b1e8,d61ca547a82b8710b8c62db3d9843dcc71f676fc21e89e0a197e766e2883b1e8,f36b9db0a700508a7cac9c90e37b8f70d4a0d2ea3bd3257a791fb297e79f6c79,unchanged
schemas/base_schema/70_grants/profile_media.sql,Schema and data access,M,good,signature-to-query trace,"Replaces the zero-argument avatar-summary grant with the paginated four-argument signature. The Postgres account store calls ple_api.list_instructor_account_avatar_summaries($1,$2,$3,$4), and the API wrapper forwards the bounded query/state/cursor/limit to the private projection. Updating the exact overload prevents a runtime permission mismatch without granting profile-image mutation outside existing functions.",schemas/base_schema/70_grants/profile_media.sql:40-48; schemas/base_schema/50_functions/profile_media.sql:114-207; crates/learning-data-access/src/postgres/instructor_account.rs:87-98,schemas/base_schema/50_functions/profile_media.sql; crates/learning-data-access/src/postgres/instructor_account.rs; crates/server/src/instructor_account.rs,One legacy internal zero-argument query at postgres/instructor_account.rs:215-221 merits separate compilation/runtime confirmation.,952a8689837c4288aa1c9e921008fbffb8abc20b45075eb9c1314ca6d28a796d,952a8689837c4288aa1c9e921008fbffb8abc20b45075eb9c1314ca6d28a796d,cf8cfa0f460ca1472e9b5b76957994df3fec26f414f92dbdb9716db73cc59fdd,unchanged
schemas/base_schema/70_grants/question_authoring_operations.sql,Schema and data access,M,good,signature-to-editor trace,Updates both private and API grants to the five-argument general-feedback save operation. The implementation now persists feedback plus hint/worked-solution settings through one optimistic-edit command; retaining the old three-argument grants would leave the server's expanded authoring payload unable to execute. The access model remains private-owner command execution reached only from ple_api.,schemas/base_schema/70_grants/question_authoring_operations.sql:9-47; schemas/base_schema/50_functions/question_authoring_operations.sql save_authoring_draft_general_feedback definition; crates/learning-data-access/src/postgres/authoring.rs general feedback query,schemas/base_schema/50_functions/question_authoring_operations.sql; crates/learning-data-access/src/postgres/authoring.rs; crates/server/src/authoring.rs,Static signature audit only.,229eab77a2703d41989f272b87c41d6d2b6e70863cef380910284c8155662667,229eab77a2703d41989f272b87c41d6d2b6e70863cef380910284c8155662667,345547929ae49a2b8ab4ad672d1d313f9ec53ae600bb695cf3d116087383d7b3,unchanged
schemas/base_schema/70_grants/question_pools.sql,Schema and data access,M,refine,"privilege, transaction, and consumer trace","The grants correctly confine metadata, provenance, bulk-search, and support commands to definer APIs, and the support table UPDATE excludes member columns. However save_question_pool_ple_managed_support locks and compares the member-list edit number but deliberately does not advance it. Two support editors using the same number therefore both succeed and last write wins; its documented stale-write protection is ineffective for support text.","schemas/base_schema/70_grants/question_pools.sql:18-24,91-123; schemas/base_schema/50_functions/question_pool_support.sql:76-136; crates/server/src/question_pool_support.rs:115-123",schemas/base_schema/50_functions/question_pool_support.sql; schemas/base_schema/50_functions/question_pool_search_metadata.sql; schemas/base_schema/50_functions/question_pools.sql; crates/learning-data-access/src/postgres/question_pool_support.rs,Pool member edit semantics are intentionally preserved; finding is limited to concurrent support-text stale writes.,9c4756f6d227b27b143e0a0188b87a35645f5c7c16c03f57e7058e460b96f88a,9c4756f6d227b27b143e0a0188b87a35645f5c7c16c03f57e7058e460b96f88a,81f854c25f08713b10f421e277379acdc71368eccab8fe5b65ac94383371c41e,unchanged
schemas/base_schema/70_grants/question_stewardship.sql,Schema and data access,M,good,function-to-route trace,"Adds the missing grants for list_current_starred_questions across data and API wrappers. The data function derives the current instructor from the installed session, returns only that account's stars, orders them deterministically, and signals truncation; the server route consumes the page. Thus the new discovery path does not expose another instructor's private star state.","schemas/base_schema/70_grants/question_stewardship.sql:24-49; schemas/base_schema/50_functions/question_stewardship.sql:221-247,391-399; crates/server/src/question_stewardship.rs:130-133",schemas/base_schema/50_functions/question_stewardship.sql; crates/learning-data-access/src/question_star.rs; crates/server/src/question_stewardship.rs,"Pagination is intentionally capped collection behavior, not assessed as a defect here.",680897f9d8cc73a93cd54a35e61a3655f6fdffff69849adddd4cfbb77f907045,680897f9d8cc73a93cd54a35e61a3655f6fdffff69849adddd4cfbb77f907045,af864cdbd03ee7d9e45953ca3ffff9c5050de3957c61fbd8d4efb8226350cda1,unchanged
schemas/base_schema/70_grants/recognition_titles.sql,Schema and data access,A,good,projection-to-consumer trace,"New grant exposes only ple_api.load_recognition_titles(text[],text[]) to ple_app after revoking PUBLIC. The recognition loader sends bounded question and pool ID arrays and receives record kind, public ID, and title, allowing proposal UI recognition without loading whole library records. The function itself remains responsible for session-bound authorization and omitting missing lineages.",schemas/base_schema/70_grants/recognition_titles.sql:3-7; schemas/base_schema/50_functions/recognition_titles.sql; crates/learning-data-access/src/postgres/blueprint_course/recognition.rs:11-34,schemas/base_schema/50_functions/recognition_titles.sql; crates/learning-data-access/src/postgres/blueprint_course/recognition.rs; crates/learning-data-access/src/postgres/blueprint_course.rs,Static inspection of function authorization and projection only.,879dafda57308fd0e38392261c7fc55631d8c3733b97a928e49e43aa585ac506,879dafda57308fd0e38392261c7fc55631d8c3733b97a928e49e43aa585ac506,607a645362d4f6e389c44325c5be7ecd69045f7d57c625d341797f6edb05916d,unchanged
schemas/base_schema/install.sql,Schema and data access,M,good,fresh-install dependency trace,"Registers new Pool bulk metadata/support, sysadmin course inspection, roster access, and recognition-title function files before later grants/policies are applied. Each has a corresponding newly granted API capability and Rust caller, so omission would make a clean schema install fail or leave an undefined function. This is direct schema evolution, not a compatibility migration layer.","schemas/base_schema/install.sql:43-47,70-82; schemas/base_schema/70_grants/question_pools.sql:91-123; schemas/base_schema/70_grants/course_operations.sql:40-47; schemas/base_schema/70_grants/recognition_titles.sql:3-7",schemas/base_schema/50_functions/question_pool_search_metadata.sql; schemas/base_schema/50_functions/question_pool_support.sql; schemas/base_schema/50_functions/sysadmin_course_inspection.sql; schemas/base_schema/50_functions/course_roster_access.sql; schemas/base_schema/50_functions/recognition_titles.sql,Install order checked statically; no database install run per assignment.,3b6afab08322910b777f8efac266713385535638a75f864cb35153674b8f64a8,3b6afab08322910b777f8efac266713385535638a75f864cb35153674b8f64a8,2ba0d2fa0bbb0d728ea9a6ceb417457cc2e65e1e89fb9e0c924765fb16ddfbc2,unchanged
crates/adapters/ple/src/lib/question_json_source_tests.rs,Tests and gates,M,good,full-source and source-to-backend trace,"The added cases protect two distinct native-backend boundaries: an authorScript may survive issuance as AuthorContent but changing its claimed answer from blue to red cannot change grade_question_json, and the same resolved immutable bytes deterministically issue presentation/reproduction metadata, grade choices, and project recorded feedback. These are permanent-worthwhile because author-controlled source crosses into student-visible content while correctness must remain server owned; the repeated store/resolve setup is incidental fixture ceremony.",question_json_source_tests.rs:86-171 grading_and_correctness_decisions_remain_server_owned_and_independent_of_author_supplied_javascript; :174-299 native_question_backend_owns_rendering_interaction_response_grading_feedback_and_state; crates/adapters/ple/src/lib.rs issue_question_json/grade_question_json/project_recorded_question_json_teaching_content; crates/adapters/ple/src/question_json.rs:144-201 PleQuestionJsonDocument::parse/compile,crates/adapters/ple/src/lib.rs; crates/adapters/ple/src/question_json.rs; crates/question_model/src/question_backend_fields.rs,The test proves PLE adapter behavior with MemoryObjectStore; it does not exercise the server route that decides whether AuthorContent is executed in a browser.,aa55383b37185ab5d28ff5e92b2bb0a4f0cdbc1abd7b69930d285332e86eb29c,aa55383b37185ab5d28ff5e92b2bb0a4f0cdbc1abd7b69930d285332e86eb29c,cce139dd5494d2cf571ca807f59d3e9beadcbc90a39e6a069fdbca1f3c030fd3,unchanged
crates/adapters/ple/src/question_json/tests.rs,Tests and gates,M,good,full-source and parser/checksum trace,"The new checksum assertions mutate prompt, correctChoice, numeric epsilon, and hotspot image tuple and require each canonical SHA-256 to differ; that preserves revision identity for every material grading or rendered-image input. The external-resource case separately accepts recorded rdkit author content and link/image URLs but rejects an external script lacking a recorded CDN domain. Both protect durable source-integrity and review boundaries, although the literal example domains are only fixture data.",question_json/tests.rs:244-342 changing_source_answer_grading_or_question_image_changes_the_revision_source_checksum; :345-369 external_javascript_dependencies_and_cdn_domains_are_explicitly_recorded_and_reviewable; crates/adapters/ple/src/question_json.rs:160-201 canonical_bytes/canonical_sha256/validate; crates/adapters/ple/src/question_json/imported.rs external-resource validation,crates/adapters/ple/src/question_json.rs; crates/adapters/ple/src/question_json/imported.rs; crates/question_model/src/question_revision.rs,"The reviewed parser identifies recorded domains, but this unit test does not establish a deployment-time allowlist or browser CSP enforcement.",8a2cf1dac383497e48da1d0fc8a983cc5e36f140216529381e3dd4df906a6958,8a2cf1dac383497e48da1d0fc8a983cc5e36f140216529381e3dd4df906a6958,24a7db329dccfd7a15550f822a26e1c06163c5df232099e7840fcf5e168203c2,unchanged
crates/adapters/webwork/src/http_renderer/tests.rs,Tests and gates,M,good,full-source and HTTP client trace,"The new loopback fixture verifies render sends only base64 PG source and grade sends PG source plus the canonical answer pair, while the returned 0.5 score is interpreted as backend output. It specifically rejects locally supplied renderedHTML, feedback, controls, or score fields, preserving WeBWorK as the owner of PG/PGML interaction and evaluation. This is permanent protocol protection; the one-request fixture cannot demonstrate real WeBWorK semantic rendering.",http_renderer/tests.rs:380-443 grade_forwards_ordered_pairs_once_with_trusted_fields; :445-531 webwork_owns_pg_pgml_rendering_controls_evaluators_partial_credit_and_feedback; crates/adapters/webwork/src/http_renderer/client.rs render/grade; crates/adapters/webwork/src/http_renderer.rs response parsing,crates/adapters/webwork/src/http_renderer/client.rs; crates/adapters/webwork/src/http_renderer.rs; crates/adapters/webwork/src/lib.rs,The fake HTTP endpoint validates the adapter wire contract only; upstream WeBWorK behavior remains outside this test.,35b820f0495b30679359161f909b73112a708099d267bf22ab2df463467e4b8d,35b820f0495b30679359161f909b73112a708099d267bf22ab2df463467e4b8d,82f33efc951213fc501a3207d2f16bb66206f87cf730615c701fc700afe05615,unchanged
crates/domain/src/effective_assessment_properties/tests.rs,Tests and gates,M,good,full-source and policy-decision trace,"This suite varies membership entitlement, release state, exact schedule endpoints, attempt count, accommodation ownership, and hypothetical modifiers, then asserts resolve_effective_policy returns either one authorized effective policy or a gate denial. The invariant is that authorization/status precede mutable policy projection and an accommodation can only extend its named student's due time. These are durable domain rules, not fixture assertions.",effective_assessment_properties/tests.rs:59-250 active_student_course_membership_resolves_base_policy through hypothetical_student_view_scenario_can_apply_direct_modifiers; :303 onward schedule/default-policy cases; crates/domain/src/effective_assessment_properties.rs:299-412 resolve_effective_policy/resolve_authorized_policy; :461-586 apply_accommodation_adjustment/assessment_start_decision,crates/domain/src/effective_assessment_properties.rs; crates/domain/src/active_student_course_membership.rs; crates/question_model/src/assessment_activity_rules.rs,Pure domain tests do not prove the PostgreSQL access reader supplies the correct entitlement or saved policy snapshot.,ccef224d15f18a6af1e6d9bfc8b420d5464cafa0f23c942b08b362527e8b1ad7,ccef224d15f18a6af1e6d9bfc8b420d5464cafa0f23c942b08b362527e8b1ad7,aef41a7301eaa663e45b6a90861dfd872d4141af5a7083c465636f6f8c3b7a46,unchanged
crates/domain/src/student_feedback_release/tests.rs,Tests and gates,M,good,full-source and disclosure-consumer trace,"The added support-content test changes hints to DuringAttempt and worked_solutions to Never, then asserts independent disclosure rather than inheriting answer timing. Across the file, timing, submission, cohort, access denial, stale scoring, and per-field projection are varied to ensure withheld data is absent from the response. That is permanent protection against answer leakage; constructed QuestionFeedback is intentionally a local projection fixture.",student_feedback_release/tests.rs:25-75 cohort gate cases; :114-231 timing/access cases; :272-443 projection and stale scoring cases; :447-503 hints_and_worked_solutions_use_their_own_disclosure_settings; crates/domain/src/student_feedback_release.rs:50-160 gates/projectors/evaluate_student_feedback_release; :243-271 project_disclosed_support/timing_released,crates/domain/src/student_feedback_release.rs; crates/server/src/assessment_delivery/history.rs; crates/question_model/src/feedback.rs,"These tests establish the domain projection, while route-level serialization and any cached history response are covered elsewhere.",f72d6b0654c54f98ee8fbfbac9e17de5d1cf86937739c2106631cf537130f784,f72d6b0654c54f98ee8fbfbac9e17de5d1cf86937739c2106631cf537130f784,d6a9ccb4960c95a98ae100c7756ba7b2b49b46c77a414fd7e5ec6d9425dc9235,unchanged
crates/learning-data-access/tests/assessment_access_postgres/access_reader.rs,Tests and gates,M,refine,full-source and SQL reader trace,The sole change updates the asserted public denial wording from Assessment to Coursework while access_reader_projects_one_authoritative_decision_and_effective_policy still varies student context and reads the saved policy through the PostgreSQL access reader. The decision/policy relationship is worth retaining; this particular wording assertion is presentation terminology and is incidental unless the API deliberately promises exact public_reason text.,"assessment_access_postgres/access_reader.rs:16-108 access_reader_projects_one_authoritative_decision_and_effective_policy, especially :90-94; crates/learning-data-access/src/postgres/assessment_delivery.rs:736-762 live_assessment_access; crates/domain/src/effective_assessment_properties.rs:299-412",crates/learning-data-access/src/postgres/assessment_delivery.rs; crates/domain/src/effective_assessment_properties.rs; crates/question_model/src/assessment_student_view.rs,I did not find an explicit external contract declaring the exact English public_reason string stable.,53862cbe529f71a3fe7ff02e6dc49190183a970d00c54bcde792c69ea95b55c5,53862cbe529f71a3fe7ff02e6dc49190183a970d00c54bcde792c69ea95b55c5,6d59f3b9e01134099f2c8c3ded754628c6ad29615e6bce14c7c419dcba8fe997,unchanged
crates/learning-data-access/tests/authoring_draft_source_postgres.rs,Tests and gates,M,neutral,full-source and draft-write trace,"The modified WebWork draft confirmation input now supplies hint, worked_solution, and replace_support defaults so it compiles against the expanded support payload. The underlying test still asserts confirmation retains the initial source binding; no assertion changes those new fields, so their presence is compatibility fixture plumbing rather than behavioral protection.","authoring_draft_source_postgres.rs:221-292 webwork_draft_creation_keeps_the_initial_source_binding_on_confirmation, fields at :253-257; crates/learning-data-access/src/authoring.rs draft creation methods; crates/question_model/src/question_backend_fields.rs support input types",crates/learning-data-access/src/authoring.rs; crates/question_model/src/question_backend_fields.rs; crates/server/src/authoring.rs,"The test does not establish whether null support fields are persisted, replaced, or omitted after confirmation.",c351087feb2827539c73adb3f3f49cdbb697e39c9594aba021f8c19364d79d9b,c351087feb2827539c73adb3f3f49cdbb697e39c9594aba021f8c19364d79d9b,68e782bb54a22a3e77f1f1ad8cff7d2c336a4436b73beeedd4d82f14b7efbc6b,unchanged
crates/learning-data-access/tests/blueprint_course_postgres/append.rs,Tests and gates,M,neutral,full-source and blueprint snapshot trace,"The changed SELECT includes feedback_hints and feedback_worked_solutions in the old-daughter snapshot comparison, so an append/save must preserve the new policy columns along with existing feedback timing. This is a useful regression extension of the existing daughter-work invariant, but the test's JSON row comparison derives its protection from the query shape rather than independently varying those values.",blueprint_course_postgres/append.rs:103-111 snapshot SELECT; :311-339 old_daughter_rows; crates/learning-data-access/src/postgres/assessment_workspace_save.rs:15-67 feedback_rule_values/save; crates/learning-data-access/src/postgres/course_blueprint_publication.rs,crates/learning-data-access/src/postgres/assessment_workspace_save.rs; crates/learning-data-access/src/postgres/course_blueprint_publication.rs; crates/learning-data-access/tests/blueprint_course_postgres/support.rs,"The fixture gives hints/worked solutions values in support.rs, but this file does not show a before/after mismatch that would isolate either column.",a5a0f317767e774916bf423a254ef52286328988629e238277963f278e2b6fe1,a5a0f317767e774916bf423a254ef52286328988629e238277963f278e2b6fe1,65683abdf6f0aec3fdd229d4a6643f86a95d60e23157b83a3b21d7b9b25a2f7a,unchanged
crates/learning-data-access/tests/blueprint_course_postgres/discovery.rs,Tests and gates,M,neutral,full-source and discovery request trace,"The helper now initializes the required tag field to an empty string before constructing BlueprintCourseDiscoveryRequest; pagination and lookahead assertions remain unchanged. It is necessary request-shape maintenance, not an assertion that tag filtering works, so it is removable as a separate behavioral claim.",blueprint_course_postgres/discovery.rs:11-29 discovery_request; :165-347 discovery_pages_return_250_rows_and_one_blueprint_lookahead; crates/learning-data-access/src/blueprint_course.rs discovery interface,crates/learning-data-access/src/blueprint_course.rs; crates/question_model/src/blueprint_course.rs,"No changed discovery test supplies a nonempty tag, so tag semantics are not covered by this file.",3634db66b61fd5cabe4fe6b08305acdf48f3f3e08da3ad0a7856e480a06d6747,3634db66b61fd5cabe4fe6b08305acdf48f3f3e08da3ad0a7856e480a06d6747,1818369fbe91c1ab5ae5327f8eac7d2fef75df4ab93e02192578c6f530ee63fd,unchanged
crates/learning-data-access/tests/blueprint_course_postgres/promotion.rs,Tests and gates,M,neutral,full-source and promotion/discovery trace,promotion::discovery adds tag: String::new() to satisfy the expanded discovery request consumed while selecting a blueprint for promotion. The promotion assertions still concern lineage and adoption; the added empty field neither changes inputs under test nor asserts tag behavior.,blueprint_course_postgres/promotion.rs:15-31 discovery; promotion test bodies :33-180; crates/learning-data-access/src/blueprint_course.rs; crates/question_model/src/blueprint_course.rs discovery request definition,crates/learning-data-access/src/blueprint_course.rs; crates/question_model/src/blueprint_course.rs; crates/learning-data-access/tests/blueprint_course_postgres/discovery.rs,This conclusion is scoped to the changed initializer; existing promotion behavior was read only as its consumer context.,0c8b3e968f6ddd8c4b76ed33d56ca3281e91e52d61247f4559a81c6ed8409f23,0c8b3e968f6ddd8c4b76ed33d56ca3281e91e52d61247f4559a81c6ed8409f23,769787382ecda0abf70132be04d359def8ba4776939eb8a3c7ff4410e8da7371,unchanged
crates/learning-data-access/tests/blueprint_course_postgres/question_library.rs,Tests and gates,M,good,full-source and PostgreSQL search trace,"A fully linked decoy Question with a unique tag is inserted outside the 65 matching fixtures. Combined text filters must exclude it, a tag-only request must return exactly it and a one-count tag facet, and exclusion of the matching term must retain it. These input/result changes catch the real search bug class where filters are combined inconsistently between item rows and facets; detailed object/source rows are required to make the SQL reader accept a genuine library entry.",blueprint_course_postgres/question_library.rs:6-15 nonmatching_question_id; :193-307 insert_nonmatching_question_library_row; :385-526 question_library_search_filters_and_pages_in_postgresql; :652-660 excluded assertion; crates/learning-data-access/src/postgres/question_library.rs:66-101 search/list; question search SQL functions in database schema,crates/learning-data-access/src/postgres/question_library.rs; crates/question_model/src/question_search.rs; crates/learning-data-access/tests/blueprint_course_postgres/support.rs,The case isolates one tag and one decoy; it does not exhaust multiple-tag intersection/order behavior.,9d2b4772e895effde38f488de53cd73242a045255658a988a2b340d2e67e85ab,9d2b4772e895effde38f488de53cd73242a045255658a988a2b340d2e67e85ab,a959f69d06fd9b25a951eea30696f65e5acf4f87777baccaa57f4d513ff8d96a,unchanged
crates/learning-data-access/tests/blueprint_course_postgres/support.rs,Tests and gates,M,neutral,full-source helper and snapshot trace,"content_input now gives the new support disclosure fields distinct values (hints DuringAttempt, worked_solutions Never), allowing callers such as append to observe whether policy snapshots retain them. It is semantically useful fixture data, but this helper asserts nothing itself; its value depends on consuming assertions such as append's snapshot comparison.","blueprint_course_postgres/support.rs:435-487 content_input, changes at :471-474; crates/question_model/src/assessment_activity_rules.rs StudentFeedbackReleaseRule; crates/learning-data-access/src/postgres/assessment_workspace_save.rs:15-67",crates/question_model/src/assessment_activity_rules.rs; crates/learning-data-access/src/postgres/assessment_workspace_save.rs; crates/learning-data-access/tests/blueprint_course_postgres/append.rs,No direct test here proves these values reach a student-feedback projection.,be536990d54440fdb8230a716a5e9a240691e1169c34a6cc9f4c2b024412f7a9,be536990d54440fdb8230a716a5e9a240691e1169c34a6cc9f4c2b024412f7a9,4c8fba64bcb63d6800367d2391fecf46844b47d39cea9d8610d21bc885018502,unchanged
crates/learning-data-access/tests/course_instance_postgres.rs,Tests and gates,M,good,full-source and retention SQL trace,"The ignored acceptance test creates an active course, student record, and both memberships; it marks the course inactive at active_until_at, archives and deletes student records at schedule boundaries, then checks the instructor listing retains short/long name and lifecycle while student data is gone. That is a real retention invariant: deletion of FERPA-scoped records must not erase durable course metadata. It is correctly an integration gate because the behavior is owned by database functions and roles.",course_instance_postgres.rs:373-607 inactive_course_keeps_metadata_after_student_data_deletion; crates/learning-data-access/src/postgres/course_instance.rs:189-323 list/create; database functions ple_api.mark_course_instance_inactive/archive_course_student_records/delete_course_student_records referenced at test :509-557,crates/learning-data-access/src/postgres/course_instance.rs; crates/server/src/course_retention_worker.rs,The test is ignored and was not run; it also uses direct SQL role setup rather than the retention worker scheduler. Reviewer cross-references not resolved to current files: database/schema/ple_api.sql. These references are not verified trace evidence.,9fa2aa85616193cd3a632cc401a3dd951f6211be617506ec1c70f52c9837edc8,9fa2aa85616193cd3a632cc401a3dd951f6211be617506ec1c70f52c9837edc8,c10b6b5dc0704e5109acb12fd16bc99671361cf74107421a2c3536108fba70bf,unchanged
crates/learning-data-access/tests/grading_lifecycle_postgres.rs,Tests and gates,M,good,"full-source, finalization, and persistence trace","The added test resolves a real PLE color source, saves an incorrect response, obtains the database's ready finalization payload, grades that exact payload in PleQuestionBackend, commits its 0.0 credit, then asserts stored grading_result is immutable and a second direct record is rejected. It protects the important split: backend evaluates a saved immutable response, PostgreSQL records one immutable result. The deterministic repeat-grade assertion is useful only as a local precondition; the persistence assertions supply the lasting value.",grading_lifecycle_postgres.rs:656-850 color_question_source/grade_credit/backend_returned_credit_is_stored_as_the_immutable_grading_outcome; crates/learning-data-access/src/postgres/assessment_delivery.rs:315-338 prepare/commit; crates/learning-data-access/src/postgres/attempt_expiry.rs:79-120 commit_expired_assessment_attempt_finalization,crates/learning-data-access/src/postgres/assessment_delivery.rs; crates/adapters/ple/src/lib.rs; crates/learning-data-access/src/postgres/attempt_expiry.rs,This is an ignored acceptance test and passes credit supplied by the caller to the commit function; its integrity depends on the server/worker owning that caller boundary.,c92383ea60ef71fbda0f544793354a67cb224db4873267bd89b32e7a8cce52e0,c92383ea60ef71fbda0f544793354a67cb224db4873267bd89b32e7a8cce52e0,a6f9ef904585be6be6706ae1e0c21b9c9935ef23625ae8c80904710e2777bd6c,unchanged
crates/learning-data-access/tests/grading_rescore_postgres.rs,Tests and gates,A,good,full-source and submitted-score trace,"This new module stores one correct and one incorrect immutable grading outcome, changes each current entry point value from 2 to 5 through save_assessment, then asks prepare_finalization for the already-submitted score. It asserts 5/5 and 0/5 and that the returned row has no backend work fields, while the private stored normalized credits remain 1 and 0. This directly protects rescore-by-current-points without regrading or rewriting historical credit; helper duplication is incidental but makes the setup explicit.",grading_rescore_postgres.rs:11-85 store_color_outcome; :87-182 save_current_points; :184-211 submitted_score_without_backend_work; :215-281 current_point_values_recalculate_stored_credit_without_another_backend_grade; crates/learning-data-access/src/postgres/assessment_delivery.rs:315-338,crates/learning-data-access/src/postgres/assessment_delivery.rs; crates/learning-data-access/tests/grading_lifecycle_postgres.rs; crates/learning-data-access/src/postgres/assessment_workspace_save.rs,"It validates only fixed-question point-value edits after submission, not changed scoring rules or source revisions.",e1372a4138a07d46b64b0cec9b65ede9aa81b3d33bd614d1e1413178915f64da,e1372a4138a07d46b64b0cec9b65ede9aa81b3d33bd614d1e1413178915f64da,9920f4a7bce94041adccb57618af12d0a40b0546a27e769caf7fe00a62b4026e,unchanged
crates/question_model/src/student_work/model_tests.rs,Tests and gates,M,good,full-source and wire-model trace,"The expanded model tests build assessment attempts, issued questions, grades, reproduction evidence, and navigation state, then assert role-specific serde shapes: browser question attempts omit reproduction details, operational states use a closed vocabulary, and scoring-not-current hides score/correctness. These are permanent boundary tests because serializable student-work records feed APIs; fixture UUIDs and titles are incidental.","student_work/model_tests.rs:33-232 assessment/progress/grade tests; :245-349 wire vocabulary, reproduction serialization, browser omission; :351-486 navigation and collective identity; crates/question_model/src/student_work.rs:1-654 model definitions and serde attributes",crates/question_model/src/student_work.rs; crates/browser-api-contract/src/student_course_active_attempt.rs; crates/server/src/assessment_delivery/history.rs,Serde assertions do not prove every server handler uses the browser-safe projection type.,e9db8947425be0f9478a7393768896f8dcc9606f17685c5c4d0d98189a806255,e9db8947425be0f9478a7393768896f8dcc9606f17685c5c4d0d98189a806255,83034191f481d21dfb223fdd861877588b270b3556e0c35c4641c23d7eeb4d5c,unchanged
crates/server/src/auth/tests.rs,Tests and gates,M,good,full-source and router/cookie trace,"The new production-boundary cases vary host, Origin, cookie aliases, duplicate session cookies, malformed cookie names, and Live Demo LAN/Tailscale origins. They assert only exact production host/origin may mutate cookies, legacy sensitive aliases are dropped, duplicate or unknown cookies share an auth failure, while the explicitly separate Live Demo transport accepts its local-network origins. These are durable security boundaries; test routers mount the real session handlers with fake stores, which is appropriate unit isolation.",auth/tests.rs:195-248 cookie/origin normalization; :250-373 production router and exact host/origin mutation test; :375-450 live_demo_request_host_accepts_lan_and_tailscale_origins; :452-534 alias/duplicate/malformed cookie tests; crates/server/src/auth.rs:302-486 session_router/session_handler/joined_cookie_header/auth_error_response; crates/server/src/auth/live_demo.rs,crates/server/src/auth.rs; crates/server/src/auth/live_demo.rs; crates/server/src/http_security.rs,Router tests establish request classification but do not exercise a browser's cookie implementation or proxy header normalization.,9b86ec09304f3afec3a075528e09379fd8448748e34ee352e8272d1978351f33,9b86ec09304f3afec3a075528e09379fd8448748e34ee352e8272d1978351f33,d5b3febff882aa68d9f7f74e31857ee0e5ed3dbf5a945ec60b62180932080e2b,unchanged
crates/server/src/question_library/tests.rs,Tests and gates,M,good,full-source and handler/store trace,"The changes retain strict route-ID checksum rejection, canonical edit-number parsing, scalar-pollution rejection, and add two reader cases: pagination resolves native source only for returned page rows, and current shared title/description are used without manufacturing a new revision. The first prevents unbounded object-store work from a broad search; the second preserves metadata authority separate from immutable revision content. Fake stores are fitted to the real QuestionLibraryStore/ObjectStore interfaces and record calls, so they test handler orchestration rather than an invented UI.",question_library/tests.rs:113-338 route/query/hierarchy tests; :566-648 question_search_resolves_native_source_only_for_the_returned_page; :650-692 native_library_read_uses_current_title_and_description_without_a_new_revision; crates/server/src/question_library.rs:136-270 search_question_library; :317-447 resolve_question/question_details; crates/learning-data-access/src/postgres/question_library.rs:66-209,crates/server/src/question_library.rs; crates/learning-data-access/src/postgres/question_library.rs; crates/question_model/src/question_library_preview.rs,The fake reader confirms call count and response composition; database filtering and object-store latency are covered by separate integration concerns.,730e693f9cbb3f3eb30d551f674df08232c6ba0e9e89e9d5967d6702160ca1a0,730e693f9cbb3f3eb30d551f674df08232c6ba0e9e89e9d5967d6702160ca1a0,b90e5c2f26763c933f95d2829a5d5d7e52c678b66b41b14cd7478d042eaa0476,unchanged
tests/e2e/assessment_attempt_expiry_oracle.sql,Tests and gates,A,good,full-source SQL fixture and expiry-worker trace,"This disposable psql oracle seeds a released timed assessment and one saved response, waits beyond the 5-second limit, then records session variables proving expiry preparation returns one row, commit stores 1/1, preserves/finalizes the saved response, creates exactly one submission and grading row, and marks the attempt deadline_submitted. It deliberately does not call a Question Backend: normalized credit is the worker's already-returned evaluation input. That division is useful end-to-end database proof, though the SQL is an acceptance fixture rather than a permanent unit test.",assessment_attempt_expiry_oracle.sql:1-4 scope; :116-210 attempt/save/sleep/prepare/commit assertions; crates/learning-data-access/src/postgres/attempt_expiry.rs:29-120 prepare_expired_assessment_attempt_finalizations/commit_expired_assessment_attempt_finalization; crates/server/src/worker.rs:125-175 expiry sweep/finalization,crates/learning-data-access/src/postgres/attempt_expiry.rs; crates/server/src/worker.rs; crates/learning-data-access/src/postgres/assessment_delivery.rs,"This is a manual/disposable oracle with wall-clock sleep; it cannot prove scheduler invocation, only the database expiry transaction once invoked.",a02991cd9eddd1e8115f7199813956ae92f0f4225981d723990eebf63a4bdb56,a02991cd9eddd1e8115f7199813956ae92f0f4225981d723990eebf63a4bdb56,3ea1dc85e8900eab1da4a468cb128728ae57fef5d405bbaf7c8e7799e72c331b,unchanged
tests/e2e/assessment_duration_accommodation_oracle.sql,Tests and gates,A,good,full-source plus SQL-function trace,"This is permanent-worthy: it changes the stored time-limit input and the Student multiplier, then asserts the effective duration is applied after the stored limit, rounds 101 * 1.5 up to 152 seconds, and never exceeds 86,400 seconds. Those boundary values protect the Student's actual expiry calculation rather than SQL syntax or fixture shape.","tests/e2e/assessment_duration_accommodation_oracle.sql:89-111 calls ple_private.assessment_effective_duration_seconds for NULL, 1.5, 2, 100, and fractional limits; schemas/base_schema/50_functions/assessment_attempt_operations.sql:13-40 owns the calculation; schemas/base_schema/50_functions/assessment_attempt_start.sql:165-170 consumes it to write Attempt expiry.",schemas/base_schema/50_functions/assessment_attempt_operations.sql; schemas/base_schema/50_functions/assessment_attempt_start.sql; schemas/base_schema/50_functions/assessment_student_time_accommodation.sql,"Static only. The direct private-function call proves arithmetic and cap behavior, while the separate start-path trace establishes its delivery use.",605336882517a1a9f94228ce21311fc706b3d3a1b1caae46f18831a169551b55,605336882517a1a9f94228ce21311fc706b3d3a1b1caae46f18831a169551b55,fcbefb67713746a4761c66c69b16bb970de36418826d45230d127722d4f3a0c7,unchanged
tests/e2e/assessment_resume_expiration_oracle.sql,Tests and gates,A,good,full-source plus start/resume and session trace,"This is permanent-worthy because a second start request supplies different issued-question input but must return the existing open Attempt, retain its original expires_at, and avoid a second Attempt or issued-question set. It repeats that assertion after resolving two distinct authenticated browser sessions, which protects resumability from request-identity or session-token regressions.","tests/e2e/assessment_resume_expiration_oracle.sql:119-201 asserts same ID, expires_at, one Attempt, and one issued set; :208-322 repeats through create_authenticated_session and resolve_and_install_session. schemas/base_schema/50_functions/assessment_attempt_access.sql:193-202 selects a resumable owned Attempt; schemas/base_schema/50_functions/assessment_attempt_start.sql:112-220 starts only after access handling.",schemas/base_schema/50_functions/assessment_attempt_access.sql; schemas/base_schema/50_functions/assessment_attempt_start.sql; schemas/base_schema/50_functions/assessment_attempt_operations_api.sql; schemas/base_schema/50_functions/authentication.sql,"It is a single-session serial proof, so it does not establish competing-start transaction behavior; it does establish the intended resume contract across separate session credentials.",2eeccdb178cc45f9bba0d67ced662a91098ead9efc32b415ec13f600d7bd2a74,2eeccdb178cc45f9bba0d67ced662a91098ead9efc32b415ec13f600d7bd2a74,a4bc2bb26171b39c27a74aab42b6882eecddc2ac37fdf1475e308effef9db488,unchanged
tests/e2e/assessment_saved_response_oracle.sql,Tests and gates,A,refine,"full-source plus save/finalization, publication, and authorization traces","Every asserted product behavior is worth preserving: open saves replace the response, finalization freezes it and produces grades without an Instructor, unanswered items stay out of backend work, visible Blueprint access does not grant mutation, published content is pinned or forked, and student ownership gates history and saved responses. The file has grown to 1,319 lines and seven independent failure notices, so split its transactions into behavior-named oracle files sharing only a fixture helper; one failed privacy or Pool assertion should not require diagnosing the whole submission lifecycle fixture.",tests/e2e/assessment_saved_response_oracle.sql:172-274 exercises save/read/commit and stored submission/grade rows; :362-402 asserts unanswered omission; :439-503 asserts visibility without write authority; :544-810 and :822-1049 assert published Question pins and Pool forks; :1114-1240 tests Course/student ownership; :1251-1318 denies instructor-only identity lists. schemas/base_schema/50_functions/assessment_attempt_operations.sql:181-389 owns save/read; schemas/base_schema/50_functions/assessment_attempt_finalization.sql:155-260 owns commit; schemas/base_schema/50_functions/authorization.sql:120-151 owns exact Course-record ownership.,schemas/base_schema/50_functions/assessment_attempt_operations.sql; schemas/base_schema/50_functions/assessment_attempt_finalization.sql; schemas/base_schema/50_functions/authorization.sql; schemas/base_schema/50_functions/assessment_attempt_history.sql; schemas/base_schema/50_functions/question_pools.sql; schemas/base_schema/50_functions/blueprints.sql,"Static review only. The aggregation may be deliberate to amortize a disposable schema install, but source size and unrelated transaction domains make failure isolation materially worse.",f2c91d91aa5723025b164938008eb79ff5d9fc7fa10c6a85a642140287763f74,f2c91d91aa5723025b164938008eb79ff5d9fc7fa10c6a85a642140287763f74,3b185e3090a122c74ebf88b996aa55a0633a034c0d8695eab4c8da738043ef55,unchanged
tests/e2e/e2e_assessment_attempt_expiry.sh,Tests and gates,A,good,full-source launcher and oracle consumer trace,"This disposable launcher is useful integration protection: it installs the current base schema into a fresh PostgreSQL 17 container, runs the expiry oracle, preserves the oracle exit status, and requires its finalization notice. The meaningful assertion is in the SQL oracle; this file correctly owns isolation, migration, cleanup, and failure propagation rather than reimplementing expiry rules in Bash.","tests/e2e/e2e_assessment_attempt_expiry.sh:14-19 cleans the unique container; :35-43 boots principals, installs schemas/base_schema/install.sql, and runs the oracle; :41-50 retains psql failure and checks commit_expired_student_assessment_attempt_finalization. schemas/base_schema/50_functions/assessment_attempt_finalization.sql:155-260 is the finalization implementation.",tests/e2e/assessment_attempt_expiry_oracle.sql; local_stack_control/lifecycle_database.py; schemas/base_schema/install.sql; schemas/base_schema/50_functions/assessment_attempt_finalization.sql,The audit did not run Podman. The final grep is an additional receipt; ON_ERROR_STOP and preserved psql status carry the substantive failure signal.,a1c366cdd983cca948b25fd462f25b19d684a94174f336a965b851fb3deb2d88,a1c366cdd983cca948b25fd462f25b19d684a94174f336a965b851fb3deb2d88,c9d5113bb78d1e97f178a087aca3a05166342404452081745a4a980f697ced35,unchanged
tests/e2e/e2e_assessment_duration_accommodation.sh,Tests and gates,A,good,full-source launcher and duration-function trace,"This is a proportionate durable launcher for the accommodation arithmetic oracle. It changes the schema under test rather than copying its formula into a client test, and accepts only the six expected output values after psql succeeds. The fresh database makes role and migration prerequisites real.","tests/e2e/e2e_assessment_duration_accommodation.sh:21-40 sources project setup and installs the current base schema; :41-45 executes the SQL oracle and matches 1800, 2700, 3600, 86400, 152, and 86400. tests/e2e/assessment_duration_accommodation_oracle.sql:89-111 provides those assertions; schemas/base_schema/50_functions/assessment_attempt_operations.sql:13-40 owns the function.",tests/e2e/assessment_duration_accommodation_oracle.sql; local_stack_control/lifecycle_database.py; schemas/base_schema/install.sql; schemas/base_schema/50_functions/assessment_attempt_operations.sql,"It relies on a network-available Postgres image at execution time, so it belongs in the explicit E2E lane rather than a fast gate.",08f8a155e7a8f27b5432fa70ed7d186ecc79722dfb6bf203280fd473ab4c0b72,08f8a155e7a8f27b5432fa70ed7d186ecc79722dfb6bf203280fd473ab4c0b72,e14c1ff5259c07478d16f2042c463884cd05d9b4a06e986b33f8d4fbed1960d8,unchanged
tests/e2e/e2e_assessment_resume_expiration.sh,Tests and gates,A,good,full-source launcher and resume contract trace,This launcher preserves the meaningful resume invariant by running a clean schema with the oracle and checking both same-Attempt notices. The different container/database names and cleanup trap keep concurrent developer runs from sharing state; no behavioral SQL is duplicated in Bash.,tests/e2e/e2e_assessment_resume_expiration.sh:8-19 creates per-process resources and removes them; :35-43 installs then executes the oracle; :50-52 requires same_attempt kept_expires_at and from_distinct_browser_sessions. tests/e2e/assessment_resume_expiration_oracle.sql:119-322 supplies both behaviors; schemas/base_schema/50_functions/assessment_attempt_access.sql:193-202 performs resume selection.,tests/e2e/assessment_resume_expiration_oracle.sql; local_stack_control/lifecycle_database.py; schemas/base_schema/install.sql; schemas/base_schema/50_functions/assessment_attempt_access.sql,"No execution performed. Its PostgreSQL image startup loop has a finite 40-second bound, appropriately failing rather than masking an unavailable runtime.",48290fc9b56e4ae21f3533621fd655ed13391946944a9c4a587bb757f5c83569,48290fc9b56e4ae21f3533621fd655ed13391946944a9c4a587bb757f5c83569,9d90587c0dfcf324f77502d0e15a5ef94847a0b84b849f6e6ae2c8c44fd47c99,unchanged
tests/e2e/e2e_assessment_saved_response.sh,Tests and gates,A,refine,full-source launcher and multi-contract oracle trace,"The launcher appropriately keeps the seven business notices as explicit receipts, and psql failure is returned intact. Its scope follows the oversized 1,319-line oracle: a response-save regression, Pool publication regression, or FERPA regression all incur one container install and one opaque long transcript. When the oracle is split, give each resulting launcher a specific name and receipt; retain the shared install helper only if it does not hide the behavior being run.","tests/e2e/e2e_assessment_saved_response.sh:35-56 installs, runs, preserves oracle_status, and checks seven notices. Those notices originate in tests/e2e/assessment_saved_response_oracle.sql:274,402,502,808,1048,1240,1317. schemas/base_schema/install.sql is the installed product boundary.",tests/e2e/assessment_saved_response_oracle.sql; local_stack_control/lifecycle_database.py; schemas/base_schema/install.sql; schemas/base_schema/50_functions/assessment_attempt_operations.sql; schemas/base_schema/50_functions/authorization.sql,"The launcher itself is small and sound; the refinement is coupled to splitting the oracle, not a claim that its existing receipts are false.",51036ddd97a40e2bae70f47f5d4c12cfcaf478261d228c73aed56b1cf038b5e5,51036ddd97a40e2bae70f47f5d4c12cfcaf478261d228c73aed56b1cf038b5e5,a1639c35ce8d130719367832e32e0deeef2cb89fe92469d0e90f1eb729a35ad7,unchanged
tests/e2e/e2e_live_demo_course_instance.sh,Tests and gates,M,good,full-source live-stack script and route/API trace,"This is permanent-worthy acceptance evidence because it reads the running fixed Live Demo rather than a fake client, creates a Course from a Blueprint, and asserts public-ID shapes, the exact Course response key set, and teacher-facing visibility. The changed extra second Course constants make the script exercise the distinction between the intended Course and another available record, which protects course selection rather than presentation text alone.",tests/e2e/e2e_live_demo_course_instance.sh:34-70 requires exactly one configured service and gateway port; :195-320 validates Course receipt/list JSON and selection; :321-495 checks database evidence and Course creation result. src/api/course_instance.ts and crates/server/src/course_instance.rs carry the client/server Course contract; schemas/base_schema/50_functions/course_instance.sql supplies persistence operations.,src/api/course_instance.ts; crates/server/src/course_instance.rs; crates/learning-data-access/src/course_instance.rs; tests/playwright/e2e_live_demo_course_seed_browser.mjs,A live-demo test necessarily depends on an already-running fixed stack and seeded state; it is correctly separated from stack-free browser evidence. Reviewer cross-references not resolved to current files: schemas/base_schema/50_functions/course_instance.sql. These references are not verified trace evidence.,6707850b984f26abfc2e9bcb571a56961d0f8dee3b1c95cb145303a60af3dd58,6707850b984f26abfc2e9bcb571a56961d0f8dee3b1c95cb145303a60af3dd58,1e3882bc98aa0f7c55e228db0cca5a1709adb0da4e1eea9fedd5ca6225a3061e,unchanged
tests/e2e/e2e_ribbon_app_component.mjs,Tests and gates,M,good,full-source SSR/component and route-contract trace,"The file protects navigation semantics before browser layout work: every fixture href must round-trip through the declared route contract, required Instructor choices stay visible without manufacturing unfinished destinations, Student Coursework has a fixed row, and the production Solid bundle carries Ribbon CSS and declared glyphs. These assertions change fixture models and rendered SSR output, so they protect the catalog-to-component boundary rather than incidental HTML snapshots.","tests/e2e/e2e_ribbon_app_component.mjs:51-101 checks fixture routes; :103-176 checks topology and available Instructor choices; :177-244 checks Student Coursework and bundled CSS/glyphs; :245-338 checks glyph declarations, narrow-phone output, and catalog presentation. src/ribbon/ribbon_contract.ts:308-385 builds paths; src/ribbon/app_ribbon.tsx:296-600 renders controls and Profile; src/ribbon/ribbon_catalog.ts:130-300 owns destination declarations.",tests/support/ribbon_component_ssr.ts; tests/support/ribbon_model_fixtures.ts; src/navigation/route_params.ts; src/route_contract.ts; src/ribbon/ribbon_contract.ts; src/ribbon/app_ribbon.tsx; src/ribbon/ribbon_catalog.ts,SSR cannot prove pointer focus or responsive geometry; those are covered by the dedicated compiled-browser Ribbon tests.,dcc6667cb46d888104b36833fc64db0f2026bcbf531cf951f225146bbce5eb90,dcc6667cb46d888104b36833fc64db0f2026bcbf531cf951f225146bbce5eb90,79f28b8c2971b66df1f570a88ee3df5eb7732ad359feedde2808be2852460835,unchanged
tests/fixtures/published_question/fixture_set.json,Tests and gates,M,good,full-source fixture schema and decoder-consumer trace,The changed attempt evidence adds explicit hints and worked_solutions release rules with never values to every seeded Attempt. This is worthwhile fixture maintenance because decoder and presentation consumers require the complete feedback-rule object; it prevents an older fixture from silently treating new disclosure fields as absent or defaulted.,tests/fixtures/published_question/fixture_set.json:~240-430 and ~440-607 add hints and worked_solutions beside class_statistics for seeded attempt evidence. src/api/decoders/assessment_policy.ts decodes feedback release policy; src/api/assessment_release.ts exports its client shape; crates/browser-api-contract/src/student_course_response_stats.rs supplies the corresponding browser contract.,src/api/decoders/assessment_policy.ts; src/api/assessment_release.ts; src/api/decoders/assessment_attempt.ts; crates/browser-api-contract/src/student_course_response_stats.rs,"Fixture data establishes deterministic client input, not database enforcement; the exact line ranges vary because this is a formatted JSON collection with repeated attempts.",eb060d9aed6c7a29332871e73e5d6f063586e3376a9c68ff5e7b252861f4f755,eb060d9aed6c7a29332871e73e5d6f063586e3376a9c68ff5e7b252861f4f755,84cd59cc6bb1daac86e00843e3d1002fbc15f2b37dde33e998a6f5b8f186cb8a,unchanged
tests/playwright/e2e_live_demo_course_seed_browser.mjs,Tests and gates,M,good,full-source real-browser course workflow trace,"This permanent acceptance test selects seeded identities and changes real browser interactions across instructor, roster, gradebook, and Student attempt pages. Its updated expectations protect the user-facing Weekly Assignment label and Coursework questions landmark while still asserting four navigation controls, one current step, a rendered question card, and no exposed assessment public ID in gradebook rows.",tests/playwright/e2e_live_demo_course_seed_browser.mjs:21-113 defines the seeded Course and expected accessible labels; :120-202 verifies four students and their Coursework paths; :203-217 launches the trusted live-demo browser. src/pages/assessment_attempt_page.tsx and src/components/student_assessment_attempt_navigation.tsx render the attempt/navigation surface; src/assessment_type_presentation.ts supplies assessment type wording.,tests/playwright/e2e/real_stack_ui.ts; src/pages/assessment_attempt_page.tsx; src/components/student_assessment_attempt_navigation.tsx; src/assessment_type_presentation.ts,This is valid only against the seeded live stack; it deliberately does not prove arbitrary Assessment content or server authorization by itself. Reviewer cross-references not resolved to current files: src/pages/live_gradebook.tsx. These references are not verified trace evidence.,51c6dd5574c163740cc0730e7036f152ad1ffee223e55de60f19bef5ff80ae16,51c6dd5574c163740cc0730e7036f152ad1ffee223e55de60f19bef5ff80ae16,25cd8e8316c21c8122a02120eeab75f88c0ead2f3d3fba2bdcd8a304f3c637bb,unchanged
tests/playwright/e2e_live_demo_instructor_accounts_browser.mjs,Tests and gates,M,good,full-source real-browser account lifecycle trace,"The test creates an Instructor Account, then supplies the newly introduced second confirmation click before asserting Deactivated and Active states. That is durable workflow protection: the first action requests a destructive account-state transition and the second confirms it, so the test must prove the actual user path rather than bypassing the dialog.","tests/playwright/e2e_live_demo_instructor_accounts_browser.mjs:13-43 opens the sysadmin page, creates an account, and validates its canonical public ID; :44-51 fills the reason, clicks the list action and confirmation dialog action, then asserts deactivation/reactivation. src/pages/instructor_accounts_page.tsx owns these controls; src/components/discipline_request.ts and src/api/instructor_account.ts are not involved in this Account lifecycle.",src/pages/instructor_accounts_page.tsx; src/api/instructor_account.ts; crates/server/src/instructor_account.rs; crates/learning-data-access/src/instructor_account.rs,It confirms one happy-path modal lifecycle but does not assess cancellation or duplicate-submission behavior.,b8bffe9a01c48ac80814e083ec73b79af0f1504941b8b6278ce590b52c033cbc,b8bffe9a01c48ac80814e083ec73b79af0f1504941b8b6278ce590b52c033cbc,e93f2fc4588c0eec9ec80e235e0dd02750ba2ac474c6e539cb8132999e3aa250,unchanged
tests/playwright/fast_ui_route_composition.mjs,Tests and gates,M,refine,full-source compiled ApplicationShell harness trace,"The added assertions make meaningful commitments: Gradebook and roster retain labeled columns with phone-only inner scrolling, Library records retain title/facts/actions and three visible titles, and Question Pool review hides then restores the unrelated Library task. However this 1,030-line single executable combines density geometry, hierarchy measurements, route loading, vocabulary creation, roster state, and Library workflow. Split it by product workflow so a CSS spacing change or an API-scope regression reports a focused permanent contract.","tests/playwright/fast_ui_route_composition.mjs:34-610 defines geometry readers; :611-814 verifies Gradebook and roster; :815-987 verifies active Courses, Library comparison, sort and Pool review; remaining route workflow assertions share the same browser. tests/support/ribbon_shell_harness.tsx:1-280 composes current ApplicationShell and API behaviors; src/application_shell.tsx:267-430, src/pages/course_roster_page.tsx, src/pages/library_page.tsx, and src/pages/live_gradebook.tsx are rendered product paths.",tests/playwright/ribbon_shell_helpers.mjs; tests/support/ribbon_shell_harness.tsx; src/application_shell.tsx; src/pages/course_roster_page.tsx; src/pages/library_page.tsx; src/components/record_list/record_list.tsx,"The compiled harness imports real application components but supplies a fake ApplicationApi; it proves composition and interactions, not server serialization or PostgreSQL behavior. Reviewer cross-references not resolved to current files: src/pages/live_gradebook.tsx. These references are not verified trace evidence.",923de59dbd4e7cdf00f8db8833d072290feeb6febb3b8b90714c1850bbbb7834,923de59dbd4e7cdf00f8db8833d072290feeb6febb3b8b90714c1850bbbb7834,b2f518cc7aaedbc08e269c82eb1b155e840628986ad185f8bf0b790a15017ee2,unchanged
tests/playwright/helper_record_list_harness.mjs,Tests and gates,M,good,full-source harness loader and compiled RecordList trace,"The new theme initialization is necessary test-environment ownership: after the bundle loads, it applies resolveTheme, themeTokens, and themeStyle declarations to the document root before typography checks and mounting. That makes the font assertions test the same appearance-token path that RecordList receives, instead of accidentally relying on an unthemed harness default.",tests/playwright/helper_record_list_harness.mjs:7-8 imports the real appearance functions; :39-58 injects resolved declarations and data attributes; :59-78 checks typed fonts and mounts the compiled bundle. tests/support/record_list_harness_loader.ts:9-36 bundles tests/support/record_list_harness.tsx; src/appearance/appearance_rules.ts exports resolveTheme; src/appearance/theme_registry.ts exports themeTokens/themeStyle.,tests/support/record_list_harness_loader.ts; tests/support/record_list_harness.tsx; src/appearance/appearance_rules.ts; src/appearance/theme_registry.ts; src/components/record_list/record_list.tsx,"The harness manually applies CSS custom properties, so it does not exercise ApplicationShell appearance-provider transitions; that is outside the RecordList component contract.",45131149a5cc7c2256841cef3c7624ba52a166070bf382f7aabeba6e749b14b4,45131149a5cc7c2256841cef3c7624ba52a166070bf382f7aabeba6e749b14b4,0dde63800e42f7088160a98dc4eaa5773212ee2a3ec3d3fc287a1b85b349736d,unchanged
tests/playwright/record_list_contracts.mjs,Tests and gates,M,good,full-source compiled component harness trace,"This is durable shared-component coverage. It changes component inputs and user actions across alignment, selection, image browser, semantic sequencing, keyboard/native-drag reorder, duplicate action IDs, record-family rendering, and presentation state. The added grouping assertions require exactly one title per record and place metadata/actions after it, protecting accessible record structure rather than a private DOM accident.","tests/playwright/record_list_contracts.mjs:8-105 checks alignment/primitive state; :107-418 checks semantic content, selection, and image browser; :419-762 checks sequencing and reordering; :763-932 checks duplicate action IDs, record family, presentation, and cleanup. src/components/record_list/record_list.tsx:199-307 normalizes actions and renders semantic rows; src/components/record_list/record_list_reorder.tsx:29-86 and :163-291 implement reorder behavior.",tests/playwright/helper_record_list_harness.mjs; tests/support/record_list_harness.tsx; src/components/record_list/record_list.tsx; src/components/record_list/record_list_reorder.tsx; src/components/record_list/record_sequence.tsx; src/components/record_list/record_list_image_browser.tsx,The 990-line file is large but covers one reusable component family with a single harness; no split is compelled by the reviewed behavior.,91be1228f1d88cf5cbf6195f3d774398f27fbff342683c9b24a4a78ae2403d88,91be1228f1d88cf5cbf6195f3d774398f27fbff342683c9b24a4a78ae2403d88,8cb216d222282f7cf467d307fba1fce09ccec65c93bd6f273c087aeb7ca07fc6,unchanged
tests/playwright/ribbon_narrow_routed_shell.mjs,Tests and gates,M,good,full-source responsive harness helper and Ribbon trace,"The added narrow-shell checks protect concrete accessibility behavior: 200% root text and CSS zoom keep Ribbon labels and controls visible/hit-testable; native details disclosure exposes its label and help by keyboard, pointer, and touch; the Profile tooltip appears only on hover/focus and is not clipped or shown when its menu is open. These inputs target responsive state and interaction, not arbitrary pixel snapshots.","tests/playwright/ribbon_narrow_routed_shell.mjs:105-241 reads clipping/hit targets and asserts enlarged text/zoom; :243-336 exercises details with Enter, click, and CDP touch; :391-493 asserts tooltip visibility and menu interaction. src/ribbon/app_ribbon.tsx:296-600 owns Profile and menu behavior; src/application_shell.tsx:267-430 owns shell placement; src/ribbon/app_ribbon.css supplies responsive presentation.",src/ribbon/app_ribbon.tsx; src/ribbon/app_ribbon.css; src/application_shell.tsx; tests/playwright/ribbon_shell_helpers.mjs; tests/support/ribbon_shell_harness.tsx,The test uses a Chromium CDP touch event and a compiled harness; it is strong interaction evidence but not cross-engine mobile-device acceptance.,df8f328b184bf7c32443631c09d35cf8a430fef10c139ed2c58e8fa0c55ec81b,df8f328b184bf7c32443631c09d35cf8a430fef10c139ed2c58e8fa0c55ec81b,21d047b100e23548789f0e0520c5074eeada4135145a0097482775088c596d38,unchanged
tests/playwright/ribbon_profile_menu_contract.mjs,Tests and gates,M,refine,full-source compiled Ribbon design-harness trace,"The file protects valuable Profile-menu invariants: only defined glyph selectors may be fully rounded, label/value grids retain alignment, and profile actions keep visible hierarchy. Its 956 lines also scan every source CSS file and assert visual treatment thresholds through a specialized design laboratory; keep the user-facing keyboard/menu assertions permanent, but move broad selector inventory and treatment-comparison checks to a one-time design review unless a named product rule depends on them. That lowers false failures from unrelated CSS evolution.",tests/playwright/ribbon_profile_menu_contract.mjs:53-118 inventories fully rounded selectors and builds real Ribbon CSS; :119-309 loads action/label bundles and reads layout; :315-956 runs browser style and Profile-menu assertions. src/ribbon/app_ribbon.tsx:347-408 handles menu focus/escape; :548-600 renders trigger/menu. tests/support/ribbon_design_fixture.tsx:1-120 imports real AppRibbon and themes.,src/ribbon/app_ribbon.tsx; src/ribbon/app_ribbon.css; src/application_shell.tsx; tests/support/ribbon_design_fixture.tsx; tests/support/ribbon_shell_loader.ts; src/appearance/theme_registry.ts,"Some source-inventory checks may encode approved visual policy, but their broad selector scope is more brittle than the direct Profile interaction contract.",18a8ac70a3daffe55657b80b129f83f64cda5c74fa9945a5c05c741eb61d3dbe,18a8ac70a3daffe55657b80b129f83f64cda5c74fa9945a5c05c741eb61d3dbe,7c2e6bfe596d401a6579870e3ab75e552bfdc238f84af4d723ec9122d1582501,unchanged
tests/playwright/ribbon_shell_contract.mjs,Tests and gates,M,good,full-source compiled ApplicationShell behavior trace,"This permanent test focuses on actual shell contracts rather than generic Ribbon markup: it measures tier-one controls, verifies roster removal names the affected Student, proves Student View does not create Student Work, and verifies classification authoring creates the intended vocabulary sequence. Those inputs and assertions protect role-sensitive workflow effects produced by the real ApplicationShell composition.","tests/playwright/ribbon_shell_contract.mjs:11-37 reads Ribbon geometry; :80-159 exercises roster-removal naming; :160-192 checks Student View transport remains empty; :205 onward checks classification writes and shell cases. tests/support/ribbon_shell_harness.tsx:~100-280 supplies tracked roster, Student View, and vocabulary API methods; src/application_shell.tsx:267-430 composes the shell; src/ribbon/ribbon_contract.ts:811-867 derives the model.",tests/playwright/ribbon_shell_helpers.mjs; tests/support/ribbon_shell_harness.tsx; src/application_shell.tsx; src/ribbon/ribbon_contract.ts; src/ribbon/app_ribbon.tsx; src/components/content_classification_select.tsx,"The harness records client calls instead of using a server, so it proves client-side authority boundaries and labeling, not database-side authorization.",c15a3ddef6b13db212225ea39e21507da20fc3e5ce919d39852c830a31955dba,c15a3ddef6b13db212225ea39e21507da20fc3e5ce919d39852c830a31955dba,489b9127826f0abaad06bd6a8c2f7a4335911107f3b98d9542cdc5767131f54d,unchanged
tests/playwright/screenshot_corpus/hotspot_workflow.ts,Tests and gates,M,good,full-source screenshot workflow and student-attempt UI trace,"The renamed Coursework questions landmark is a meaningful accessibility contract update, not a cosmetic string replacement. The workflow waits for the current navigation step, follows a real delivered question surface, returns to the hotspot through next-question controls, and exercises both pointer and keyboard input. Updating all three navigation lookups preserves the screenshot corpus's ability to detect a broken attempt workflow after the terminology change.","tests/playwright/screenshot_corpus/hotspot_workflow.ts:71-119 waits for delivered control/current step and returns by navigation; :144-224 authors and exercises hotspot input. The changed lookups are at :91, :104, and :165. src/components/student_assessment_attempt_navigation.tsx renders the navigation landmark; src/pages/assessment_attempt_page.tsx composes delivered question presentation.",src/components/student_assessment_attempt_navigation.tsx; src/pages/assessment_attempt_page.tsx; src/components/question_response_controls/question_response_control.tsx; tests/playwright/screenshot_corpus/visible_workflows.ts,"This file is a reusable screenshot workflow helper, so it verifies through callers in the corpus rather than registering an independent test itself.",2343d4bafe9fee52309bbc14eef01bdd1c1c5b2fc67bcc2d23fb2fe5a12d88c0,2343d4bafe9fee52309bbc14eef01bdd1c1c5b2fc67bcc2d23fb2fe5a12d88c0,9244cd7f9b0cb0ae68f24134382d482fbf3a906a2bb6d79da540ce5c2e084d66,unchanged
tests/playwright/screenshot_corpus/scenarios_student.ts,Tests and gates,M,good,full-source; real Live Demo scenario traced through shared visible workflow selectors,"This corpus scenario preserves the Student delivery invariant that question navigation has the accessible name 'Coursework questions'. The changed locator in attemptQuestion changes only the navigation landmark input; saveCurrentResponse and studentAssignmentAttempt still save, reload, and capture the same Attempt states. Keeping this locator aligned is useful because it makes corpus capture fail when the shipped assessment page loses its student-facing landmark, although the fixed label is deliberately coupled to the pilot UI copy.","tests/playwright/screenshot_corpus/scenarios_student.ts:357-410 (attemptQuestion, saveCurrentResponse, restored-response flow); src/pages/assessment_attempt_page.tsx:488-610 (assessmentAttempt surface and response controls)",tests/playwright/screenshot_corpus/visible_workflows.ts; src/pages/assessment_attempt_page.tsx; src/pages/assessment_overview_page.tsx,Static review only; the live seed and rendered landmark were not executed.,acbb6317d258c87d660e947e91ddd9809f53de6bdfb4649cb2c877d804ebde75,acbb6317d258c87d660e947e91ddd9809f53de6bdfb4649cb2c877d804ebde75,da57eab159cbb2b51eb366a43acf0e2ca78d69cb55b25e5ef2dbff44251b99cc,unchanged
tests/playwright/screenshot_corpus/scenarios_student_progress.ts,Tests and gates,M,good,full-source; real-stack duration lifecycle and navigation traced,"verifyQuestionDurationLifecycle changes the landmark used to select Questions 2 and 1 while retaining the substantive assertions: hidden-tab checkpoint is positive, transition checkpoint survives reload, and submission cannot reduce stored duration. Those PUT/GET receipts protect a real Student Work timing invariant; the label update is necessary selector maintenance rather than a new behavior test.","tests/playwright/screenshot_corpus/scenarios_student_progress.ts:96-195 (nextDurationCheckpoint and verifyQuestionDurationLifecycle); src/pages/assessment_attempt_page.tsx:127-144,192-208 (checkpoint and presentation transition)",src/pages/assessment_attempt_page.tsx; src/api/student_question_display_duration.ts; tests/playwright/screenshot_corpus/visible_workflows.ts,The scenario mutates a real demo Attempt; static review cannot establish server receipt behavior.,94f25f1feb3218f005dc22ec6cc3eb619b04d6f0539a13133a0112f73732b2b6,94f25f1feb3218f005dc22ec6cc3eb619b04d6f0539a13133a0112f73732b2b6,ccccaf1a1bddc7a7130868aaf456dfc9a1f7fae365d0e2abf13b728e3e8e284a,unchanged
tests/playwright/screenshot_corpus/scenarios_student_types.ts,Tests and gates,M,good,full-source; producer-to-published-revision-to-delivery trace read,"The changed Unit Review action names keep openOrResumePracticeAssignment bound to the Assessment type rendered by the seeded Course. The important invariant is broader and remains concrete: exactly one Open or Resume action is visible, the selected published revision maps back to one example, and each native/WebWork control is present before capture or saving. This is permanent-worthy corpus coverage because it catches a mismatch between authoring, release, revision pinning, and Student delivery; its seed-title/type strings remain a maintenance cost.","tests/playwright/screenshot_corpus/scenarios_student_types.ts:147-320 (discover/publish/prepare),376-456 (readQuestion, openOrResumePracticeAssignment, waitForControl),520-665 (unanswered/answered captures); src/pages/assessment_attempt_page.tsx:192-208,578-610",src/pages/assessment_attempt_page.tsx; src/pages/assessment_overview_page.tsx; src/api/decoders/assessment_attempt_navigation.ts; tests/playwright/screenshot_corpus/hotspot_workflow.ts,The one-off authoring fallback and external WebWork iframe make this scenario expensive and seed-sensitive; no runtime result was claimed.,d2bb7b22b093f78d9e9c7ce140165b16cd5747db0c811948f7d18f216730ca8a,d2bb7b22b093f78d9e9c7ce140165b16cd5747db0c811948f7d18f216730ca8a,63d39e129f6eec6b3b50a71432472af917deae55d78b0474d191e3cdc39c3854,unchanged
tests/playwright/screenshot_corpus/scenarios_sysadmin.ts,Tests and gates,M,good,full-source; sysadmin lifecycle capture traced through confirmation interaction,"The added second click acknowledges the deactivation dialog before asserting the row becomes Deactivated and remains so after reload. It changes the action sequence from initiating a destructive lifecycle action to confirming it, which is useful capture correctness: the screenshot no longer falsely assumes a modal is an immediate mutation. The follow-up reload intentionally avoids treating backend list order as a UI contract.","tests/playwright/screenshot_corpus/scenarios_sysadmin.ts:60-119 (create, dialog confirmation, reload, persistence assertion); src/pages/instructor_accounts_page.tsx (account lifecycle UI)",src/pages/instructor_accounts_page.tsx; tests/playwright/screenshot_corpus/runtime.ts; tests/playwright/screenshot_corpus/visible_workflows.ts,The confirmation dialog's exact accessible name is static-selector coupling; the real server path was not run.,eeeaa91b929748b629be3e66db6ec6d66b93e56c37f0fa1d696f972fbfcb1d6f,eeeaa91b929748b629be3e66db6ec6d66b93e56c37f0fa1d696f972fbfcb1d6f,a56cd618b82ffe9abd89164b2671df502d8cce97e10da3c8f116963d2f443094,unchanged
tests/playwright/screenshot_corpus/screenshot_image.ts,Tests and gates,M,good,full-source; screenshot encoder failure boundary read,"captureScreenshotWebp still supplies PNG only through execFile stdin and resolves only encoder stdout; the change includes error.message and returns after reject. That prevents a failed cwebp invocation from falling through to resolve and gives corpus operators the executable failure detail without changing encoder arguments or shell-free boundary. This is a useful permanent operational invariant, not visual coverage.",tests/playwright/screenshot_corpus/screenshot_image.ts:8-32 (captureScreenshotWebp); tests/playwright/screenshot_corpus/runtime.ts:8-14 (runtime imports and uses captureScreenshotWebp),tests/playwright/screenshot_corpus/runtime.ts; tests/playwright/screenshot_corpus/publication.ts,No encoder process was invoked during this static audit.,6ff51d63be218f076ea0e13caf0d8e9c2469467a58322f7926069fa0e8244db1,6ff51d63be218f076ea0e13caf0d8e9c2469467a58322f7926069fa0e8244db1,fd2cb227ec8eef33c94accc18a531019b3beb624034ceaf8d66307b8f2ea47c5,unchanged
tests/playwright/screenshot_corpus/visible_workflows.ts,Tests and gates,M,refine,full-source; shared real-stack navigation helper traced,"ASSESSMENT_TYPE_LABEL now changes every Start/Resume/Review selector from Practice Question Assignment to Unit Review Assignment. The helpers correctly follow visible links and wait for route surfaces, but the type label is duplicated as a hard-coded seed fact in this helper and in scenario-local constants. It protects capture routing only while the seed stays fixed; a single seeded fixture authority exported to all scenarios would retain the semantic action invariant without parallel label ownership.","tests/playwright/screenshot_corpus/visible_workflows.ts:13-17,46-119 (label and navigation helpers); tests/playwright/screenshot_corpus/scenarios_student_types.ts:30,398-416 (duplicate Unit Review selectors)",tests/playwright/screenshot_corpus/scenarios_student.ts; tests/playwright/screenshot_corpus/scenarios_student_types.ts; tests/playwright/screenshot_corpus/scenarios_student_progress.ts,The correct authoritative seed source was not identified in this assigned test slice.,02cd2bbf1e04ce0f739f5fa3c89b8c743fa7962c9776631bd3d06e945215a846,02cd2bbf1e04ce0f739f5fa3c89b8c743fa7962c9776631bd3d06e945215a846,169b6b0be84a6a567584d285371cdd9f7362bf502114cff39e9aadb1771e2e50,unchanged
tests/playwright/student_course_entry_m6_evidence.mjs,Tests and gates,M,good,full-source; compiled shipped Student pages and harness API trace read,"This expanded evidence adds four canonical viewport checks for exposed course/coursework actions and keyboard traversal that rejects noninteractive Tab stops, then verifies Resume, Review, Start, Open Quiz, Your Courses, and Open Course destinations. Those inputs protect a meaningful Student workflow invariant: visible state labels and next actions remain reachable without a mouse and fit each supported viewport. It mounts real StudentCoursesPage, StudentCourseLandingPage, and AssessmentOverviewPage, although data and routing are fixture-controlled.","tests/playwright/student_course_entry_m6_evidence.mjs:45-94 (fit and keyboard helpers),215-253 (viewport assertions),254-331 (keyboard destinations); tests/support/student_course_entry_m6_harness.tsx:16-31,148+; src/pages/student_course_landing_page.tsx:366",tests/support/student_course_entry_m6_harness.tsx; src/pages/student_courses_page.tsx; src/pages/student_course_landing_page.tsx; src/pages/assessment_overview_page.tsx,"It excludes the production HTTP client/server and has a 40-Tab traversal bound, so it proves component behavior with fixture data rather than full deployment acceptance.",c4db770762a247b7b00574eea75a12f60fe2288f52774efd4b8ed7c7c08b0826,c4db770762a247b7b00574eea75a12f60fe2288f52774efd4b8ed7c7c08b0826,282da0d1d74278fcdabd3be10f2b83db6edf100340c7de46e9dff95150106bad,unchanged
tests/playwright/test_alignment_dividers.mjs,Tests and gates,A,refine,full-source; fixture shell and library CSS trace read,"The test navigates the ribbon harness to Library browse and asserts exact transparent backgrounds, 0px borders/radii, no shadows, 1px bottom dividers, and aligned section coordinates. It protects an aesthetic preference, but its many literal computed-style values make it a fragile permanent gate: harmless token or structural CSS changes fail even when the browse groups remain readable. Retain at most a focused rendered hierarchy/divider assertion after a user-visible regression; do not preserve this complete CSS fingerprint.",tests/playwright/test_alignment_dividers.mjs:16-165; tests/playwright/ribbon_shell_helpers.mjs:10-39 (fixture shell); src/pages/library_browse_controls.tsx:70-105 and src/pages/library_page.css:179-220,tests/playwright/ribbon_shell_helpers.mjs; tests/support/ribbon_shell_harness.tsx; src/pages/library_browse_controls.tsx; src/pages/library_page.css,"The harness calls shipped App but supplies fixture API/session state, so this is not a live product visual receipt.",57cddc22b91a757ea73a5efac1749c4aa824e120f2ccc52a414af576e9b0b7b6,57cddc22b91a757ea73a5efac1749c4aa824e120f2ccc52a414af576e9b0b7b6,a4de7d7253e97f8135e93d5087a6377dad7a6bf8ade1462422f1b0f046c293de,unchanged
tests/playwright/test_assessment_attempt_delivery.mjs,Tests and gates,A,good,full-source; shipped Attempt page mounted with recording client,"The first test supplies one prompt and asserts that AssessmentAttemptPage requests context, progress, and position 1 with the same UUID while withholding feedback/score text from an open Attempt. The second supplies expiry and remaining milliseconds and asserts a timer plus automatic-submission explanation. These are durable delivery-policy boundaries: a Student must receive the question and timing state without premature grading disclosure. The mock records client calls but the mounted page is real.","tests/playwright/test_assessment_attempt_delivery.mjs:56-120; tests/support/assessment_attempt_delivery_harness.tsx:102-130; src/pages/assessment_attempt_page.tsx:159-208,394-416,666-690",tests/support/assessment_attempt_delivery_harness.tsx; src/pages/assessment_attempt_page.tsx; src/components/student_assessment_presentation.tsx,"The client fixture cannot prove server authorization, persistence, or clock calculation.",180d5af31f9756e75caa4e38a828945947411b29bad545bf5708d128fe8313a8,180d5af31f9756e75caa4e38a828945947411b29bad545bf5708d128fe8313a8,d12053bf8bc4fc755bac3a7e70574e95ceb44b3b11c2260a9a6b80bd8a0a190c,unchanged
tests/playwright/test_assessment_student_time.mjs,Tests and gates,A,good,full-source; policies page mount and optimistic-write sequence traced,"Selecting active roster AVERY, saving 1.5 then 2, and inspecting recorded inputs protects the accommodation write invariant: course, assessment, and roster identity are preserved; the first write has no edit number and the next carries the returned '1'. The test also excludes an invited roster entry. This is permanent-worthy client contract coverage because a stale edit number could overwrite another Instructor's accommodation; it uses a stateful fake client but real policy-page code.","tests/playwright/test_assessment_student_time.mjs:45-102; tests/support/blueprint_incorporation_harness.tsx:433-510; src/pages/assessment_workspace/assessment_workspace_policies_page.tsx:131-183,303-307",tests/support/blueprint_incorporation_harness.tsx; src/pages/assessment_workspace/assessment_workspace_policies_page.tsx; src/api/assessment_release.ts,"The fake always accepts saves, so conflict presentation and server-side active-roster enforcement need their own boundary evidence.",cb23ba5913bf450f7f748631793349911cdfc036f9019828d69589775a650b1a,cb23ba5913bf450f7f748631793349911cdfc036f9019828d69589775a650b1a,33deb48a29bb9456061164ed42f7d3d06604d5b8a4040eadb675a0617c4449ec,unchanged
tests/playwright/test_bloom_classification_workflow.mjs,Tests and gates,A,good,full-source; real workspace/library mounts and stateful conflict fake traced,"This test sorts mixed fixed/Pool entries by the declared Bloom order, saves their IDs with edit number 1, forces a second-save conflict at edit number 2, reloads, then verifies both Bloom filter fields are sent to LibraryPage search. The preserved invariant is not visual order alone: classification metadata must drive a stable ordered save and both filters must reach the repository query. That is worthwhile permanent behavior; fixture sort order deliberately mirrors the product taxonomy and should stay centrally sourced if it changes.","tests/playwright/test_bloom_classification_workflow.mjs:49-190,192-242; tests/support/bloom_classification_workflow_harness.tsx:223-305,371-439; src/pages/assessment_workspace/assessment_workspace_live_page.tsx:186-328; src/pages/library_page.tsx:80-150",tests/support/bloom_classification_workflow_harness.tsx; src/pages/assessment_workspace/assessment_workspace_live_page.tsx; src/pages/library_page.tsx; src/api/http_client/assessment_release.ts,No backend conflict response is decoded here; the harness constructs the client error directly.,65abc1d8d55bb10704f0e064e07a681d625ea7ea4d2fc12f1b90ce1a8b7dbedb,65abc1d8d55bb10704f0e064e07a681d625ea7ea4d2fc12f1b90ce1a8b7dbedb,2eede7531ef00ba89b970ea3aa0bf6358db2f809e993d733d24ace0118daf79c,unchanged
tests/playwright/test_course_entry_banner.mjs,Tests and gates,A,good,full-source; shipped banner mount and responsive geometry trace read,"The banner test changes viewport widths 390, 768, and 1280 and asserts a loaded image remains inside a centered 5:1 frame rather than inheriting its 1px fixture image ratio. This protects the product layout invariant that Course artwork is cropped into a predictable responsive header frame; the measured ratio and centering are intentional design behavior, not a snapshot of incidental pixels. The later account tests in this same file are unrelated but correctly assert vetting-before-account POST order and cursor search inputs.","tests/playwright/test_course_entry_banner.mjs:49-113 (banner),167-340 (account workflow); tests/support/course_entry_banner_harness.tsx:21-66; src/features/course_appearance/course_entry_banner.tsx:40+",tests/support/course_entry_banner_harness.tsx; src/features/course_appearance/course_entry_banner.tsx; tests/support/instructor_account_approval_harness.tsx; src/pages/instructor_accounts_page.tsx,"Image fetch is a one-pixel Blob fixture; it cannot expose CDN, decode, or real artwork failures.",6473d17849b7a23a97c30b492c55a32ba69725da55543397442245d13fb43326,6473d17849b7a23a97c30b492c55a32ba69725da55543397442245d13fb43326,bd5b4267a76958fd706597d45b4fe343f6f5b41d7628e96c9b21a70feaa72af6,unchanged
tests/playwright/test_course_instance_delivery.mjs,Tests and gates,A,good,"full-source; properties UI, duration mutation, and readiness case trace read","The three tests assert that delivery fields appear for a Course Assessment, an override writes 1200 then null and survives remount, and release readiness exposes missing-question, 250-question-limit, and unavailable-question blockers. These inputs protect real policy decisions: future Attempts use the chosen duration and release cannot proceed with invalid deliverable content. The test is permanent-worthy despite the fixture because it mounts the shipped PoliciesHost; the literal calculated text is secondary presentation coupling.",tests/playwright/test_course_instance_delivery.mjs:49-162; tests/support/blueprint_incorporation_harness.tsx:512-539; src/pages/assessment_workspace/assessment_workspace_policies_page.tsx:131-183,tests/support/blueprint_incorporation_harness.tsx; src/pages/assessment_workspace/assessment_workspace_policies_page.tsx; src/pages/assessment_workspace/assessment_workspace_live_page.tsx,"The release issues originate in fixture workspace data, not an actual release endpoint response.",ea0600aecce19247570e7037d350394e42866107ab80936eca55f9c263e1b93f,ea0600aecce19247570e7037d350394e42866107ab80936eca55f9c263e1b93f,827e0001d3fff6a66c4675d40c1674972ed9716116cb69f63cce5dde498a59f9,unchanged
tests/playwright/test_dashboard_islands.mjs,Tests and gates,A,refine,full-source; fixture App routes and computed-style measurements traced,"The test visits Templates, Library search, and browse in the ribbon shell and checks paired columns, no padding/borders/shadows on selected boxes, tips copy, and a minimum result window. It provides some smoke value that these routes mount, but the asserted flat-surface pixel rules are incidental style implementation rather than a stable product invariant. Fold route-mount/no-console-error checks into an existing shell test and keep a visual review artifact if this aesthetic needs signoff.",tests/playwright/test_dashboard_islands.mjs:33-152; tests/playwright/ribbon_shell_helpers.mjs:10-39; src/pages/assessment_templates_page.tsx:363 and src/pages/library_page.tsx:80-150,tests/playwright/ribbon_shell_helpers.mjs; tests/support/ribbon_shell_harness.tsx; src/pages/assessment_templates_page.tsx; src/pages/library_page.tsx,No real API/server data enters the current-production fixture case.,56bdd990831e2a97dec6e7bd78b11238808756faea1b5cc8236ef98a07fad8b7,56bdd990831e2a97dec6e7bd78b11238808756faea1b5cc8236ef98a07fad8b7,d38b06bb748b335f6405a631a019e3d9a56f4312b01e12c9596a47b63eeb859b,unchanged
tests/playwright/test_dense_page_scan.mjs,Tests and gates,A,refine,full-source; fixture library/roster list geometry trace read,"This inspects library record rows and roster table rows after fixture navigation, asserting facts, column counts, dividers, no gallery layout, and tight gaps. The semantic invariant worth keeping is that repeated records expose a name and state in a scannable list/table; exact row geometry and the chosen two seeded routes are incidental. Replace the CSS-heavy scan with accessible role/name/state assertions if a regression establishes need.",tests/playwright/test_dense_page_scan.mjs:15-151; src/pages/library_browse_rows.tsx; src/pages/course_roster_page.tsx,tests/playwright/ribbon_shell_helpers.mjs; tests/support/ribbon_shell_harness.tsx; src/pages/library_browse_rows.tsx; src/pages/course_roster_page.tsx,Static reading does not show whether a browser-specific layout regression motivated these thresholds.,dee05db1075999c3abc85247787c51be4020be80e41ee7e067a14e959c2e8566,dee05db1075999c3abc85247787c51be4020be80e41ee7e067a14e959c2e8566,18be600e2dec0127f66cf22f859eb37140a3f141941aac46c5b6fd65890058e6,unchanged
tests/playwright/test_distinct_object_cards.mjs,Tests and gates,A,refine,full-source; classification/facet visual grouping trace read,"The test distinguishes flat classification/Bloom groups from rounded facet/tag chips using exact border, radius, shadow, and padding measurements. The underlying distinction can help recognition, but it is encoded as a full CSS fingerprint in a fixture shell. No product rule shown in the traced LibraryPage requires particular radii or transparent fills, so this is an incidental permanent test until a documented visual contract or screenshot baseline owns it.",tests/playwright/test_distinct_object_cards.mjs:38-150; src/pages/library_browse_controls.tsx:70-105; src/pages/library_page.css:154-220,tests/playwright/ribbon_shell_helpers.mjs; tests/support/ribbon_shell_harness.tsx; src/pages/library_browse_controls.tsx; src/pages/library_page.css,"The visual intent may be human-approved elsewhere, but no such authority was established in this assigned source review.",7ae388a4fee16bff6a1ce1d62e3e58a7762c1c4a1e68e3bef7b6dfc857d6d040,7ae388a4fee16bff6a1ce1d62e3e58a7762c1c4a1e68e3bef7b6dfc857d6d040,1f85ea0233a44218a2b9c333eaefe26d0520b137159967502ab6a4dc8f3a6a0e,unchanged
tests/playwright/test_group_spacing.mjs,Tests and gates,A,refine,full-source; group/row bounding-box threshold trace read,"This calculates gaps between library groups/results and roster content, requiring fixed lower/upper pixel ranges after fixture navigation. It would catch overlap, but it conflates a genuine no-overlap invariant with chosen whitespace values; font metric, viewport, or token changes can fail it while the screen remains usable. Preserve an overlap/visible-row check only if needed and remove literal spacing ranges from the permanent suite.",tests/playwright/test_group_spacing.mjs:11-197; src/pages/library_page.css:179-220; src/pages/course_roster_page.tsx,tests/playwright/ribbon_shell_helpers.mjs; tests/support/ribbon_shell_harness.tsx; src/pages/library_page.css; src/pages/course_roster_page.tsx,No source-level spacing token contract was found in the test's traced path.,398b46cd0ef76e023cd8a87791e700cf53fdb1bd3af08db168fe71242a5bf4b9,398b46cd0ef76e023cd8a87791e700cf53fdb1bd3af08db168fe71242a5bf4b9,8b1e21d5be52c4e7a216b8e81de6d151bb49fd1846314e3949b05e58d5b0f2ca,unchanged
tests/playwright/test_readable_groups.mjs,Tests and gates,A,refine,full-source; templates/library content-group geometry trace read,"The test asserts template heading/message alignment, 4-16px group gaps, two library sections, aligned Bloom count labels, and 4-24px fact gaps. It correctly exercises rendered semantic content, but the exact spatial ranges duplicate the neighboring visual micro-tests and do not protect a state transition, authorization rule, or data contract. Keep the route/content smoke assertions only; use screenshot review for subjective readability.",tests/playwright/test_readable_groups.mjs:11-179; src/pages/assessment_templates_page.tsx:363; src/pages/library_page.tsx:80-150,tests/playwright/ribbon_shell_helpers.mjs; tests/support/ribbon_shell_harness.tsx; src/pages/assessment_templates_page.tsx; src/pages/library_page.tsx,"A user-tested readability threshold could justify a focused check, but that evidence is absent here.",0d3d76566ff13945c4ddb26dac562bfdd1d3e49413de15f4720bd708815b3fb9,0d3d76566ff13945c4ddb26dac562bfdd1d3e49413de15f4720bd708815b3fb9,829c9c6a910a1c0a86b222f8f7bd445d727bce81a72494f8c8c9e6828359a35b,unchanged
tests/playwright/test_region_sizing.mjs,Tests and gates,A,good,full-source; shell list region plus real preview postMessage handler trace read,"The first half checks that the Library result region scrolls while two records fit and the template empty state has no reserved tall block; those exact 800px measurements are somewhat visual. The second half is a durable boundary test: a same-origin fixture frame posts an invalid 2000 then valid 420 resize, and the shipped preview accepts the bounded valid report so iframe border-box height follows 420. Keep the preview protocol assertion; split or relax the fixture-layout thresholds.","tests/playwright/test_region_sizing.mjs:56-128 (shell sizing),134-192 (resize protocol); tests/support/region_sizing_harness.tsx; src/pages/assessment_templates_page.css:99-110",tests/playwright/ribbon_shell_helpers.mjs; tests/support/region_sizing_harness.tsx; src/components/author_content_frame.tsx; src/pages/assessment_templates_page.css,The preview poster is controlled test content; cross-origin and malformed-origin rejection are not exercised by this file.,a5f41da309fc2f235920276de20b035766398c85ce1ea8439291b3e9bba56de4,a5f41da309fc2f235920276de20b035766398c85ce1ea8439291b3e9bba56de4,f81a1ce61a55c60539a5540d5332567379f3c5a786cd9fc62237c424bee7e15b,unchanged
tests/playwright/test_screen_space.mjs,Tests and gates,A,refine,full source; live ribbon evidence harness trace,"This browser check preserves the useful visual invariant that the seeded Question Library window shows records rather than empty padding, and that the Course roster table follows its heading without a reserved empty panel. It navigates the real mounted routes, changes the selected route and measures computed boxes, then asserts zero library-window padding, at least 95% occupied height, two fully visible records, and row/section spacing caps. The DOM roles and CSS geometry are presentation-policy checks rather than stable domain behavior; keep a small smoke assertion for the result-region/table structure, but move the exact pixel ratios and 16/24/48px thresholds to screenshot or temporary design review evidence when layout changes are expected.","tests/playwright/test_screen_space.mjs:11-238 navigates /library/browse and /instructor/courses/CI7K3M2QAZ/students, calculates occupied pixels, and asserts the library and roster measurements.; tests/support/ribbon_shell_harness.tsx:677-809 mounts App and ApplicationShell with route fixtures; it is not a fabricated component substitute.; src/pages/library_page.tsx and src/pages/course_roster_page.tsx are the actual route surfaces selected by the harness.",tests/playwright/ribbon_shell_helpers.mjs; tests/support/ribbon_shell_harness.tsx; src/pages/library_page.tsx; src/pages/course_roster_page.tsx; src/components/record_list/record_list.css,"No browser run was performed. Computed geometry is necessarily sensitive to Playwright Chromium, font metrics, and intentional responsive redesign.",c1ba1e25216072d5bc4ffd6cf90e4162b3e0c04da2316658517c696c7e60b1a7,c1ba1e25216072d5bc4ffd6cf90e4162b3e0c04da2316658517c696c7e60b1a7,b9bb6222fe869937db8d302a880c8ffadba51442c8a45ba7b92654100ae9020b,unchanged
tests/playwright/test_student_assessment_presentation.mjs,Tests and gates,A,good,"full source; SSR, stylesheet, response-control, and browser-layout trace","This is largely permanent-worthy because it protects student-visible semantics that can otherwise drift independently: available fixed and pool entries sum to a display count without exposing source IDs; timestamps use the supplied display zone but do not print the zone name; blank limits say No closing time and Unlimited Attempts; and authored MATCH response assignment remains reversible across keyboard, pointer, and touch paths. Its input changes are deliberately varied (retired versus available entries, New York/Los Angeles zones, null limits, a pathological long title, and narrow/wide widths); assertions cover rendered words, omitted identifiers, retained choice-bank reachability, and actual assignment/clear state. The exact CSS-column counts and 320/800/1280 viewports are useful regression coverage for the currently chosen responsive contract, but are incidental implementation geometry and should be revised with a deliberate responsive redesign rather than treated as universal rules.","tests/playwright/test_student_assessment_presentation.mjs:48-260 checks projection, duration, zone, and null-policy language; :299-614 measures compact facts and the long-title landing; :756-950 drives MATCH controls.; src/components/student_assessment_presentation.tsx exports the StudentAssessmentDecisionDetails, StudentAssessmentStartFacts, and presentation conversion functions bundled at test lines 25-45 and 344-449.; src/components/question_response_controls/matching.tsx supplies the MATCH response controls exercised by test lines 807-950.",src/components/student_assessment_presentation.tsx; src/components/student_assessment_presentation.css; src/components/question_response_controls/matching.tsx; src/components/question_response_controls/question_response_control.tsx; src/assessment_duration.ts,"The file combines semantic, accessibility, and pixel-layout contracts; no run confirms the current bundle or assistive-technology behavior.",66ed18b00a941d1a472ebad9e72d1f5f5ca602050177471775c6c1f8f072bda2,66ed18b00a941d1a472ebad9e72d1f5f5ca602050177471775c6c1f8f072bda2,bc9c8d3a56bf00c01e6b6d815cee284e1063b5c147291d8e39b6bc0d3bd0cd0e,unchanged
tests/playwright/test_teaching_content_central.mjs,Tests and gates,A,refine,"full source; real ribbon route, draft API interception, and editor/detail trace","The test protects a meaningful authoring invariant: the question prompt is encountered before instructor description and action metadata, while the draft editor keeps the student preview alongside the authored prompt and puts library metadata in the supporting column. It changes the draft source and metadata responses through route interception, navigates the real question-detail and draft-editor routes, and asserts visible text plus relative rectangles. The source/metadata stubs are appropriate boundary inputs because the harness mounts the real app; the exact transparent background, no-shadow, and 40%-width rules are design-treatment details. Retain the route-level prompt/preview/metadata ordering check, but make the paint and percentage assertions screenshot-review evidence unless those values are formal design tokens.","tests/playwright/test_teaching_content_central.mjs:16-144 intercepts /api/authoring/drafts/* source and metadata, then tests questionDetail and pleQuestionJsonEditor surfaces.; tests/support/ribbon_shell_harness.tsx:677-809 mounts App/ApplicationShell used by openRibbonShellEvidencePage.; src/pages/question_detail_page.tsx and src/features/ple_question_json_authoring/question_json_editor_page.tsx provide the inspected and authored routes.",tests/ple_question_json_authoring_support.mjs; tests/support/ribbon_shell_harness.tsx; src/pages/question_detail_page.tsx; src/features/ple_question_json_authoring/question_json_editor_page.tsx; src/features/ple_question_json_authoring/question_json_editor_workspace.tsx,No UI run was performed; selector names and rectangle ordering are tightly coupled to current markup.,b7717fb66778c699f4f95f6903c92086b4d4c91de0eed94c131b19fb0d2c91ca,b7717fb66778c699f4f95f6903c92086b4d4c91de0eed94c131b19fb0d2c91ca,1c803f8c3d5c4972d5069c162471532925b252ae6caadd3c968deb6e6c45c4f0,unchanged
tests/playwright/test_teaching_task_pages.mjs,Tests and gates,A,refine,full source; production shell plus independently bundled assessment-question workspace trace,"This check encodes the current task-first composition of three instructor workflows: course editing, assessment creation, and question editing. It changes routes and viewport geometry, bundles the real Bloom workflow harness for the questions page, and asserts absence of card padding/shadow/fill plus relative placement of the task controls. The route loading is useful because a flat visual frame can regress during page-frame reuse, but its square-radius and literal CSS-paint assertions make the test a visual specification rather than a durable functional contract. Preserve a focused route smoke check that each teaching task and its save/create control are visible; use visual review for the all-zero card treatment and pixel relationship thresholds.","tests/playwright/test_teaching_task_pages.mjs:25-68 bundles tests/support/bloom_classification_workflow_harness.tsx; :70-252 measures the Course, Create Assessment, and Question editor surfaces.; tests/support/bloom_classification_workflow_harness.tsx:224-405 mounts AssessmentWorkspaceLivePage on the real question route.; src/pages/course_instance_page.tsx and src/pages/assessment_workspace/assessment_workspace_live_page.tsx are the route components exercised.",tests/playwright/ribbon_shell_helpers.mjs; tests/support/bloom_classification_workflow_harness.tsx; src/pages/course_instance_page.tsx; src/pages/assessment_workspace/assessment_workspace_live_page.tsx; src/components/page_frame.css,The check is browser-specific and has no screenshot baseline; there was no run in this audit.,27f6727c4f4af05490236b68a58540d5c5acee721727e2ab2c526bbefc41a055,27f6727c4f4af05490236b68a58540d5c5acee721727e2ab2c526bbefc41a055,a16481e0c7e1de8b92b9b6e351e86f0c70f0c876af66fe925bb6c8464703d641,unchanged
tests/playwright/test_visual_consistency.mjs,Tests and gates,A,refine,full source; ribbon-shell route and computed-style trace,"The check uses the real mounted library, course, and assessment routes to require a shared page-frame and readable grouped controls; it changes routes and compares titles, action controls, section spacing, and page backgrounds. That is useful temporary evidence for a recent visual consolidation, especially because console/page errors are also asserted empty. The invariant is not yet expressed as an owned public design contract: matching a few selected CSS values across seeded pages cannot prove visual consistency and will create churn when either page evolves. Keep the error-free route smoke coverage; replace the computed-style equality assertions with a screenshot corpus or a small token-level test only after the relevant shared token is identified.",tests/playwright/test_visual_consistency.mjs:29-192 opens three current-production route surfaces and compares computed page-frame and control styles.; tests/playwright/ribbon_shell_helpers.mjs opens the compiled shell; tests/support/ribbon_shell_harness.tsx:677-809 composes App and ApplicationShell.; src/components/page_frame.tsx and src/components/page_frame.css are the shared frame whose treatment the test attempts to enforce.,tests/playwright/ribbon_shell_helpers.mjs; tests/support/ribbon_shell_harness.tsx; src/components/page_frame.tsx; src/components/page_frame.css; src/style.css,"No run or visual gallery comparison was performed, so this is a static classification of the test's contract.",0acb5f51199603251e96d598f4e45608817aa97d5410ccbe9ec9706f7adb0600,0acb5f51199603251e96d598f4e45608817aa97d5410ccbe9ec9706f7adb0600,60d973354618a2787231b4addd9823a45c42a4be9843875b6ee4363a479a3c7c,unchanged
tests/support/assessment_attempt_delivery_harness.tsx,Tests and gates,A,good,full source; AssessmentAttemptPage route and Wasm runtime trace,"This is a reusable test harness, not a permanent assertion. Its useful invariant is that a Student Attempt page receives a complete, answer-free attempt context and presentation through the same ApplicationApi/RouteScope/WasmRuntime providers as delivery, while the supplied question renderer is the only variable. It changes the renderer callback and view fixtures, mounts /assessment-attempts/:assessmentAttemptId, and exposes the real AssessmentAttemptPage for browser tests. Keeping the harness is warranted because it prevents individual delivery tests from silently omitting the runtime/provider boundary; its fixed UUID and content are fixtures, not product policy.","tests/support/assessment_attempt_delivery_harness.tsx:17-101 defines answer-free context, progress, and presentation fixtures; :103-139 mounts AssessmentAttemptPage under RouteScopeProvider and WasmRuntimeProvider.; src/pages/assessment_attempt_page.tsx consumes the mounted attempt route.; src/wasm/context.tsx provides the Question Backend renderer boundary supplied by the harness.",src/pages/assessment_attempt_page.tsx; src/api/application_api.tsx; src/ribbon/route_scope_context.tsx; src/wasm/context.tsx,"The fixture does not exercise server issuance, expiry, or persistence; those need separate integration evidence.",cb4213dbc3c1e910794a3aa0ca620113b0cd74a6ea4d4eaa78ba9528f59160ff,cb4213dbc3c1e910794a3aa0ca620113b0cd74a6ea4d4eaa78ba9528f59160ff,c88739872ffd65c363c358d2d712306fad6376cb9bef981afd555b45d9b84ead,unchanged
tests/support/bloom_classification_workflow_harness.tsx,Tests and gates,A,good,full source; assessment workspace and library classification workflow trace,"This harness preserves the real workflow boundary for Bloom metadata tests: it mounts AssessmentWorkspaceLivePage and LibraryPage with a fake client that records bulk-metadata writes, exposes session bootstrap, and supplies classification vocabularies. Its inputs change from no Bloom classification to selected level/vocabulary values; consumers can assert both visible workflow state and the exact client command without replacing the page component. The mutable in-memory records are intentional test transport state, not a second product data model, because the real pages and their ApplicationApi contracts remain in control. It is worth retaining while both workflow tests depend on it.","tests/support/bloom_classification_workflow_harness.tsx:13-29 imports LibraryPage, AssessmentWorkspaceLivePage, and the shipped ApplicationApi boundary; :224-405 and :407-440 mount those routes.; src/pages/library_page.tsx owns library browse/edit composition.; src/pages/assessment_workspace/assessment_workspace_live_page.tsx owns assessment-workspace route composition.",src/pages/library_page.tsx; src/pages/assessment_workspace/assessment_workspace_live_page.tsx; src/api/question_bulk_metadata.ts; src/auth/session_context.tsx,This harness must evolve when the ApplicationApi contract changes; static review does not show whether all intended user mutations are covered.,b09d74857b03f9396f30f7bb75be4e1b4205505fb83468cf3819a1fc0f046b40,b09d74857b03f9396f30f7bb75be4e1b4205505fb83468cf3819a1fc0f046b40,d1caf75f65e6e868296f2ec9f3807d854543cf1331cd3efb07fbab1e673cdfea,unchanged
tests/support/blueprint_incorporation_harness.tsx,Tests and gates,A,good,"full source; daughter-course review/apply, duration, release, and accommodation route trace","This shared harness supplies stateful API doubles for five distinct production workflows: detecting a newer parent Blueprint revision, applying it with the expected source tuple and assessment edit number, saving a base duration, reporting release issues, and saving a Student time multiplier with its edit number. Each mount function changes one in-memory server projection only after the corresponding real page client method is called, so tests can assert a request's concurrency inputs and the reloaded UI result. That makes it permanent-worthy support for optimistic-concurrency and delivery-policy behavior; the concern is scope: one 539-line fixture owns unrelated flows, so split it by page family if another workflow is added rather than enlarging it.","tests/support/blueprint_incorporation_harness.tsx:251-344 mounts CourseInstancePage and AssessmentWorkspaceLivePage for revision review/apply; :348-511 mounts duration, release validation, and time-accommodation cases.; The apply stub at tests/support/blueprint_incorporation_harness.tsx:311-330 records expectedSourceBlueprintRevisionTuple and expectedAssessmentEditNumber before returning an updated workspace.; src/pages/course_instance_page.tsx and src/pages/assessment_workspace/assessment_workspace_live_page.tsx consume these ApplicationApi calls.",src/pages/course_instance_page.tsx; src/pages/assessment_workspace/assessment_workspace_live_page.tsx; src/api/assessment_release.ts; src/api/application_api.tsx,The doubles model success paths locally and cannot validate database transaction semantics or server conflict responses.,3f89841b6209cd2c4353bcf8a3f8d15afd510696462b59672aba936f7c77a60a,3f89841b6209cd2c4353bcf8a3f8d15afd510696462b59672aba936f7c77a60a,c8b46efa1f66dda7baf0dbd6c88fac734e3bb19adcd1e57fc9ba042e227634a6,unchanged
tests/support/course_entry_banner_harness.tsx,Tests and gates,A,good,full source; CourseEntryBanner fetch and Course route-scope trace,"This compact harness tests the actual entry-banner component with an existing Course appearance record. It changes only the banner ID and Blob fetch result, rejects every unexpected ID, provides the real Course route scope, and mounts CourseEntryBanner. That isolates the durable invariant that a decorative Course banner is fetched from its declared media ID without requiring an entire course page; the one-pixel PNG is a deliberately minimal transport payload, not a visual-quality claim.",tests/support/course_entry_banner_harness.tsx:18-54 creates a CourseBanner with decorative alternative text and an ID-checked fetchCourseBanner client; :56-67 mounts CourseEntryBanner in RouteScopeProvider.; src/features/course_appearance/course_entry_banner.tsx consumes fetchCourseBanner and the route course appearance.; tests/support/route_scope_provider_fixtures.ts provides the real typed course-scope fixture shape.,src/features/course_appearance/course_entry_banner.tsx; src/api/application_api.tsx; src/ribbon/route_scope_context.tsx; tests/support/route_scope_provider_fixtures.ts,"It cannot prove image sizing, alt rendering for non-decorative media, cache behavior, or backend media authorization.",37eba77266807aaf13adb0093bcd2b57ae2230c74e5353c1de3d2a31eb41584f,37eba77266807aaf13adb0093bcd2b57ae2230c74e5353c1de3d2a31eb41584f,990cfb9bb7e8a895b3cf4bf91e202e96f31944a290c65dc1e076a3eef2bf389d,unchanged
tests/support/instructor_account_approval_harness.tsx,Tests and gates,A,good,full source; shipped HTTP client and InstructorAccountsPage trace,"This harness deliberately avoids a fake page client: it builds createHttpApiClient/createApplicationApi over a recording ApiFetch, mounts InstructorAccountsPage as a sysadmin, and varies the vetting POST between 201 and 422. It records path, verb, and serialized body, while scripted paging/search responses let tests assert that an approval decision is sent before account creation and that refusal does not masquerade as success. This is permanent-worthy boundary coverage because instructor identity approval is an authorization-sensitive workflow; the random UUID minting is incidental fixture setup.",tests/support/instructor_account_approval_harness.tsx:49-62 validates generated decision UUID shape; :89-135 records all HTTP calls and selects approved/rejected vetting responses; :137-165 mounts the real page.; src/api/http_client.ts:63 defines createHttpApiClient used by the harness.; src/pages/instructor_accounts_page.tsx is the mounted sysadmin workflow.,src/api/http_client.ts; src/api/application_api.tsx; src/pages/instructor_accounts_page.tsx; src/auth/session_context.tsx,The local fetch cannot establish server-side privilege enforcement; it verifies browser-client sequencing and serialization only.,6622fa172cae03392da06943831bf1e3114205431b4a3e3f7f6f81c989861194,6622fa172cae03392da06943831bf1e3114205431b4a3e3f7f6f81c989861194,2c7473ea40023b1065a11728661d0d601e2f40564cf306d8ed4ae692cf3c9330,unchanged
tests/support/region_sizing_harness.tsx,Tests and gates,A,neutral,full source; direct component mount trace,"This 16-line harness mounts the real OpaqueWebworkPreviewFrame with a same-origin preview poster. Its only stable invariant is that region-sizing tests inspect the shipped iframe component rather than hand-written iframe markup; it changes no production state and supplies no fake UI. Retain it only while a test needs to measure the preview frame's containing region. If that sole consumer disappears, this fixture is removable because it adds no independent behavioral protection.",tests/support/region_sizing_harness.tsx:1-16 imports and mounts OpaqueWebworkPreviewFrame with title Question preview.; src/components/opaque_webwork_preview_frame.tsx is the direct component under measurement.,src/components/opaque_webwork_preview_frame.tsx,This file contains no assertions; its value depends entirely on its consuming Playwright test.,83083cde873a494d6cf30166e42c5dd9b509590e71fc58f0928d4f4496e46424,83083cde873a494d6cf30166e42c5dd9b509590e71fc58f0928d4f4496e46424,ec14ca6ff624c10e6207e60ec51b685b3139416a812b9a1f0aea7bf8ac3cea86,unchanged
tests/support/ribbon_design_fixture.tsx,Tests and gates,M,refine,"full source; AppRibbon, theme registry, and design-model trace","The fixture is correctly explicit that it is a treatment-neutral design laboratory, not production navigation. It changes among retained Ribbon models, selected/alternative treatments, withheld-control availability, themes, and glyph specimens, then renders the real AppRibbon and RibbonIcon. That makes it useful temporary human visual-review material for deciding the ribbon direction. It should not be promoted as permanent product behavior: it duplicates labels and exposes icon-only withheld destinations that the comment says are specimens only, so assertions against it would protect a lab representation rather than the route/capability contract.",tests/support/ribbon_design_fixture.tsx:29-60 defines label/specimen inventory; :64-149 renders models through AppRibbon; :151-213 declares the lab and retained alternative.; src/ribbon/app_ribbon.tsx is the real Ribbon renderer used at fixture lines 6 and 97.; tests/support/ribbon_design_models.ts supplies the comparative models rather than a production route registry.,src/ribbon/app_ribbon.tsx; src/ribbon/ribbon_icon.tsx; src/appearance/theme_registry.ts; tests/support/ribbon_design_models.ts,No consumer was inspected in this pass; classification relies on the fixture's explicit laboratory comments and imports.,40bd66f544880a48f5e8a23320e56db2745a7ebbcc90e195e46f2c72a020001f,40bd66f544880a48f5e8a23320e56db2745a7ebbcc90e195e46f2c72a020001f,36b6b372326272bfa1407d8cbe04bedb503da1b4b732bb40323c361c184452b3,unchanged
tests/support/ribbon_shell_harness.tsx,Tests and gates,M,good,full source; full App/ApplicationShell route composition and typed fixture-client trace,"This is the central evidence harness for route-level UI tests. It mounts the real App inside ApplicationShell, SessionProvider, router, Wasm provider, and ApplicationApiProvider; it then supplies typed route data, delayed session/course loads, roster mutation/error controls, authoring vocabulary writes, and a broad set of actual client queries. The useful invariant is that a test exercises production route composition while transport state remains observable and controllable; for example deferredCourseScopes records a requested course before release and presentationApi records roster revocation. The fixture is permanent-worthy shared infrastructure, but at 809 lines it has crossed the preferred focused-file boundary: future additions should be extracted by scenario rather than making this universal fake backend.",tests/support/ribbon_shell_harness.tsx:93-156 defines delayed session/course-scope behavior; :183-676 provides typed ApplicationApi client/query fixtures; :677-809 mounts App and ApplicationShell and exposes navigation controls.; src/app.tsx and src/application_shell.tsx are imported at lines 10-11 and mounted by the harness.; src/routes.ts and src/route_contract.ts are imported at lines 34 and 46 so test navigation follows the shipped route registry.,src/app.tsx; src/application_shell.tsx; src/routes.ts; src/route_contract.ts; src/api/application_api.tsx; src/auth/session_context.tsx,A typed cast still permits omitted client methods to be discovered only by a route that calls them; this is not an end-to-end server harness.,e35e986fa7e94a1b1b45ecb0c09b98b55340c2c03018d2a43f15f82c672bc190,e35e986fa7e94a1b1b45ecb0c09b98b55340c2c03018d2a43f15f82c672bc190,5e016edc74f6b248ffd667cfa2a59bba101566e98e972c887c478985e5632e80,unchanged
tests/support/student_course_entry_m6_harness.tsx,Tests and gates,M,good,full source; Student course/assessment entry route and answer-free query trace,"This fixture mounts the real StudentCoursesPage and AssessmentOverviewPage with a memory router and changes the course/assessment decision data across active, upcoming, bonus, and withheld cases. Its API doubles provide Course route data, answer-free decision summaries, and attempt context/history types, allowing UI tests to prove that route selection follows the Student's permitted state rather than question source identity. It is worth retaining as shared support because the fixtures encode distinct entry states; the fixed course titles, IDs, and time values are merely readable test data and should not be asserted as business rules.",tests/support/student_course_entry_m6_harness.tsx:43-143 defines active/upcoming/withheld assessment summaries and answer-free decisions; :148-303 mounts StudentCoursesPage and AssessmentOverviewPage under RouteScopeProvider.; src/pages/student_courses_page.tsx and src/pages/assessment_overview_page.tsx are the real components imported at lines 16-21.; src/api/assessment_attempt_navigation.ts provides the StudentAssessmentAttemptContext type carried by the fixture.,src/pages/student_courses_page.tsx; src/pages/assessment_overview_page.tsx; src/api/assessment_attempt_navigation.ts; src/ribbon/route_scope_controller.ts,"This does not exercise issuance, expiration, or server authorization; it is a route presentation fixture.",0de977361de3d3892433ff7dde1070f34708296253ef9f7c1d9b0a97d897cc40,0de977361de3d3892433ff7dde1070f34708296253ef9f7c1d9b0a97d897cc40,5808a1a62ce8b18c1c283e038583ab9d52eff7cfa357c2657499976da53d1f8e,unchanged
tests/test_assessment_attempt_history_decoder.mjs,Tests and gates,M,good,"full source; history decoder, route construction, feedback, and class-statistics trace","This is permanent-worthy decoder protection for the completed Attempt privacy boundary. It changes history JSON by adding a legacy/extra attemptId, malformed UUIDs, independently disclosed score/feedback/answers, and available versus undersized class cohorts; assertions require the sole assessmentAttemptId route identity, reject unknown fields, keep protected fields absent unless independently released, and allow an average only when the decoder accepts the safe cohort. Those cases map directly to a client receiving an over-broad or malformed server projection, where permissive decoding could disclose grading data or construct the wrong answer-review URL.","tests/test_assessment_attempt_history_decoder.mjs:8-77 tests answer-review URL validation; :79-148 checks UUID/closed fields and grades; :149-240 checks course, recorded-response, feedback, answer, and cohort-statistics projections.; src/api/decoders/assessment_attempt_history.ts:38-67 restricts root fields and parses assessmentAttemptId; :111-160 restricts each question projection.; src/api/assessment_attempt_history.ts:29-39 derives the only answer-review document URL from a valid attempt UUID and positive position.",src/api/decoders/assessment_attempt_history.ts; src/api/assessment_attempt_history.ts; src/api/decoders/question_delivery.ts; src/navigation/public_route.ts,"The test proves decoder behavior, not whether SQL/Rust producers make the same disclosure decision.",00788566cc2475dbccc08fb709f7272fd381c69bbe95e9be82098844ffd80044,00788566cc2475dbccc08fb709f7272fd381c69bbe95e9be82098844ffd80044,cdfdcc9a9f5d2d4e8d9c58451e784c3a9f976210fe1a50f6aaa49ff17b2ece9a,unchanged
tests/test_assessment_attempt_navigation.mjs,Tests and gates,M,good,"full source; author iframe, access/attempt decoders, HTTP mutation methods, and route-policy trace","This file protects several high-value Student Attempt boundaries. It changes iframe props and a proxy client to assert AuthorContentFrame calls only studentAuthorContentDocumentUrl and emits an opaque allow-scripts/no-referrer iframe; it changes IDs, positions, response acknowledgements, submission state, and GET projections to require no-store requests and exact request/response correlation; it also asserts only student can use attempt routes. These are permanent-worthy because a regression can leak privileged application state to author JavaScript, accept a mismatched response acknowledgement, or expose Attempt routes to another role. The SSR bundling implementation is incidental test machinery, but the sandbox, allowed URL, and no-extra-field assertions are not.","tests/test_assessment_attempt_navigation.mjs:17-167 bundles AuthorContentFrame and asserts opaque sandbox/API isolation; :169-565 validates identifiers, access/progress/presentation schemas, no-store save/submission transport, and role admission.; src/components/author_content_frame.tsx:12-42 builds the iframe with studentAuthorContentDocumentUrl, sandbox=allow-scripts, referrerpolicy=no-referrer, and empty allow attribute.; src/api/decoders/assessment_attempt_issuance.ts:86-139 restricts LiveAssessmentAccess to answer-free fields and validates the active Attempt UUID.",src/components/author_content_frame.tsx; src/api/http_client.ts; src/api/decoders/assessment_attempt_navigation.ts; src/api/decoders/assessment_attempt_issuance.ts; src/route_contract.ts,"Static test review cannot establish browser iframe isolation/CSP enforcement or server authorization, only the requested DOM and browser-client contract.",f8df110c2f11d2cdcd9836c6303993238aad824f6eb319f900fa52e49a8adc3d,f8df110c2f11d2cdcd9836c6303993238aad824f6eb319f900fa52e49a8adc3d,10b4c0b07b6722baf92dbf067c7f67e2504816b2fc858eea78e335c4a59e8071,unchanged
tests/test_assessment_duration.mjs,Tests and gates,M,refine,full source; duration utility and policies-page import trace,"The calculation and serialization assertions are permanent-worthy: changing question count and minute drafts proves ceil(1.5 * questions), blank-to-null intent, whole-minute bounds, and non-rounding display of legacy seconds. Those protect the instructor's stored-time meaning. The final guidance test mixes that behavior with incidental source-text inspection: it changes no rendered page state and only searches assessment_workspace_policies_page.tsx for symbol names, so it would pass if the constants are imported but never shown. Keep the utility cases and replace the include-loop with a focused rendered policies-page assertion if the student/instructor wording itself is an acceptance requirement.","tests/test_assessment_duration.mjs:20-51 supplies valid/invalid counts and drafts; :53-84 checks exact guidance constants plus a source-text include loop; :86-94 checks minute/hour and legacy-second display.; src/assessment_duration.ts:6-33 validates draft conversion/errors; :37-63 formats and calculates stored/default duration; :66-85 owns the guidance strings.; src/pages/assessment_workspace/assessment_workspace_policies_page.tsx is only text-searched at test lines 63-79, not mounted.",src/assessment_duration.ts; src/pages/assessment_workspace/assessment_workspace_policies_page.tsx,"No page rendering was inspected, so the test cannot prove that the policy form presents the guidance in the relevant control.",07af4822cd11278f683a2ef4d7b2497cfa91d6ee5e7bd83ef4666d91f59387ab,07af4822cd11278f683a2ef4d7b2497cfa91d6ee5e7bd83ef4666d91f59387ab,065b30bcc8f3423e7adc8099a1de3df2c394345e98b2b3aa7ef34042d2d02f18,unchanged
tests/test_assessment_summary_policy_decoder.mjs,Tests and gates,M,good,full source; strict nested summary-policy decoder trace,This focused test changes one nested assessment policy object by adding unexpectedPolicyField and asserts that strict decoding succeeds for the authorized variation/order pair but throws DecodeError for the extra field. Its invariant is that Question Library assessment summaries do not become permissive merely because their parent summary is decoded strictly; that protects the browser's schema boundary from silently accepting server-only policy data. It is small but permanent-worthy because nested strictness is easy to lose during decoder refactors and the test directly invokes the actual decoder.,"tests/test_assessment_summary_policy_decoder.mjs:7-32 defines the complete feedback/policy fixture; :34-51 compares accepted policies and rejects unexpectedPolicyField.; src/api/decoders/question_library.ts:732 defines decodeAssessmentSummary, which receives strict=true in the test.; src/api/decoder.ts defines DecodeError asserted at test line 50.",src/api/decoders/question_library.ts; src/api/decoder.ts,The case covers one extra nested key; it does not enumerate every policy enum or producer path.,a201465be0dfd718d6f74bbe8152bea250a4e8a13f402e119447b916c02c5741,a201465be0dfd718d6f74bbe8152bea250a4e8a13f402e119447b916c02c5741,22efccbcbe03825d2406a901dadc6c3438dd76a41f2b197dee3196d5b29e3ec2,unchanged
tests/test_assessment_template_client.mjs,Tests and gates,M,good,full source; private template CRUD/copy HTTP client and decoder/ETag trace,"This file is permanent-worthy client-boundary coverage. It changes response status, ETag, aggregate/settings/activity-rule keys, template ID, and title; assertions require the exact private collection/item/copy URLs and methods, replacement If-Match value, closed request bodies, no acceptance of extra returned fields, and rejection of a stale ETag or malformed create input. That protects concurrent template editing and prevents template settings from quietly absorbing server fields that do not belong in the browser contract. The local recording fetch is suitable because the actual createHttpApiClient serializes every request; it is not a fake template page.","tests/test_assessment_template_client.mjs:84-128 records list/create/get/save traffic and asserts URL, method, body keys, and If-Match; :130-196 changes extra fields/status/ETag/name input; :198-243 checks closed Course copy input and response ETag.; src/api/http_client.ts:63 creates the actual browser client under test.; tests/http_client_test_support.mjs supplies only request recording, while client methods perform the URL/body/protocol behavior.",src/api/http_client.ts; src/api/assessment_template.ts; src/api/decoders/assessment_template.ts; tests/http_client_test_support.mjs,The test does not validate server conditional-update handling or database transaction conflicts; it validates the browser-side protocol boundary.,92192d9d8cf382e3595df0e9d1b8c7cc384646fba55c0c6d33f4bc7ccf2d064a,92192d9d8cf382e3595df0e9d1b8c7cc384646fba55c0c6d33f4bc7ccf2d064a,6ef12b907a80c18a1425340f9e3341c173af666d1e320c9d3c1922e28469f9d7,unchanged
tests/test_assessment_template_settings_model.mjs,Tests and gates,M,refine,full-source; traced template draft -> settings payload,"The fixture now supplies hints and worked_solutions, so existing duration and one-attempt assertions can pass through the expanded closed feedback rule. It protects template conversion only indirectly: no assertion proves those two values survive assessmentTemplateSettings, so a future omission could be masked by the permissive fixture path.",tests/test_assessment_template_settings_model.mjs:10-36 template fixture; :39-88 assertions; src/pages/assessment_template_settings_model.ts:66 assessmentTemplateSettings; src/api/decoders/assessment_template.ts:82 assessmentTemplateSettings,src/pages/assessment_template_settings_model.ts; src/pages/assessment_templates_page.tsx; src/api/decoders/assessment_template.ts,The schema decoder may reject omission before this model receives it; no runtime execution was performed.,506e54f3f086113f85ddafb4841c2d99e9e0e43b6f4353f30a1552d5e5b24dc0,506e54f3f086113f85ddafb4841c2d99e9e0e43b6f4353f30a1552d5e5b24dc0,db9b39cfc9c4cef0d298f1780b6808701275f7155fe630d25d2c7d9ecea8aa24,unchanged
tests/test_assignment_client.mjs,Tests and gates,M,good,full-source; traced selected-assessment update client route and decoder,"The new incorporation test proves an update is addressed to exactly one course-instance assessment, carries its two concurrency tuples, and rejects an accidental assessmentIds batch before fetch. That is permanent protection for instructor-controlled adoption: broadening this request would silently alter assessments the instructor left alone.",tests/test_assignment_client.mjs:206-247; src/api/http_client/assessment_release.ts:135-151 applyAssessmentBlueprintUpdate; src/api/assessment_release.ts:211-218 interface; src/pages/assessment_workspace/assessment_workspace_questions_page.tsx:501-505 caller,src/api/http_client/assessment_release.ts; src/api/decoders/assessment_blueprint_update.ts; src/pages/assessment_workspace/assessment_workspace_questions_page.tsx,The test's mocked successful workspace does not exercise the SQL transaction that applies the update.,38ac7850cd521b550484ed41af2a5b2717ed2991ff6566f245316e4a63f8cf97,38ac7850cd521b550484ed41af2a5b2717ed2991ff6566f245316e4a63f8cf97,56e4ba669f9b64a7d006fc16736d987b567f10127d0dbd1176b46c8f1d362319,unchanged
tests/test_assignment_workspace_questions.mjs,Tests and gates,M,refine,full-source; traced point edit and ID-paste page paths,"New assertions cover two meaningful UI-model invariants: changing a fixed entry's points preserves its revision pin and pool sibling, and pasted IDs are normalized/deduplicated before lookup, with invalid input, empty input, capacity overflow, and missing IDs withheld. The final four readFile includes only prove spelling in the page/view; they are incidental and can pass even if the control is disconnected from addQuestionsById.",tests/test_assignment_workspace_questions.mjs:224-291; src/pages/assessment_workspace/assessment_workspace_questions_model.ts:52 withFixedQuestionPointValues; src/pages/assessment_workspace/assessment_question_id_batch.ts:57 resolveQuestionIdBatch; src/pages/assessment_workspace/assessment_workspace_questions_page.tsx:346-367,src/pages/assessment_workspace/assessment_workspace_questions_model.ts; src/pages/assessment_workspace/assessment_question_id_batch.ts; src/pages/assessment_workspace/assessment_workspace_questions_page.tsx; src/pages/assessment_workspace/assessment_workspace_questions_view.tsx,No rendered interaction is exercised; the direct model checks cover the failure-prone normalization boundary.,b187d1f7a822428f8f83275e6738b04234438c60afdc408f6dea4f2c59d5253e,b187d1f7a822428f8f83275e6738b04234438c60afdc408f6dea4f2c59d5253e,c10c7d3ede367ead73f30c6ef45f0c5fe7a8173c23b68870346367caf8ffeaec,unchanged
tests/test_base_assignment_policy_autosave_model.mjs,Tests and gates,M,good,full-source; traced autosave reducer and policy-page caller,"The added feedback fields update the canonical draft consumed by every autosave transition. The existing assertions remain valuable because they distinguish in-flight, stale success, invalid visible draft, retry, and conflict reload; these states prevent an old response from falsely enabling Release after a newer policy edit.","tests/test_base_assignment_policy_autosave_model.mjs:15-37,39-143; src/pages/assessment_workspace/base_assessment_policy_autosave_model.ts:68 baseAssessmentPolicySaveSucceeded; src/pages/assessment_workspace/assessment_workspace_policies_page.tsx:221-228",src/pages/assessment_workspace/base_assessment_policy_autosave_model.ts; src/pages/assessment_workspace/assessment_workspace_policies_page.tsx,The change itself is fixture alignment; the state-machine assertions predate it but remain semantically specific.,6aa5d33a20255365bb89740d4e6412e4f54e049651b1584e875a01836b433fcb,6aa5d33a20255365bb89740d4e6412e4f54e049651b1584e875a01836b433fcb,9baad66c31ac873d9585671084345191ff773d24ee58751d4c95f333563adca6,unchanged
tests/test_blueprint_course_client.mjs,Tests and gates,M,neutral,full-source; traced client decoder and blueprint endpoints,"The changed content fixture adds the two required feedback keys so course creation/replacement payload tests remain valid against the closed assessment-content decoder. It does not assert a behavior unique to hints/worked_solutions, but it correctly prevents unrelated blueprint client tests from constructing obsolete wire objects.",tests/test_blueprint_course_client.mjs:54-89 contentInput; src/api/http_client.ts:63 createHttpApiClient; src/api/decoders/assessment_template.ts:82-118 assessmentTemplateSettings; src/api/decoders/blueprint_course.ts decodeBlueprintCourseView,src/api/http_client/blueprint_course.ts; src/api/decoders/blueprint_course.ts; src/api/decoders/assessment_template.ts,Exact blueprint decoder location was traced through its imported public decoder; no endpoint was invoked.,8a604a7a3820e39e0f46025ee1d0dc69ae00def0c65013ffe335edca64f4a5e9,8a604a7a3820e39e0f46025ee1d0dc69ae00def0c65013ffe335edca64f4a5e9,5c44227cb783083e1c0df79866078d682ece14d3ed46c70dc635f74aa0a6b160,unchanged
tests/test_blueprint_course_model.mjs,Tests and gates,M,good,full-source; traced comparison model -> SSR summary,"The added comparison case establishes the semantic partition of two revisions: stable versus added/removed assessments, fixed-question revision changes, and pool edit changes, then renders every membership label including None. This protects instructors from a comparison that reports shared IDs while hiding changed pins/scoring/pools, although it compiles a data URL bundle inside a model test and is slower than a direct component import.",tests/test_blueprint_course_model.mjs:173-389; src/features/blueprint_forks/blueprint_fork_model.ts:162 assessmentComparison; src/features/blueprint_forks/blueprint_comparison_membership.tsx:32-44 ComparisonMembershipSummary; src/features/blueprint_forks/blueprint_fork_review.tsx:281,src/features/blueprint_forks/blueprint_fork_model.ts; src/features/blueprint_forks/blueprint_comparison_membership.tsx; src/features/blueprint_forks/blueprint_fork_review.tsx,"SSR proves text composition, not browser event behavior.",60487cc865f262f1eb3c3f39b8ca5b97fc587e522d2742028bdc4c346a1b0079,60487cc865f262f1eb3c3f39b8ca5b97fc587e522d2742028bdc4c346a1b0079,528d8266115a1fb68594419abfc89f81b9b3381f0a56e5d043149564e93d45e5,unchanged
tests/test_blueprint_instructor_browse.py,Tests and gates,A,good,full-source; static SQL authorization trace,"This new static guard checks that load permits an instructor either as owner or for public/archived availability, while discovery exposes public and requires an explicit archived option and rejects contradictory publicOnly+includeArchived. Those predicates are an authorization contract worth retaining because a later SQL simplification could accidentally make private course content discoverable.",tests/test_blueprint_instructor_browse.py:12-39; schemas/base_schema/50_functions/blueprint_operations.sql:472-608 list_blueprint_courses; :610-704 load_blueprint_course,schemas/base_schema/50_functions/blueprint_operations.sql; schemas/base_schema/70_grants/blueprint_operations.sql,String extraction does not prove PostgreSQL evaluation order or role setup.,4253a0778021321f90461abde9b0e70537fad0343f01e120e306ad18c4351f51,4253a0778021321f90461abde9b0e70537fad0343f01e120e306ad18c4351f51,45cffba0812ebdfc04e7308040f252d752fde78f8c3dff8d134e81896ce7e9a0,unchanged
tests/test_blueprint_search_return.mjs,Tests and gates,M,good,full-source; traced session return-state store,"Adding tag to both saved and submitted filters verifies that a return token restores the complete search shape rather than losing a newly introduced filter, and that it is consumed once. This is permanent UX protection because a missing tag changes the instructor's subsequent result set without an error.",tests/test_blueprint_search_return.mjs:42-77; src/pages/blueprint_course_search_return_state.ts:94 takeBlueprintSearchReturnState; src/pages/blueprint_course_search_page.tsx:144-151,src/pages/blueprint_course_search_return_state.ts; src/pages/blueprint_course_search_page.tsx,The test uses its in-memory session substitute; browser navigation lifecycle is outside its scope.,18870f673d4ea191d1d89a60bb33e30aefea7303ce4cdaf37c14b62fe6a77d13,18870f673d4ea191d1d89a60bb33e30aefea7303ce4cdaf37c14b62fe6a77d13,7e76fcb10c2da0ee8fe549e926a095450dcbd2d04b1135f15af82ed0fb5ee733,unchanged
tests/test_change_scope.py,Tests and gates,M,good,full-source; traced screenshot rebuild classification,The changed test feeds Podman's Go-style Created timestamp into parse_image_created_stamp and confirms a newer CSS source selects client rebuild with no container replacement. This is worthwhile because a timestamp parser failure would turn harmless UI capture work into unnecessary Live Demo downtime.,tests/test_change_scope.py:110-122; devel/capture_screenshots.py:129-145 parse_image_created_stamp; devel/change_scope.py:165-211 decide; devel/capture_screenshots.py:404-410,devel/change_scope.py; devel/capture_screenshots.py,It does not invoke Podman; it validates the parser/decision boundary with a representative stamp.,cf0d01968cbe1f39a193734ac452f2e0a68cd5969e03461ac7660e737194d2cb,cf0d01968cbe1f39a193734ac452f2e0a68cd5969e03461ac7660e737194d2cb,22a97d712483c04274592f3551190e8a82348d1da5710e1778916868e8f87843,unchanged
tests/test_content_classification_client.mjs,Tests and gates,M,good,full-source; traced classification client request constructors,"The subject test distinguishes 201 new-subject from 200 existing-subject-needing-acceptance, posts the parent discipline UUID, and rejects a contradictory 200-with-needsAcceptance-false response. This protects the ownership workflow: treating an existing shared subject as newly created would skip explicit instructor acceptance of its Discipline association.","tests/test_content_classification_client.mjs:95-178; src/api/http_client/content_classification.ts:54-55,77-118 createSubject; src/api/decoders/content_classification.ts:23-51",src/api/http_client/content_classification.ts; src/api/decoders/content_classification.ts; src/api/content_classification.ts,"The fake fetch validates request/response classification only, not server-side duplicate resolution.",722022aca966fe7bbcab7814286f2c6c9ea5e46fe9eb7d7d3926ca607dd88d35,722022aca966fe7bbcab7814286f2c6c9ea5e46fe9eb7d7d3926ca607dd88d35,a1f40e37258d1d3a5ae1db4c33ff10f74814bbe4c4cacf72f913ea51f3212c59,unchanged
tests/test_course_retention_ferpa.py,Tests and gates,A,good,full-source; static retention authorization/schema trace,"The added assertions set a sharp lifecycle boundary: purging an archived course deletes its attempts but not accounts or assessments; roster revoke writes an ended event without deletion; sysadmin capability alone is not course membership; snapshots retain grading identifiers/points but omit display text. These are durable FERPA minimization invariants, though their regex checks would not detect a differently structured SQL query with equivalent or broken semantics.",tests/test_course_retention_ferpa.py:37-96; schemas/base_schema/50_functions/course_retention_transitions.sql:190-300; schemas/base_schema/50_functions/course_operations.sql revoke_course_roster_entry; schemas/base_schema/20_tables/assessment_attempt.sql; schemas/base_schema/50_functions/grading_access.sql read_assessment_gradebook_evidence,schemas/base_schema/50_functions/course_retention_transitions.sql; schemas/base_schema/50_functions/course_operations.sql; schemas/base_schema/50_functions/authorization.sql; schemas/base_schema/20_tables/assessment_attempt.sql; schemas/base_schema/50_functions/grading_access.sql,Static source checks cannot prove policy grants or delete cascades in a migrated database.,abdeafc2e37105475564f3274381fd87f9fd67e6ecad4a7c034a0d1617eff708,abdeafc2e37105475564f3274381fd87f9fd67e6ecad4a7c034a0d1617eff708,11d10cdeae96b52ad2b02eacb74d3f4b066160007dd0a962b970013a96dd4c27,unchanged
tests/test_course_theme_scope.mjs,Tests and gates,M,neutral,full-source; traced theme registry and appearance decoder,"No behavior-specific assertion was added; the file's current catalog assertions still protect closed theme IDs, accessible token surfaces, and decorative versus informative banner alternative text. The changed diff is absent/fixture-level in the inspected source, so this file adds no separate new invariant attributable to the audit range.",tests/test_course_theme_scope.mjs:34-159; src/appearance/theme_registry.ts:217 themeStyle; src/api/decoders/course_appearance.ts:54 decodeCourseAppearanceView; src/features/course_appearance/course_banner_alternative_text.ts,src/appearance/theme_registry.ts; src/appearance/appearance_owner.tsx; src/api/decoders/course_appearance.ts; src/features/course_appearance/course_banner_alternative_text.ts,"The supplied change list marks it modified, but the visible semantic delta was not isolated from the full-file read.",5f5007c73876c8cce2d00a7b1dd10e33fd084a8d590799ef3c934ebddee76cc9,5f5007c73876c8cce2d00a7b1dd10e33fd084a8d590799ef3c934ebddee76cc9,c77749762484a887678c052fc88ddf1cd636731ce81348dd330780babffbece3,unchanged
tests/test_frontend_contract.mjs,Tests and gates,M,refine,"full-source; traced routes, session, rendered components, and IDs","The file protects several real boundaries: route-role fail-closed behavior, stale session abort/generation, sysadmin course assignment, library watch/star calls, canonical visible question IDs, and UUID exclusion from rendered learner-facing strings. Its file-text assertions are useful as narrow wiring tripwires but incidental where they only search JSX source; the SSR tests with fake clients provide the stronger consumer evidence.","tests/test_frontend_contract.mjs:23-85,110-174,529-750,841-851; src/route_contract.ts; src/auth/browser_session_boundary.ts; src/auth/session_context.tsx; src/routes.ts:103; src/ribbon/capability_registry.ts:463",src/route_contract.ts; src/auth/browser_session_boundary.ts; src/auth/session_context.tsx; src/components/sysadmin_course_creation.ts; src/ribbon/capability_registry.ts,A large multi-domain contract test can make failure diagnosis broad; no browser run was performed.,f28aa2e5eb921a7bbaf0da3361a38ebdc2c864ac1e37d3443ca9329351f857e9,f28aa2e5eb921a7bbaf0da3361a38ebdc2c864ac1e37d3443ca9329351f857e9,1cb2c5721dda783b7a70adf41600f2fa0f675e2f7bb55803de731b27b58ccadf,unchanged
tests/test_instructor_account_decoder.mjs,Tests and gates,M,good,full-source; traced decoder and approval client,The decoder asserts a sysadmin list includes the viewer's display zone but rejects target-zone and extra target facts; the approval test refuses an unapproved account before dispatch; date formatting proves the same instant renders in supplied Eastern/Pacific zones. These protect least disclosure and correct administrative time interpretation.,tests/test_instructor_account_decoder.mjs:29-85; src/api/decoders/instructor_account.ts:107 decodeInstructorAccountList; src/api/http_client/instructor_account.ts:87-99; src/pages/instructor_account_model.ts formatSignInLabel,src/api/decoders/instructor_account.ts; src/api/http_client/instructor_account.ts; src/format_datetime.ts; src/pages/instructor_account_model.ts,The approval client is checked with a local process/fake request rather than an authenticated server.,9402a19ce87bd7870f31a4eb15891844e76740f693a9be810ed67d540611e1f2,9402a19ce87bd7870f31a4eb15891844e76740f693a9be810ed67d540611e1f2,ce7f033c002f75bdfea8a813d9ab98ca0b76e94f07d4b34d458e95ce288c67d4,unchanged
tests/test_library_classification_search.mjs,Tests and gates,M,good,"full-source; traced global search, bulk metadata, and My Questions SSR","New cases assert that library metadata is object-owned (rejecting course/assessment/textbook fields), bulk updates carry per-question title/description and metadata edit numbers without a revision number, and My Questions always requests authoredByCurrentAccount across cursor/page-size changes then renders pagination. These are permanent boundaries: mixing course context into the global library or revisioning metadata would corrupt sharing and editing semantics. The SSR fake client intentionally mounts the real page and rejects course/attempt queries, which is strong wiring evidence.","tests/test_library_classification_search.mjs:137-298,549-661; src/api/decoders/question_bulk_metadata.ts:116; src/api/http_client/question_bulk_metadata.ts:77; src/pages/my_questions_model.ts:36; src/pages/my_questions_page.tsx:50-62; src/api/question_search_query.ts",src/api/decoders/question_bulk_metadata.ts; src/api/http_client/question_bulk_metadata.ts; src/pages/my_questions_model.ts; src/pages/my_questions_page.tsx; src/api/question_search_query.ts,No live database validates metadata edit-number conflicts.,2ac0ed1a60e8ff613f0ae76c2be99c350207d2e198f06651013b718a25cb962b,2ac0ed1a60e8ff613f0ae76c2be99c350207d2e198f06651013b718a25cb962b,9ae03ab26b33982ef30a3009a29a1fbc6a22aaa0a8ad6f41236023d1bc54581a,unchanged
tests/test_library_watch_notification_client.mjs,Tests and gates,M,good,full-source; traced discriminated notification decoder and display consumer,"The additions exercise membersChanged only for question pools and improvementThread/impactNotice for questions, then reject cross-kind event/payload combinations. This is durable decoder protection because an incorrectly accepted discriminator would let a notification page render nonsensical evidence or links for the wrong library object.","tests/test_library_watch_notification_client.mjs:17-166,169-310; src/api/decoders/library_watch_notification.ts:25-28,91-125; src/api/http_client/library_watch_notification.ts:31; src/pages/library_watch_notifications_page.tsx:20-28",src/api/decoders/library_watch_notification.ts; src/api/http_client/library_watch_notification.ts; src/api/library_watch_notification.ts; src/pages/library_watch_notifications_page.tsx,"The test does not assert the displayed label for each new event, only decoder acceptance and page switch reachability.",cd525d46248a720e37d85e3dcf22ec5423369a2618ffc69dff2209f43f24834c,cd525d46248a720e37d85e3dcf22ec5423369a2618ffc69dff2209f43f24834c,c7ad11b0c02af7af170a95079ecad5ec6d17a722e0cdaf9449037e6395d10815,unchanged
tests/test_live_assignment_release_validation.mjs,Tests and gates,M,good,"full-source; traced workspace decoder, roster client, release boundary","The new delivery check proves a released workspace preserves availability/due/close instants and attemptLimit, and that the roster endpoint returns only roster rows. These fields jointly determine what students can access and when, so losing any one during decode would make a released assessment appear valid while delivering the wrong policy.",tests/test_live_assignment_release_validation.mjs:99-126; src/api/decoders/assessment_release.ts:570-722 decodeLiveAssessmentWorkspace; src/api/http_client/assessment_release.ts:208-226; src/api/http_client/course_roster.ts,src/api/decoders/assessment_release.ts; src/api/http_client/assessment_release.ts; src/api/http_client/course_roster.ts; src/api/assessment_release.ts,Roster fake response does not cover server authorization or pagination.,7c627f0ac68615478143bafb9e2c50ecfd7681db68485fe8357d5aca439b49eb,7c627f0ac68615478143bafb9e2c50ecfd7681db68485fe8357d5aca439b49eb,3383a2fa64a23db45bbcb79ece25cbe68b860b78d269d2d556a12936abfd12d6,unchanged
tests/test_live_demo_target.py,Tests and gates,M,good,full-source; traced manifest writer and Caddy configuration,"The changed manifest test now requires PLE_ACCEPT_REQUEST_BROWSER_HOST=1 and verifies Caddy listens on wildcard HTTPS with internal TLS rather than literal localhost. This protects browser-origin acceptance for the disposable Live Demo; without it, a real request Host can be rejected despite a valid generated manifest.",tests/test_live_demo_target.py:133-182; local_stack_control/live_demo_target.py:222; containers/compose.yaml:374; containers/Caddyfile HTTPS listener,local_stack_control/live_demo_target.py; local_stack_control/models.py; containers/compose.yaml; containers/Caddyfile,"Static test does not start Caddy, so certificate and Host behavior remain an integration concern.",7976b25f7fdf320b438eedb716a395daf0307f4ace26261c0cd682e182c6fdd8,7976b25f7fdf320b438eedb716a395daf0307f4ace26261c0cd682e182c6fdd8,750ddfa4e2a8b5e85cd336f6ea7ab202d9f5b467ca169c081d730d711e5b5250,unchanged
tests/test_nested_identity_contracts.mjs,Tests and gates,M,good,full-source; traced proposal page decoder and HTTP consumer,"The added change-proposal case accepts only proposalId UUID, asserts decoded rows do not expose generic id, and rejects a second id or malformed proposalId. This protects a deliberately named identity boundary: generic id invites a caller to confuse proposal identity with blueprint/course/revision IDs in a nested payload.",tests/test_nested_identity_contracts.mjs:371-404; src/api/decoders/blueprint_change_proposal.ts:387-414 decodeBlueprintChangeProposalPageView; src/api/http_client/blueprint_change_proposal.ts:90-97,src/api/decoders/blueprint_change_proposal.ts; src/api/http_client/blueprint_change_proposal.ts; src/api/blueprint_change_proposal.ts,The test covers decoder closure but not proposal mutation or SQL UUID ownership.,4cd0de29870c57f33f605a9df96022ecc6cdf8c3ca0917adb17ff2a603b05c85,4cd0de29870c57f33f605a9df96022ecc6cdf8c3ca0917adb17ff2a603b05c85,487f0490970f9181cb01d72f0a518e3e2f8655304eeb25abbc5972b3c712d16f,unchanged
tests/test_no_future_imports.py,Tests and gates,A,good,full-source plus file_utils discovery path,The AST-based inventory enforces the explicit current-interpreter repository rule. Its docstring supplies the concrete failure recovery: remove the future import. This narrow policy check is not evidence of unjustified product functionality.,tests/test_no_future_imports.py:9-36; docs/HUMAN_GUIDANCE.md:69-70,tests/test_no_future_imports.py; tests/file_utils.py,Policy and source reviewed; no test execution.,a5629852db1bc6334d885a5aeb2b385d0d6611f9f8925fb02aa0ae30af5d530c,a5629852db1bc6334d885a5aeb2b385d0d6611f9f8925fb02aa0ae30af5d530c,689e201d1a599319c8c465371e8656323097176b412a68c3d420c829a3935685,unchanged
tests/test_ple_question_json_authoring.mjs,Tests and gates,M,good,"full-source; codec, transport, repository, feedback-client, and authoring metadata traces","New assertions change authored inputs across three durable boundaries: SVG HOTSPOT uploads; script resources versus recorded rdkit dependencies; publication classifications with required Discipline and Subject; and managed hint/feedback/solution metadata. They verify that malformed metadata stops before fetch, exact request/ETag bodies preserve all three nullable support fields, and response extras or missing fields are rejected. These are permanent-worthy because the browser authoring codec and clients are the only boundary before drafts and publication requests reach server-owned Question records; the one exact dependency-array assertion is intentionally a policy sentinel and will need a conscious update when approved libraries change.","tests/test_ple_question_json_authoring.mjs:86-106,292-346,550-659,831-887; src/features/ple_question_json_authoring/question_json_codec.ts:718-723,853-860; src/features/ple_question_json_authoring/recorded_javascript_dependencies.ts:5-11; src/features/ple_question_json_authoring/question_general_feedback_client.ts:179-198,249-254",src/features/ple_question_json_authoring/question_json_codec.ts; src/features/ple_question_json_authoring/question_json_client.ts; src/features/ple_question_json_authoring/question_general_feedback_client.ts; src/features/ple_question_json_authoring/recorded_javascript_dependencies.ts; src/features/ple_question_json_authoring/question_json_hotspot_model.ts,"The test exercises client contracts with a fake fetch, so server validation and actual image parsing are outside its coverage.",99112d71559d04afa111e21edd946e8605595dcfc32fc11b7dce57886f796aa7,99112d71559d04afa111e21edd946e8605595dcfc32fc11b7dce57886f796aa7,1e8b29bd67d053cf8848f5d0af1b27a0555791bdf9fde5737e7be2a1de38072c,unchanged
tests/test_public_navigation.mjs,Tests and gates,M,good,"full-source; route contract, parameter parser, public-ID parser, and resolver trace","The new route-wide loop substitutes canonical public IDs or UUIDs into every declared parameterized route, then changes each parameter to a suffix, a different ID kind, and (for UUID routes) legacy-looking secondary IDs. It asserts routeParams returns exactly declared keys and routeScopeKey becomes invalid, protecting the invariant that navigation exposes only its declared human/public identity or UUID and does not silently resurrect attempt-number or secondary-ID routing. This is permanent-worthy because ROUTE_CONTRACT is the producer and routeScopeKey is consumed by route scope/Ribbon selection; the hard-coded UUID-name list is a deliberate inventory that must be revised with future route concepts.","tests/test_public_navigation.mjs:102-175; src/navigation/route_params.ts:52-61,82-103,114-135; src/route_contract.ts:1-619",src/navigation/public_route.ts; src/navigation/route_params.ts; src/navigation/resolved_route.ts; src/route_contract.ts; src/question_id.ts,"It proves syntax and declared-route consistency, not that each protected API resolver authorizes the resulting identity.",fdb82ae98ae4a912d25521d57a7b73dc8096a1958946c735d88f125aec0a48c8,fdb82ae98ae4a912d25521d57a7b73dc8096a1958946c735d88f125aec0a48c8,21e895824f6d27a154a884dc33085f641b865244311169376db8844faa223cb9,unchanged
tests/test_question_library_archive_workflow.mjs,Tests and gates,A,refine,full-source; LibraryPage and QuestionArchiveControl SSR trace,"This added SSR test renders the search Library with deliberately unavailable data functions and asserts its collection workflow exposes search/pool creation but no Archive, then renders QuestionArchiveControl and asserts the initial lineage read occurs once without mutation. The behavioral split is useful: archiveQuestion is only invoked by the detail control after a user confirmation, while LibraryPage remains a discovery surface. The permanent test is somewhat overbuilt and its 13,000-question/Neil wording is incidental fixture narrative; a focused component-level assertion of the two surfaces would protect the same invariant with less fake router/context setup.",tests/test_question_library_archive_workflow.mjs:11-151 SSR harness and unavailable query stubs; tests/test_question_library_archive_workflow.mjs:154-189 asserts search surface and read-only initial archive control; src/pages/question_detail_page.tsx:231-293 QuestionArchiveControl loads lineage and calls archive only in transition,src/pages/library_page.tsx; src/pages/question_detail_page.tsx; src/api/question_availability.ts; tests/fixtures/published_question.ts,SSR does not exercise the click/confirmation transition or server authorization; the test verifies initial presentation and dependency containment only.,c72f6b04da375252e5231aa5538320672f68153331669d2ab406f1ea59cc0d8b,c72f6b04da375252e5231aa5538320672f68153331669d2ab406f1ea59cc0d8b,ae490d3c7bf662e50ac9c8ec8f269f599e2dc9fcfe9e6fcd0d4337c789584d13,unchanged
tests/test_question_picker.mjs,Tests and gates,M,good,full-source; picker model and inspection component trace,"The added inspection case changes input from selection-only rows to a selected row plus an inspected candidate and exact QuestionDetails containing an answer-bearing source. It asserts inspection returns the same selection object, forwards the immutable revision tuple, projects only title/ID/backend/prompt/response preview, and SSR output never includes source, concealed answer, or add controls. That is permanent-worthy because QuestionPicker invokes inspectQuestionPickerRow before loading details and the projection is the explicit answer-free boundary used by instructor inspection; the WebWork branch separately confirms its preview URL replaces static prompt rendering.",tests/test_question_picker.mjs:244-375; src/features/question_picker/question_picker_model.ts:69-98; src/features/question_picker/question_picker.tsx:245-259,src/features/question_picker/question_picker_model.ts; src/features/question_picker/question_picker.tsx; src/features/question_picker/question_picker_inspection.tsx; src/pages/library_page_model.ts,The generated SSR check does not prove a live detail endpoint redacts answers; it proves the client projection and visible component do.,721dea88a1ad6a68259d5f97e0a6be8cee98cac8606b63d1ce841a4d1be3402e,721dea88a1ad6a68259d5f97e0a6be8cee98cac8606b63d1ce841a4d1be3402e,4f1e7a462707c292c51ec38e864043220b6430285d2b09bcc0538163567cc4ee,unchanged
tests/test_question_pool_creation_client.mjs,Tests and gates,M,good,full-source; creation decoder/client and shared Pool metadata trace,"The edited creation request now supplies tags and asserts they survive unchanged in the POST body; malformed inputs add leading-space, duplicate, and blank tags and assert decode rejection before transport. This protects the metadata invariant that a Pool owns a canonical unique tag list alongside title/classification rather than deriving it from member Questions. It is permanent-worthy because the client uses the same strict metadata decoder that rejects noncanonical text and duplicate tags before an API request.","tests/test_question_pool_creation_client.mjs:20-99; src/api/decoders/question_pool_library.ts:44-46,65-117; src/api/http_client.ts:95-97",src/api/http_client/question_pool_creation.ts; src/api/decoders/question_pool_library.ts; src/api/http_client.ts,"Transport is mocked, so database persistence and search indexing of tags are not tested here.",e9972f0114e677a7d5426e32f282a15fbc49dd86ba9bdc281461ab887ade34eb,e9972f0114e677a7d5426e32f282a15fbc49dd86ba9bdc281461ab887ade34eb,9d9880f47cbc937ef228e26db815e300492baaf92a50155c5940629b44589933,unchanged
tests/test_question_pool_metadata.mjs,Tests and gates,M,good,full-source; pool list/detail/fork decoder trace,"The file supplies Pool-specific metadata and varies missing fields, unknown fields, malformed classification, blank/partial Bloom pairs, and unordered count facets. Its assertions protect two independent invariants: Pool metadata is complete and owned by the Pool, while Bloom data is either fully absent or a complete ordered facet result for list, detail, and assessment-fork readers. This is permanent-worthy decoder coverage because these three consumers receive untrusted API JSON and decodeQuestionPoolMetadata/decoder paths explicitly close their record shapes.","tests/test_question_pool_metadata.mjs:43-263; src/api/decoders/question_pool_library.ts:65-117,184-285,293-321; src/api/decoders/assessment_pool_fork.ts:1-136",src/api/decoders/question_pool_library.ts; src/api/decoders/assessment_pool_fork.ts; tests/fixtures/published_question.ts,"This validates client decoding, not the SQL aggregation that produces Bloom facet counts.",7a32573eccdafbe1c572bcf6803b4a1bb9b7652308176046a87c72a00c9538a9,7a32573eccdafbe1c572bcf6803b4a1bb9b7652308176046a87c72a00c9538a9,ac9e75ee96dc8486cd70c77b925921f8f75a58760fb55d1ee8dd1411468f092f,unchanged
tests/test_question_response_controls.mjs,Tests and gates,M,good,"full-source; controller, dispatcher, persistence, keyboard, and iMathAS boundary trace","The changed tests cover durable response-state transitions: invalid/blank numeric input must not save; format-only controls cannot persist; a saving controller rejects duplicate saves; a rejected save becomes editable; delayed validation ignores disposal; and iMathAS accepts only its narrow ready-message/launch route and records one revisioned marker. Inputs deliberately move among NaN, empty text, valid response, rejected persistence, late promise, and backend messages, while assertions observe save count and controller phase. This is permanent-worthy because the shared controller is reused by every native response format and the dispatcher distinguishes save-capable iMathAS from local format-only rendering.","tests/test_question_response_controls.mjs:85-153,151-218,295-467,480-637; src/components/question_response_controls/common.tsx:22-37,79-86; src/components/question_response_controls/question_response_control.tsx:59-183",src/components/question_response_controls/common.tsx; src/components/question_response_controls/question_response_control.tsx; src/components/question_response_controls/imathas_question_backend.tsx; src/components/question_response_controls/keyboard.ts; src/pages/assessment_attempt_finish.ts,Client controllers use fake validators and saves; attempt submission transactionality is owned by the server and is outside this file.,cb90fedb8ef42f0ff331f19ec0dfd6684ecb8e8f9d2198559fe88b61e8daa1c8,cb90fedb8ef42f0ff331f19ec0dfd6684ecb8e8f9d2198559fe88b61e8daa1c8,f6c1798bcdec378e0c37a0e689e3e959159b05f7d2fe051218444f29d4c95607,unchanged
tests/test_question_watch_client.mjs,Tests and gates,M,good,full-source; watch HTTP contract and rendered watch-list trace,"The new Watch assertions send self-only GET/PUT state and inject forbidden watcher identities into responses, then render the list and require subscription language while excluding other instructors. The input changes from a boolean watched state to response objects containing disclosure fields; assertions require DecodeError and visible copy that defines Watch as a personal subscription. This is permanent-worthy privacy coverage because the browser client must not normalize accidental watcher disclosure even though server policy remains authoritative.","tests/test_question_watch_client.mjs:20-62,129-253; src/api/http_client/question_watch.ts:1-120; src/pages/question_watch_page.tsx:1-260",src/api/http_client/question_watch.ts; src/api/decoders/question_watch.ts; tests/fixtures/published_question.ts,The test cannot establish database row-level policy; it establishes client contract closure and presentation redaction. Reviewer cross-references not resolved to current files: src/pages/question_watch_page.tsx. These references are not verified trace evidence.,52dcd991c0f56b0d30c99730f5eb3d1f42cbdd22b552d02326f133d381dd216c,52dcd991c0f56b0d30c99730f5eb3d1f42cbdd22b552d02326f133d381dd216c,77980226de4644ac614651d6912394b941ded241fd1e051540862f177f0961d6,unchanged
tests/test_record_list_reorder.mjs,Tests and gates,M,good,full-source; reorder model and Solid renderer trace,"The test changes list inputs through no-op, upward/downward moves, boundary moves, duplicate IDs, and disabled/locked rows, then asserts callback order and accessible rendered controls. It protects the invariant that reordering preserves membership and only changes legal neighbor order; blueprint_fork_apply_model's reordered helper consumes the resulting IDs when applying a fork. This is permanent-worthy shared-widget coverage because a wrong order changes assessment/blueprint meaning, while the SSR assertions are limited to control availability rather than drag interaction.",tests/test_record_list_reorder.mjs:1-95; src/components/record_list/record_list_reorder.tsx:1-538; src/features/blueprint_forks/blueprint_fork_apply_model.ts:1-112,src/components/record_list/record_list_reorder.tsx; src/features/blueprint_forks/blueprint_fork_apply_model.ts,No browser event sequence is exercised; component ordering and callback semantics are tested through SSR/model behavior.,e6a18864b179ae6fcc1f6aaeb8d5f6c9885139e39dea25244176737e6f36d9e2,e6a18864b179ae6fcc1f6aaeb8d5f6c9885139e39dea25244176737e6f36d9e2,763bf390269cc11c338aeff7d52fcaaa217c2205ea010a5d4cbf0e112f04bfed,unchanged
tests/test_ribbon_contract.mjs,Tests and gates,M,good,"full-source; route contract, Ribbon schemas/catalog/capabilities, SSR fixtures trace","This broad contract suite changes route, role, relationship, and fixture inputs to assert immutable owner-ordered Ribbon topology, role admission, exact home/profile routes, real Course parents, and a single current breadcrumb. The additions also scan student navigation/page source for forbidden instructor/sysadmin vocabulary and assert staff-only image capability. These checks are permanent-worthy where they consume ROUTE_CONTRACT and schema/catalog functions because route metadata drives every signed-in Ribbon; the source-word scan is a weaker, incidental proxy that can fail on harmless prose and should not be treated as an authorization guarantee.","tests/test_ribbon_contract.mjs:94-169,184-268,482-577,769-910; src/ribbon/ribbon_contract.ts:1-854; src/ribbon/ribbon_schema.ts:1-140; src/ribbon/capability_registry.ts:1-687; src/route_contract.ts:1-619",src/ribbon/ribbon_contract.ts; src/ribbon/ribbon_schema.ts; src/ribbon/ribbon_catalog.ts; src/ribbon/capability_registry.ts; src/route_contract.ts; src/navigation/route_params.ts,"The synthetic fixtures verify model derivation and SSR strings, not a complete browser navigation flow or server route authorization.",85cda103d63c786e4936d8f155ce7a93b8f47bfeb070846370fc9385ee0bfbba,85cda103d63c786e4936d8f155ce7a93b8f47bfeb070846370fc9385ee0bfbba,8e52f52272d82a4b0ddea29cd2ab91619d6192c484b209d28eedbd1e56917e13,unchanged
tests/test_ribbon_route_contract.mjs,Tests and gates,M,refine,"full-source; route access, profile role gate, authoring/roster source scan trace","The new test recursively inventories every src file containing type=file, fixes the exact three-file allowlist, requires raster accept strings, and combines it with profileRoleMayManageImage and userRoleMayAccessRoute assertions. It captures the intended invariant that students have no upload affordance and authoring/roster use text entry, but the recursive textual allowlist is brittle: a legitimate future instructor image field changes an unrelated navigation test, while a nonstandard uploader can evade the literal search. Keep the direct role/route assertions as permanent contract coverage; replace the global file inventory with focused component tests if the UI expands.",tests/test_ribbon_route_contract.mjs:95-150; src/features/profile_avatar/profile_avatar_role.ts:5-7; src/pages/profile_page.tsx:80-83; src/features/profile_avatar/staff_avatar_settings.tsx:192-196; src/pages/course_appearance_page.tsx:281-285,src/route_contract.ts; src/features/profile_avatar/profile_avatar_role.ts; src/features/ple_question_json_authoring/question_json_editor_workspace.tsx; src/pages/course_roster_page.tsx; src/pages/course_appearance_page.tsx,Route access is a browser gate and does not establish server-side authorization for any upload endpoint.,2df3da75b56a00c0a627618afc09a0f5705895dc264d744b6114da2d1c1a8fe9,2df3da75b56a00c0a627618afc09a0f5705895dc264d744b6114da2d1c1a8fe9,16a4e575b134e8df01e77409141d53f4e1a510964ffda9ba3972a2ed144eac77,unchanged
tests/test_student_assessment_presentation.mjs,Tests and gates,D,neutral,baseline deleted source read; current replacement consumers traced,"The deleted test previously varied assessment availability, entries, duration, and display zone in an esbuild SSR harness and asserted answer-free decision presentation. Its removal eliminates direct coverage of default five-minutes-per-question wording and supplied-zone rendering. Current student coursework and selected-display-zone tests separately cover state labels and account-zone formatting, but neither asserts the deleted assessment detail component's duration or denial-copy invariants; this is a coverage reduction, not by itself a design defect because the component may have been removed or replaced.",e67eacab:tests/test_student_assessment_presentation.mjs:1-158 deleted SSR tests; tests/test_student_coursework_presentation.mjs:10-82; tests/test_student_time_zone.mjs:82-131; src/pages/student_coursework_presentation.ts:35-81; src/selected_display_zone.ts:8-19,src/pages/student_coursework_presentation.ts; src/selected_display_zone.ts; src/components/student_assessment_presentation.tsx,The assigned path is deleted; no current source-level replacement was proven for all former detail-component assertions.,,,29b6c0aa23822188075da5c5b9ab9f1f8cb446e79dd7cd42b5f8ed9f0d406261,unchanged
tests/test_student_course_response_stats.mjs,Tests and gates,M,good,full-source; strict response-stats decoder and HTTP client trace,"Both fixtures now supply questionTitle because it is a required field in each stats row, including the deliberately inconsistent ranked row. The assertions still change count totals, revision identity, hidden fields, and cache headers to require DecodeError or exact endpoint behavior. This is permanent-worthy because questionStats closes the response shape, validates canonical revision/title input, and checks arithmetic disclosure invariants before Course response statistics are shown; updating every fixture prevents a missing title from masking the intended inconsistent-count assertion.","tests/test_student_course_response_stats.mjs:8-102; src/api/decoders/student_course_response_stats.ts:20-69,111-138; src/api/http_client/student_course_response_stats.ts:1-40",src/api/decoders/student_course_response_stats.ts; src/api/http_client/student_course_response_stats.ts; src/api/decoder.ts,"It verifies browser decoding and request construction, not whether database aggregation calculates the counts correctly.",f5ea7d31a386c68f130a8dbe569d5b33b75bc2e84864556e6d58e2bfa2b34f25,f5ea7d31a386c68f130a8dbe569d5b33b75bc2e84864556e6d58e2bfa2b34f25,f104331d138d86450a285f5a8019ca65d0feba50b7b4e4314c2eab6ec49acf8d,unchanged
tests/test_student_coursework_presentation.mjs,Tests and gates,M,good,full-source; pure Coursework display model trace,"The added table changes server startDecision/completion inputs across not_yet_available, may_start, closed-with-completed, and closed-without-completion, asserting distinct upcoming/available/completed/missed states and labels. This protects the ordered decision invariant in studentCourseworkDisplay: completion wins, resumability follows, then availability, with a remaining closed item marked missed. It is permanent-worthy pure presentation coverage because the same state label guides student understanding of whether work can still be started or reviewed.",tests/test_student_coursework_presentation.mjs:58-70; src/pages/student_coursework_presentation.ts:35-80,src/pages/student_coursework_presentation.ts,"The test does not exercise a canResume=true combination in the newly added table, but the preexisting tests cover resumable display.",4dd4d2449120611ee97fb91e9dff9529307e0b786832f6e5a5c844b4ad790876,4dd4d2449120611ee97fb91e9dff9529307e0b786832f6e5a5c844b4ad790876,af90661c9a7e11bc34330d7a35fdaeafbbdc70ffc30f24e383ade95db23aff44,unchanged
tests/test_student_progress.mjs,Tests and gates,M,good,full-source; progress decoder and summary copy trace,"The withheld fixture now changes completed_assessment_attempt_count from zero to one, and asserts the summary contains both unavailable-score wording and 'completed Attempt recorded' while never using the internal Assessment domain term. This protects the user-visible distinction between a submitted attempt and a score withheld by release policy; it does not infer a score from activity. The check is permanent-worthy because decodeStudentAssessmentProgress supplies the state and studentProgressSummary is the single copy projection for it.",tests/test_student_progress.mjs:100-150; src/student_progress.ts:1-38; src/api/decoders.ts:1-14,src/student_progress.ts; src/api/decoders.ts,The exact English phrase is product copy and may need intentional revision for future terminology changes. Reviewer cross-references not resolved to current files: src/api/decoders/student_assessment_progress.ts. These references are not verified trace evidence.,a916872c1f24ff4e83cb8916944c93066ea5f4310eb907b43db7c59e186f8160,a916872c1f24ff4e83cb8916944c93066ea5f4310eb907b43db7c59e186f8160,82693d5ec99c1f5ea43dcbccf4a8d7d36e130a783af86cfbd7d81f09cc318bee,unchanged
tests/test_student_signup_reset.py,Tests and gates,A,refine,full-source; reset/restore SQL function trace,"The new static reader extracts reset_student_signup_access and restore_student_course_access from course_roster_access.sql, then asserts reset ends membership/revokes invitations/inserts exactly one invitation and restore uses student_record_id/inserts membership without creating an account or deleting data. It documents the desired lifecycle invariant, but substring counts cannot prove the SQL transaction actually targets the same student or handles competing resets; it would also pass if required statements were dead code. Treat it as a temporary change-scope guard unless replaced by a PostgreSQL integration test that observes records and invitation events.",tests/test_student_signup_reset.py:8-42; schemas/base_schema/50_functions/course_roster_access.sql:8-84; schemas/base_schema/50_functions/course_roster_access.sql:95-170,schemas/base_schema/50_functions/course_roster_access.sql,"No database execution occurs, so locking, SQL predicates, rollback, and concurrent reset behavior remain unverified.",cff9c3cc21019d92b34595b06ec7e811e8b91bb9c4d5bc9843d1c77dd20d76aa,cff9c3cc21019d92b34595b06ec7e811e8b91bb9c4d5bc9843d1c77dd20d76aa,601215c31206f06b11bb83dd13c9f1b63a236331c00b5bd7228718baa2ed31e5,unchanged
tests/test_student_time_zone.mjs,Tests and gates,M,good,full-source; appearance context and selected display formatter trace,"The added Solid-root probe changes Account settings between America/New_York, America/Los_Angeles, and undefined for one fixed UTC instant, asserting the two local clock values, no zone-name leakage, and an empty result while settings are unavailable. It protects the invariant that every selected display formatter uses the signed-in Account's IANA zone and does not guess the browser zone during loading. This is permanent-worthy because useSelectedDisplayDateTimeFormatter is the shared presentation hook and its loading branch prevents a transient wrong-zone timestamp.",tests/test_student_time_zone.mjs:82-131; src/selected_display_zone.ts:8-19; src/appearance/appearance_context.ts:1-41,src/selected_display_zone.ts; src/appearance/appearance_context.ts; src/format_datetime.ts; src/api/decoders/profile_settings.ts,Locale formatting is asserted in the test runtime's locale; it does not prove all components use this hook.,546ab8eeb85c3d688d0455561dc97a155773529d4840cb181d83187688ce514b,546ab8eeb85c3d688d0455561dc97a155773529d4840cb181d83187688ce514b,07ef55d352c394f530bda26abd2396c484437778e777962f89556837faec2a8c,unchanged
tests/test_sysadmin_course_inspection.mjs,Tests and gates,A,good,full-source; HTTP client/decoder and sysadmin inspection SSR trace,"The new client/SSR test changes query input from whitespace to a name and overlong text, changes response input to a disallowed studentEmail field, and renders both list/detail surfaces. It asserts blank query GET versus bounded query POST body, exact Course ID path, no-store decoding, rejection before a too-long request, and read-only output showing instructors/lifecycle/retention while excluding mutation actions and private email. This is permanent-worthy because listInstallationCourses/loadInstallationCourse define the only browser transport for installation-wide inspection, and the page consumes those decoded records as a deliberately non-mutating sysadmin workflow.","tests/test_sysadmin_course_inspection.mjs:40-122,124-214; src/api/http_client/course_instance.ts:221-246; src/pages/sysadmin_course_inspection_page.tsx:71-73,149-153",src/api/http_client/course_instance.ts; src/api/decoders/course_instance.ts; src/pages/sysadmin_course_inspection_page.tsx; src/api/course_instance.ts,SSR with a fake client does not prove the sysadmin route's session authorization or database visibility policy.,deb74650b27746e10d28fb00e7a370e5c53b2227a6fbfcbcd22c1a8d87f3c726,deb74650b27746e10d28fb00e7a370e5c53b2227a6fbfcbcd22c1a8d87f3c726,70e75381df64874f339cc84de70c714f7c5e59b7c55efeb301ec6c92ba233a32,unchanged
src/features/blueprint_change_proposal/proposal_review.tsx,Frontend workflows,M,good,full-source state trace,`ProposalReview.accept` submits only the locally confirmed whole/selected decision while `busy`; `DecisionSummary` renders that same decision before the destructive Revision command.,"src/features/blueprint_change_proposal/proposal_review.tsx:247-355 (`canChoose`, selection controls, confirm `accept`); :365-480 (`DecisionSummary`) ",src/features/blueprint_change_proposal/proposal_workspace.tsx; src/features/blueprint_forks/blueprint_fork_apply_model.ts,Server CAS behavior read only through client contract.,6130d597fe022dbb7a26cd2efd77842e7504da920918e7f7d5a466bd7084c9bc,6130d597fe022dbb7a26cd2efd77842e7504da920918e7f7d5a466bd7084c9bc,0bdc114067a3016db301bafdbd845203a14d7d6b25bd4ad7e251dcfb9a101aee,unchanged
src/features/blueprint_change_proposal/proposal_workspace.tsx,Frontend workflows,M,good,full-source state trace,"List/source requests use generations scoped to target and cleanup, preventing a late source or proposal page from replacing another target's state.",ProposalRecords:82-118; ProposalTargetTools:177-260,src/features/blueprint_change_proposal/proposal_review.tsx,No runtime requests performed.,78772c91cb0557ae354ac345941503077e31dfb443e11084b97ac7df8d490c47,78772c91cb0557ae354ac345941503077e31dfb443e11084b97ac7df8d490c47,be654d2a00e7a5e3809adeca81cd0c99665f43377ee910fe4823d62d7556de6e,unchanged
src/features/blueprint_course/blueprint_assessment_content_editor.tsx,Frontend workflows,M,refine,full-source consumer trace,"Parent owns persisted Blueprint content, but changeScoring returns silently on invalid text. The DOM draft can differ from the last valid model saved by the parent; represent local invalid state explicitly rather than saving stale intent.","src/features/blueprint_course/blueprint_assessment_content_editor.tsx:128-136,650-665",src/features/blueprint_course/blueprint_course_detail_workspace.tsx; src/features/blueprint_course/blueprint_pool_members_editor.tsx,Static state-flow concern; visual manifestation not executed.,2225d44ea790f5ef27103326ca7615a75889bf9e3825a68f18f8de6df39ea4cb,2225d44ea790f5ef27103326ca7615a75889bf9e3825a68f18f8de6df39ea4cb,84ba04f8b5555e776077e5b9c60a0a69d692fdd7070047e5de837b2d34348940,unchanged
src/features/blueprint_course/blueprint_assessment_entry_content.ts,Frontend workflows,A,good,full-source direct consumer,Presentation helper centralizes exact Question/Pool labels and entry facts without owning mutation state.,entry content helpers,src/features/blueprint_course/blueprint_assessment_content_editor.tsx,None material.,e3637118cdeb0d741cfcc6afcd5d7330751c7d52536d108a02b30b5639a0a72d,e3637118cdeb0d741cfcc6afcd5d7330751c7d52536d108a02b30b5639a0a72d,55602e33d7d8b3568af482b6eaa98d4f4ee63ea1563ad56fd92f83b895cd51a7,unchanged
src/features/blueprint_course/blueprint_assessment_feedback_fields.tsx,Frontend workflows,M,good,full-source direct consumer,Updates a copied reusable-content field through the caller-owned change callback.,feedback field update helpers,src/features/blueprint_course/blueprint_assessment_content_editor.tsx,None material.,d75838536515b98f24242a2648ce38e05c51187bae4ab07bb3b02437f192af0d,d75838536515b98f24242a2648ce38e05c51187bae4ab07bb3b02437f192af0d,7b90daad40f10acb67905e682ecbe6e32ac0402661647a32764312e24ab7650b,unchanged
src/features/blueprint_course/blueprint_course.css,Frontend workflows,M,neutral,stylesheet source/diff,Styles only the Blueprint workspace presentation; it has no data or command ownership.,blueprint-course selectors,src/features/blueprint_course/blueprint_course_detail_workspace.tsx,Visual rendering intentionally not run.,9c6c7f28b8fd3314eb628a628051cc29155d3ad816bef1ef53ebf65246a3326a,9c6c7f28b8fd3314eb628a628051cc29155d3ad816bef1ef53ebf65246a3326a,1a131b0cfc52dc42da8a2d9a2b68766b5c6da49bd61bb4c0552b0559e5049b1b,unchanged
src/features/blueprint_course/blueprint_course_detail_workspace.tsx,Frontend workflows,M,good,full-source state trace,`BlueprintCourseDetailWorkspace` owns the editable Blueprint draft and lifecycle command boundary; children report changes instead of writing independently.,src/features/blueprint_course/blueprint_course_detail_workspace.tsx:143-234 (draft/save state); :403-533 (save/reload/lifecycle handlers),src/features/blueprint_course/blueprint_course_lifecycle_controls.tsx; src/features/blueprint_course/blueprint_assessment_content_editor.tsx,No server execution.,6b4bc731b857b0a1b31cfe58655190b9d8ccd654e97092633ff506b1ef2f3e10,6b4bc731b857b0a1b31cfe58655190b9d8ccd654e97092633ff506b1ef2f3e10,48867e73a752f0eb0e56ff14b0dcfbb4eff4b0b71dad660d5488e6b6cf94759c,unchanged
src/features/blueprint_course/blueprint_course_lifecycle_controls.tsx,Frontend workflows,M,good,full-source consumer trace,Renders only server-derived lifecycle affordances and disables publish on unsaved content.,BlueprintCourseLifecycleControls:30-123,src/features/blueprint_course/blueprint_course_model.ts; src/features/blueprint_course/blueprint_course_detail_workspace.tsx,Server remains authority.,01ffb4d036ea20721b12f31d7770fffc30c773f26990adae741fd525cbb7eed4,01ffb4d036ea20721b12f31d7770fffc30c773f26990adae741fd525cbb7eed4,b37e90e38230f95622719caf89ec1f1815e3ce36092b3de8d1ef685950309656,unchanged
src/features/blueprint_course/blueprint_course_model.ts,Frontend workflows,M,good,full-source model trace,`blueprintLifecyclePresentation` is a pure presentation mapping and does not create client-owned lifecycle state.,src/features/blueprint_course/blueprint_course_model.ts:24-87 (`blueprintLifecyclePresentation`),src/features/blueprint_course/blueprint_course_lifecycle_controls.tsx,None material.,f1140098f309fc19562ec158c5a884d79629bbd27117dc624c7ddf80e9b9cc28,f1140098f309fc19562ec158c5a884d79629bbd27117dc624c7ddf80e9b9cc28,3f77708411dfb2850fb5c3b15a0c16667ec86e1a7186d0af9fdb5fe9de6c5e9e,unchanged
src/features/blueprint_course/blueprint_history.tsx,Frontend workflows,M,good,full-source consumer trace,History recognizes current labels without changing immutable Revision evidence.,RevisionContent/history label helpers,src/features/recognition_titles_load.ts,No historical endpoint execution.,28e55bdbe2267966ab0f85f93521ffc5f0add5a05ad9774a8847b0ea9e1034dd,28e55bdbe2267966ab0f85f93521ffc5f0add5a05ad9774a8847b0ea9e1034dd,ad6608d18b43ee38e91fbadf8abfb984043ef43320d0d46147aa2320c1a22d07,unchanged
src/features/blueprint_course/blueprint_pool_members_editor.tsx,Frontend workflows,M,good,full-source state trace,"Reads exact Pool membership once, refuses an edit-number mismatch, keeps mutations local, and reports validity to the parent save boundary.","BlueprintPoolMembersEditor:60-124,126-153",src/features/blueprint_course/blueprint_assessment_content_editor.tsx; src/features/question_picker/question_picker.tsx,Initial invalidity depends on parent draft construction.,0e99ebcb9edf122abebde95c359c4c7ce32aaf8bcc0e33c09904cc9a8d5cb9a2,0e99ebcb9edf122abebde95c359c4c7ce32aaf8bcc0e33c09904cc9a8d5cb9a2,030a730f4440d7ceeef5d84a62d148fc0b6334ebef6bf6e571e63144c7b8f7ba,unchanged
src/features/blueprint_forks/blueprint_comparison_membership.tsx,Frontend workflows,A,good,full-source pure-model trace,Compares question IDs together with exact revision pins and Pool snapshots; it does not flatten identity to titles.,publishedQuestionComparison/questionPoolComparison/assessmentComparison,src/features/blueprint_forks/blueprint_fork_review.tsx,None material.,be0288602beff23dcd244b925b6163ddf975b91bcf243090fc90c8bcd13d0cb6,be0288602beff23dcd244b925b6163ddf975b91bcf243090fc90c8bcd13d0cb6,4491b351d5fd253231f7785af825ae036a548107de97a1101a4d4b4f6f29b998,unchanged
src/features/blueprint_forks/blueprint_fork_model.ts,Frontend workflows,M,good,full-source model trace,Fork comparison retains revision/pool identity in typed data rather than browser-only labels.,comparison model functions,src/features/blueprint_forks/blueprint_fork_review.tsx,No API execution.,527de0c59d4f56460e325fcaddc60fed3827209f6ee666594f7b2d1d7e6ec2b0,527de0c59d4f56460e325fcaddc60fed3827209f6ee666594f7b2d1d7e6ec2b0,78522b42be3c046ffaa53b8bf6a8f0b9e98dded9a7477ce5af5938c11ee4db42,unchanged
src/features/blueprint_forks/blueprint_fork_review.css,Frontend workflows,M,neutral,stylesheet source/diff,Presentation-only comparison styling.,blueprint-fork selectors,src/features/blueprint_forks/blueprint_fork_review.tsx,Visual rendering not run.,c2cfceeca6dd5ae024b63ad7f94d3f72686b9805fb69ca904e1f83fe1f501ad9,c2cfceeca6dd5ae024b63ad7f94d3f72686b9805fb69ca904e1f83fe1f501ad9,3a06776c7fb5812a33c96b9f8cf4215acbd78235af4cacbe54405858510920a9,unchanged
src/features/blueprint_forks/blueprint_fork_review.tsx,Frontend workflows,M,good,full-source consumer trace,Review renders comparison/recognition data without becoming a second persistence path.,Comparison and review composition,src/features/blueprint_forks/blueprint_comparison_membership.tsx; src/features/recognition_titles_load.ts,None material.,cf712b7d00151d853f21a525d2eb94df05d1eec718c58c42554039269005c1a1,cf712b7d00151d853f21a525d2eb94df05d1eec718c58c42554039269005c1a1,22124f3dd853fb85bfe9b42a5845e94f0ef953639697d7ab2f1908b3913f55cb,unchanged
src/features/blueprint_operations/blueprint_operations_page.css,Frontend workflows,M,neutral,stylesheet source/diff,Presentation-only selector update.,stylesheet selectors,,Visual rendering not run. Reviewer cross-references not resolved to current files: src/features/blueprint_operations. These references are not verified trace evidence.,b049551a83133c58e9c5ec6cda3a7a6327dcd5efeac485a98d76483cf135f13a,b049551a83133c58e9c5ec6cda3a7a6327dcd5efeac485a98d76483cf135f13a,247eb6be6ccfe52d4e7199bf94aa375f632601312efc0b70b0adabc2f06fd7f6,unchanged
src/features/course_appearance/course_entry_banner.tsx,Frontend workflows,M,good,full-source direct consumer,Consumes course-owned appearance data and does not duplicate persistence.,CourseEntryBanner component,src/pages/course_appearance_page.tsx,No browser render.,3a848e29b9b4d06e42fb9e285023e8a37e1c62e606cc95f9c913ea5382c7a6cc,3a848e29b9b4d06e42fb9e285023e8a37e1c62e606cc95f9c913ea5382c7a6cc,14459160cae2e62d7f6a6667027a97a1ed935c59598af918ffd8d9d2c60790cd,unchanged
src/features/ple_question_json_authoring/question_general_feedback_client.ts,Frontend workflows,M,good,full-source request trace,One metadata aggregate carries all three optional support fields and a Draft Edit Number; PUT uses If-Match and rejects malformed response shapes.,PleQuestionManagedSupport:11-18; load:216-233; save:235-267,src/pages/question_draft_editor_page.tsx; src/features/ple_question_json_authoring/question_json_editor_page.tsx,Response size limit is checked after text buffering; not treated as a frontend lifecycle defect here.,413f27da8ab4ef0c8b357cb7c8e31dbeac906f09fcd39440343ca81068d28e3b,413f27da8ab4ef0c8b357cb7c8e31dbeac906f09fcd39440343ca81068d28e3b,5f0a3af091869343db5d31c7ea40753aefd08f314c310a76cc91460c2c64cbdb,unchanged
src/features/ple_question_json_authoring/question_json_client.ts,Frontend workflows,M,good,full-source direct contract,Maintains the native source-client boundary while support data stays in the separate metadata client.,client exported operations,src/features/ple_question_json_authoring/question_json_editor_page.tsx,No request execution.,5a8401819c88f897f66319619c8872374734c5dfcae31c5a6cea07f2ea3231ca,5a8401819c88f897f66319619c8872374734c5dfcae31c5a6cea07f2ea3231ca,c6921d687b4d1fddfcb623787a9ae17e4af256b84d18ec75cb38f6208dfce2cd,unchanged
src/features/ple_question_json_authoring/question_json_codec.ts,Frontend workflows,M,bad,full-source codec trace,decodeAnswers bounds accepted text and maxLength independently. Exact-match sole answer AB with maxLength1 passes this source contract but cannot fit the Student control; enforce answer/response compatibility at shared validation.,"src/features/ple_question_json_authoring/question_json_codec.ts:331-347,739-756; crates/adapters/ple/src/question_json/source_compile.rs:296-313",src/features/ple_question_json_authoring/question_json_client.ts,"Source-level counterexample, no browser run; normalized matching has different equivalence semantics.",bb38ff80911f7f5af83e0da1a0abae5e364298ab0e066c98f436e12351c3c5a5,bb38ff80911f7f5af83e0da1a0abae5e364298ab0e066c98f436e12351c3c5a5,f36e634c73f3d525755ac7ef8b67392c213917efd0b09d544110c46ca56abd0b,unchanged
src/features/ple_question_json_authoring/question_json_editor_page.tsx,Frontend workflows,M,good,full-source state trace,Keeps native source editing and optional PLE support in distinct state/clients while sharing the Draft edit-number lifecycle.,editor page support signals and save flow,src/features/ple_question_json_authoring/question_general_feedback_client.ts; src/features/ple_question_json_authoring/question_json_editor_workspace.tsx,No live conflict run.,ddc22fe65afe13248aafd1e529e8d850e1ae54fb7fa4c06b32bec016c8abd2f0,ddc22fe65afe13248aafd1e529e8d850e1ae54fb7fa4c06b32bec016c8abd2f0,2aa379ebd9045128339341043ccc5beb4d15f11e37836e0e7ae561d8f3254d15,unchanged
src/features/ple_question_json_authoring/question_json_editor_styles.ts,Frontend workflows,M,neutral,stylesheet source/diff,Editor visual styles only.,PLE_QUESTION_JSON_EDITOR_STYLES,src/features/ple_question_json_authoring/question_json_editor_page.tsx,Visual rendering not run.,b48fea0aaf66382f40ec0f497b2b52a4263ed89d0d9ca48dd6af6679035d94a5,b48fea0aaf66382f40ec0f497b2b52a4263ed89d0d9ca48dd6af6679035d94a5,63059306db21a2f8055591d35081a419c7aeba753c507ca78011edf31bc7eee7,unchanged
src/features/ple_question_json_authoring/question_json_editor_workspace.tsx,Frontend workflows,M,good,full-source state trace,Local source draft and saved source remain explicit; backend source ownership is preserved.,workspace save/reload and support inputs,src/features/ple_question_json_authoring/question_json_editor_page.tsx; src/features/ple_question_json_authoring/question_general_feedback_client.ts,No backend execution.,d4295b3516297eeec92ec486788b86b32c5a44f197aa3ce4bd704178d25e7440,d4295b3516297eeec92ec486788b86b32c5a44f197aa3ce4bd704178d25e7440,bb8c3c30d8dfc9c593dd629198940f0d5e2fdb6bf2671817b31ecd29b90e774b,unchanged
src/features/ple_question_json_authoring/question_json_hotspot_editor.tsx,Frontend workflows,M,good,full-source direct consumer,Edits native hotspot draft through parent callbacks and owns no independent persistence.,Hotspot editor props/callbacks,src/features/ple_question_json_authoring/question_json_editor_workspace.tsx,None material.,3af5aed7ad349f268a3172e185680ea09fdb809ed363282913fd832a912f4cdd,3af5aed7ad349f268a3172e185680ea09fdb809ed363282913fd832a912f4cdd,22bdc6fe757a760215765846e3b196d927c38fd3ab79b6781944f4026ed50b37,unchanged
src/features/ple_question_json_authoring/recorded_javascript_dependencies.ts,Frontend workflows,A,good,full-source direct contract,Records browser dependency metadata as typed source data rather than an execution mechanism.,exported dependency record helpers,src/features/ple_question_json_authoring/question_json_codec.ts,No external dependency load.,8d897347fd8212fad675d109607fee76390852deec305027f5307ac3f89a9d77,8d897347fd8212fad675d109607fee76390852deec305027f5307ac3f89a9d77,5807f72ba56a1e47200e38590f1c19546dae9d0c47421478ad6eaf236b4b9b7b,unchanged
src/features/question_picker/question_picker.css,Frontend workflows,M,neutral,stylesheet source/diff,The `.question-picker-inspection` and `.question-picker-status` selectors style dialog-only inspection/status state; they own no data or command.,src/features/question_picker/question_picker.css:1-173 (`.question-picker-*` selectors),src/features/question_picker/question_picker.tsx,Visual rendering not run.,fc1a95c972fe39a1352ff870d5c49b024ec4294c0ac561bbd24b4176b290618f,fc1a95c972fe39a1352ff870d5c49b024ec4294c0ac561bbd24b4176b290618f,c0460f1c4e676212fcf7aeb9fc1ac1dbbde54416597bf428979c10fe9645859e,unchanged
src/features/question_picker/question_picker.tsx,Frontend workflows,M,good,full-source async trace,"Inspection is keyed by immutable Question ID plus Revision; late inspection responses only update the still-matching open request, while picker selection remains caller-owned until confirm.","QuestionPicker:171-182,235-275,306-320",src/features/question_picker/question_picker_model.ts; src/features/question_picker/question_picker_inspection.tsx; src/pages/assessment_workspace/assessment_workspace_questions_page.tsx,No live browser inspection.,7761f4c318d3a7673ddb7f3de980a245d3e924f91141b05b6fbc743fe138d3c7,7761f4c318d3a7673ddb7f3de980a245d3e924f91141b05b6fbc743fe138d3c7,afadd9f8b2e9ef5f87fefa6758749e518131c14878201d9ada17bc8f0c0b7ca5,unchanged
src/features/question_picker/question_picker_inspection.tsx,Frontend workflows,A,good,full-source consumer trace,Uses immutable tuple-aware image rendering and supplies no add/remove command.,QuestionPickerInspection:13-58,src/components/question_renderer.tsx; src/features/question_picker/question_picker.tsx,All current inspection callers supply image resolver.,6120e2a478fa83c088eef952edfc91a8b521cbe9392a624de0cc061ce026e93e,6120e2a478fa83c088eef952edfc91a8b521cbe9392a624de0cc061ce026e93e,23c12045746061a1eb69174d90afced3cba27987f856b09a905cad57cd2ed801,unchanged
src/features/question_picker/question_picker_model.ts,Frontend workflows,M,good,full-source model trace,Inspection extraction preserves answer-free details and exact Revision tuple; selection function returns existing selection unchanged.,inspectQuestionPickerRow:56-79; questionPickerInspectionView:82-96,src/features/question_picker/question_picker.tsx,None material.,dd935c4950431adc02d5f9e98bfb461594651b9ef3497dc1f2afd1c211964ab3,dd935c4950431adc02d5f9e98bfb461594651b9ef3497dc1f2afd1c211964ab3,4fd406da32e2d3555e142fa2b064e16b99ca9b63dc8f43d18d44b3829aaf781d,unchanged
src/features/question_pool_picker/question_pool_picker.css,Frontend workflows,M,neutral,stylesheet source/diff,Pool dialog presentation only.,question-pool-picker selectors,src/features/question_pool_picker/question_pool_picker.tsx,Visual rendering not run.,acd87125c880921d4b211fe14f5a10acf130c2ffef6380a855acc5c96cee1543,acd87125c880921d4b211fe14f5a10acf130c2ffef6380a855acc5c96cee1543,3561c2c5fef2eb4af5117a79c986d0d1472c5ef16fbbbec4401f599b0a39644b,unchanged
src/features/question_pool_picker/question_pool_picker.tsx,Frontend workflows,M,refine,full-source producer trace,"Correctly carries inspected Pool title/edit number/member count to caller, but downstream import drops the edit number before mutation.",selectPool:135-171; confirm:174-190,src/pages/assessment_workspace/assessment_workspace_questions_page.tsx; src/api/assessment_pool_fork.ts,Finding depends on supporting API/SQL trace; confidence high.,547b1a5a77ee04e6392ff2248e44ff5aa3dae8f7fb541b5e8580c3a4a502e9e0,547b1a5a77ee04e6392ff2248e44ff5aa3dae8f7fb541b5e8580c3a4a502e9e0,8f684dbcb58f6faff45e596c661cac8069d5d23590d9d071e76d6a0454134592,unchanged
src/features/recognition_label.ts,Frontend workflows,A,good,full-source pure helper,Separates display recognition from canonical IDs and exact revision/pool pins.,labeledQuestionRecognition/labeledPoolRecognition,src/features/blueprint_forks/blueprint_fork_review.tsx,None material.,0c051250377870d85e3d0f28265ef93d4508cb82d95ad19e55678c2d7879d964,0c051250377870d85e3d0f28265ef93d4508cb82d95ad19e55678c2d7879d964,e9f4c722c8d9cf749e794bc066a20a96283282672ed4a156fdb79c3bb7a0cdd1,unchanged
src/features/recognition_titles_load.ts,Frontend workflows,A,good,full-source async trace,Title lookup is supplemental display state; canonical identifiers remain available when lookup fails.,recognitionTitlesResource,src/features/recognition_label.ts,No live request.,5b150492f755cf6db1022b59cf7c0f1de18ed1d42a33c608a229803c7b098bcb,5b150492f755cf6db1022b59cf7c0f1de18ed1d42a33c608a229803c7b098bcb,d44ec8687712166c5f2fa2a1c14b01769dd32a2cbe29afd0739471a235001e65,unchanged
src/pages/assessment_attempt_finish.ts,Frontend workflows,M,good,source/diff consumer,Finish presentation consumes attempt state without changing submission ownership.,exported finish helpers,src/pages/assessment_attempt_page.tsx,No attempt flow run.,0d5e05a7e816131cf4b13ace7c3f7963ea8f2f33cfba705179c58183e5128def,0d5e05a7e816131cf4b13ace7c3f7963ea8f2f33cfba705179c58183e5128def,7ddadd741644948c914b98eb93fd68420bf24f7db6a8584397197bb48a78fbec,unchanged
src/pages/assessment_attempt_page.tsx,Frontend workflows,M,good,source/diff state trace,Presentation changes retain existing response persistence boundary.,attempt view/response persistence consumers,src/components/question_response_controls/common.tsx,No end-to-end attempt run.,c9259709b0d86d74dd450586ac818873efec61d00f29df6c6dd2b93d878b9b1a,c9259709b0d86d74dd450586ac818873efec61d00f29df6c6dd2b93d878b9b1a,ebadbb383d2a7ae908c33c818d8ea6f4393e18120eb4b3843088e163796435ca,unchanged
src/pages/assessment_attempt_summary_page.tsx,Frontend workflows,M,good,source/diff consumer,Summary reuses exact issued presentation/image resolver.,questionImageUrlForQuestion consumers,src/pages/assessment_attempt_summary_styles.ts,No rendered review.,c3212b0d96eb35016a3699766aba9c502af4561f097c485391523bd7fa26c323,c3212b0d96eb35016a3699766aba9c502af4561f097c485391523bd7fa26c323,2c7fb9e1c908149ccb89f436a202ca1eb1abe7a23919b4056d9a417bf18500d9,unchanged
src/pages/assessment_attempt_summary_styles.ts,Frontend workflows,M,neutral,stylesheet source/diff,Summary presentation-only update.,style exports,src/pages/assessment_attempt_summary_page.tsx,Visual rendering not run.,089c41a2790e2f9f2d30383501155390f73f7192c9b4953e0e668d53e4f1d7b3,089c41a2790e2f9f2d30383501155390f73f7192c9b4953e0e668d53e4f1d7b3,00ce7750fa5cf88e7e2f318f2fad10aa5a129e49b2fc64467c51397cdad66e1a,unchanged
src/pages/assessment_template_settings_editor.tsx,Frontend workflows,M,good,source/diff consumer,Settings changes remain within template draft callback boundary.,settings editor props,src/pages/assessment_templates_page.tsx,No persistence execution.,53f1803b942f0909871ecd5ae2b0fc808fc5f79b3cdf265b5a429f96fd65ec51,53f1803b942f0909871ecd5ae2b0fc808fc5f79b3cdf265b5a429f96fd65ec51,d131988705f17ce55050bb5b4fc4358f8613ac2d751f7b307a02fc8a2550bd87,unchanged
src/pages/assessment_templates_page.css,Frontend workflows,M,neutral,stylesheet source/diff,Template presentation-only update.,stylesheet selectors,src/pages/assessment_templates_page.tsx,Visual rendering not run.,2df592f5eaf81aaa66416121c73e1c7e89d8d14f8b0c6dc25853f7986db2720b,2df592f5eaf81aaa66416121c73e1c7e89d8d14f8b0c6dc25853f7986db2720b,be330312e32bd602dd01d746966fd3f881d8c32a9233473d6ef1e299bdc4875f,unchanged
src/pages/assessment_workspace/assessment_blueprint_update_review.tsx,Frontend workflows,M,good,full-source pure consumer,Review summary distinguishes current Assessment-owned and proposed Library source content.,AssessmentBlueprintContentSummary/currentBlueprintUpdateContent,src/pages/assessment_workspace/assessment_workspace_questions_view.tsx,No runtime review.,a23ea6711217c02751c75d187229828f1cd8349a17e045472b6c2fa2d195fdf8,a23ea6711217c02751c75d187229828f1cd8349a17e045472b6c2fa2d195fdf8,c0a21595ee459b722e4159431c10dbf3cd10928e748ce2ff8fc7fe5293edcb20,unchanged
src/pages/assessment_workspace/assessment_fixed_question_points_editor.tsx,Frontend workflows,M,good,full-source callback trace,Point changes report editing state and defer save/conflict handling to parent workspace.,editor props/onEditingChange,src/pages/assessment_workspace/assessment_workspace_policies_page.tsx,No live save.,1321ce94c39aa2013f55e9d1a111354ebf083e71c698768666e19c64b54f341f,1321ce94c39aa2013f55e9d1a111354ebf083e71c698768666e19c64b54f341f,394b66ef8256f8b463e7de82e3751bbdc061c9410b4f914f4707ef834b6d0251,unchanged
src/pages/assessment_workspace/assessment_pool_entry_editor.tsx,Frontend workflows,M,good,full-source state trace,"Pool member and selection mutations are disabled while the Assessment has unsaved local changes or needs reload, preventing competing local/persisted sources.",AssessmentPoolEntryEditor props:24-43 and mutationsEnabled consumer,src/pages/assessment_workspace/assessment_workspace_questions_view.tsx; src/pages/assessment_workspace/assessment_workspace_questions_page.tsx,Pool import source-version gap is outside this existing-fork editor.,2c21d242ad2998023a71517857ff15fb3f4cfe04200e1c88be68dd63d4dcea62,2c21d242ad2998023a71517857ff15fb3f4cfe04200e1c88be68dd63d4dcea62,448308be4f300e110d637b226ec05e22456d619aac2706e0527af63c9a4ac0c8,unchanged
src/pages/assessment_workspace/assessment_question_id_batch.ts,Frontend workflows,A,good,full-source model trace,"Parses canonical public IDs, deduplicates input, checks capacity before lookup, and returns a typed all-result resolution.",parseQuestionIdBatch:31-50; resolveQuestionIdBatch:57-83,src/pages/assessment_workspace/assessment_workspace_questions_page.tsx,Sequential lookup is an intentional bounded workflow; no performance evidence supplied.,17a5238d842c5d30eb31552f4a50b179934c3291588026a20c7bd57d424e46f3,17a5238d842c5d30eb31552f4a50b179934c3291588026a20c7bd57d424e46f3,12bcf9e2ef960711f0b6b7c75c1fbc75377cfc3f63b7e38d2b0a605ec6d18331,unchanged
src/pages/assessment_workspace/assessment_workspace.css,Frontend workflows,M,neutral,stylesheet source/diff,Assessment workspace presentation-only changes.,stylesheet selectors,src/pages/assessment_workspace/assessment_workspace_questions_view.tsx,Visual rendering not run.,19a06b321fc489975a4bdfcc3554fbd391127248e616c7ae51e0ba3410b2ba68,19a06b321fc489975a4bdfcc3554fbd391127248e616c7ae51e0ba3410b2ba68,adc2bbc542d198c09e7c5f8b642fa3acb494f811a234e5445aebae602df42eaa,unchanged
src/pages/assessment_workspace/assessment_workspace_authoring.css,Frontend workflows,M,neutral,stylesheet source/diff,Authoring presentation-only changes.,stylesheet selectors,src/pages/assessment_workspace/assessment_workspace_policies_page.tsx,Visual rendering not run.,566966f7f6aaf9800f4c947cf9944feedb0f4eed5fa9821aed72a8b7529e9561,566966f7f6aaf9800f4c947cf9944feedb0f4eed5fa9821aed72a8b7529e9561,3aaef4384b3b241b246ee29f908e7f55034fa2b56405f2f5136f2c2cf87efc96,unchanged
src/pages/assessment_workspace/assessment_workspace_policies_page.tsx,Frontend workflows,M,good,full-source async state trace,"Autosave model distinguishes invalid, pending, saved, failed, and conflict states; release/unrelease require current persisted policy state.",policy handlers:220-449; controls:771-907,src/pages/assessment_workspace/base_assessment_policy_autosave_model.ts; src/pages/assessment_workspace/assessment_fixed_question_points_editor.tsx,No request sequence executed.,71c9d6ac735105f2fa2de943a4d6d95c19d125a0d79242f2aea43828d6707871,71c9d6ac735105f2fa2de943a4d6d95c19d125a0d79242f2aea43828d6707871,38f6c6025a638fdddd7821f7bfbe31b6d0d3e0212d02a45975e332947d91c0fa,unchanged
src/pages/assessment_workspace/assessment_workspace_questions_page.tsx,Frontend workflows,M,bad,full-source producer/command trace,"Pool import retains inspected source edit in UI state but omits it from the mutation command, allowing a changed source Pool to be forked.",choosePool:610-616; importPool:618-658,src/features/question_pool_picker/question_pool_picker.tsx; src/api/assessment_pool_fork.ts; schemas/base_schema/50_functions/assessment_pool_forks.sql,High-confidence static contract mismatch.,e00213274fd059916b7679a7c665918b1b57f0aaf4fb38511ef23ea288dab6e8,e00213274fd059916b7679a7c665918b1b57f0aaf4fb38511ef23ea288dab6e8,e5dba860fb6663cd41b93a5497d65ad77fafa78a13f7748d2be6717a54bf8c41,unchanged
src/pages/assessment_workspace/assessment_workspace_questions_view.tsx,Frontend workflows,M,good,full-source consumer trace,"`AssessmentWorkspaceQuestionsView` passes exact inspection resolvers, preserves local draft before normal save, and gates Pool mutations on clean Assessment state.",src/pages/assessment_workspace/assessment_workspace_questions_view.tsx:203-303 (update review); :334-377 (Pool mutation gate); :384-485 (Question/Pool pickers),src/pages/assessment_workspace/assessment_workspace_questions_page.tsx; src/features/question_picker/question_picker.tsx,No browser flow.,9cb662d4ca02373dbe71339b1f9dc41bb853c68239eff01cf8347b3288d75716,9cb662d4ca02373dbe71339b1f9dc41bb853c68239eff01cf8347b3288d75716,d034ccd2d20f44703882b06e2b86e4044c79bdd0f67dca136acf81d9ce665ab4,unchanged
src/pages/assessment_workspace/assessment_workspace_selected_entry.ts,Frontend workflows,A,good,full-source direct consumer,Replacement helper presents stable entry identity and exact Question/Pool facts with caller-owned removal action.,selectedAssessmentEntryContent,src/pages/assessment_workspace/assessment_workspace_questions_view.tsx,None material.,b954c12d28bd20035e11f467f45fc58f08fb97a34a1aae481f95c9ca382acc3b,b954c12d28bd20035e11f467f45fc58f08fb97a34a1aae481f95c9ca382acc3b,38ed0d687900271b4d2f752c3b9edea0659a7d43932981c37febe30c70a516c8,unchanged
src/pages/assessment_workspace/assessment_workspace_selected_entry.tsx,Frontend workflows,D,good,baseline deleted-source inspection,Deleted presentation helper was replaced by the `.ts` module with the same imported symbol; no stale import remains.,baseline file; current import resolves assessment_workspace_selected_entry.ts,src/pages/assessment_workspace/assessment_workspace_selected_entry.ts; src/pages/assessment_workspace/assessment_workspace_questions_view.tsx,No TypeScript build run by scope.,,,90f435c8b92371adab95893a580e5da8b9499566d81b045b971bb5e161f9fe38,unchanged
src/pages/assessment_workspace/assessment_workspace_student_view_page.tsx,Frontend workflows,M,good,source/diff consumer,Terminology display change does not alter answer-free preview ownership.,Student View presentation sections,src/pages/assessment_workspace/assessment_workspace_policies_page.tsx,No preview run.,aa702b55d985dae86d89b526f724614753b7e63e513ad1572fba9aef0527b60b,aa702b55d985dae86d89b526f724614753b7e63e513ad1572fba9aef0527b60b,d756a20d9f7e3d2540cf15fc55ead850d7ebcb02cd6231b99d4f9a60c7dce85e,unchanged
src/pages/blueprint_course_search_classification.tsx,Frontend workflows,M,good,full-source state trace,Classification filter keeps UUID identity in submitted state and labels only as descriptive display data.,BlueprintSearchClassification:30-116,src/pages/blueprint_course_search_page.tsx,No live classification lookup.,e5d08d66ffa70d83dd51c5a6379715120ab29bf0482b333a3a440c8e0c0a9a6a,e5d08d66ffa70d83dd51c5a6379715120ab29bf0482b333a3a440c8e0c0a9a6a,92e88cc78aa6af8d606a785a6f530ae832579d59c3f34a53df759ee00118b2d0,unchanged
src/pages/blueprint_course_search_page.tsx,Frontend workflows,M,good,full-source async trace,Search generation guards late pages; return state stores only document-local navigation state and refetches current cursor.,load generation; saveReturn:312-340; restore:341-363,src/pages/blueprint_course_search_return_state.ts; src/pages/blueprint_course_search_classification.tsx,No browser restoration run.,94f8f8082abf96fd9b0395321a7246d522c61387043bb20b094eb031a06c6865,94f8f8082abf96fd9b0395321a7246d522c61387043bb20b094eb031a06c6865,19c41355f0ee216bb6eaaa2bd4b15efd171359125492cb7de6962ca6f6739b3f,unchanged
src/pages/blueprint_course_search_return_state.ts,Frontend workflows,M,good,full-source lifecycle trace,"One pending same-session, single-consumption snapshot stores navigation only and never acts as authorization/result cache.",save/take return state:58-100,src/pages/blueprint_course_search_page.tsx,Volatile module state is deliberate document-local behavior.,8c2a1c1cdecc24a4ff44ab7a8d687699b2059071a3616bbfd7c841775ccc4b09,8c2a1c1cdecc24a4ff44ab7a8d687699b2059071a3616bbfd7c841775ccc4b09,8bae9b7abf3c111c103d26bda5fdda92aec51e669d07be27392163ba56f29524,unchanged
src/pages/compact_short_name_field.tsx,Frontend workflows,A,good,full-source direct consumer,Pure controlled field does not create parallel name state.,CompactShortNameField props,src/pages/course_instance_page.tsx,None material.,d7f3d2b51c5656953fcdf27780b234c1cdec61e6a9a201765165ecbf0a27d3c5,d7f3d2b51c5656953fcdf27780b234c1cdec61e6a9a201765165ecbf0a27d3c5,eea42a38df0e1d7e7fffdb3ee9f3d33dca9fb35965cd6b28aa8c858564cd1a7c,unchanged
src/pages/content_disciplines_page.tsx,Frontend workflows,M,good,full-source state trace,Per-request busy UUID and resource refetch keep administrative create/dismiss actions scoped to their selected request.,createFromRequest/dismissRequest and busyUuid state,src/components/discipline_request.ts,No admin request execution.,17c5a73ab99198706b324b7152090bd06d5c615d0d11ecafe0fa25b2a0c6d41f,17c5a73ab99198706b324b7152090bd06d5c615d0d11ecafe0fa25b2a0c6d41f,19addc2867f3a9873867e44ca818a8d35775bbdbdecc51f88d9a40106f3c4b4c,unchanged
src/pages/course_instance_page.tsx,Frontend workflows,M,good,source/diff consumer,Course creation/editor changes preserve route-owned Course Instance identity.,course instance edit handlers,src/pages/compact_short_name_field.tsx,No persistence execution.,f0805958708aecd6a9aacd8590025be4aea322b5d23a7ddb0d46d439f3737513,f0805958708aecd6a9aacd8590025be4aea322b5d23a7ddb0d46d439f3737513,1a88841299f924111f41c387cbba86507d0c4ce3d65e976bd4a734b9f43af5de,unchanged
src/pages/course_list_page.tsx,Frontend workflows,M,good,source/diff consumer,List presentation consumes server course summaries without local lifecycle ownership.,course list rendering,src/pages/course_instance_page.tsx,No live list request.,c936f6e8450b978d1ce32dc9910862593aface5b23bd33b9c8e7e75cdcea39c7,c936f6e8450b978d1ce32dc9910862593aface5b23bd33b9c8e7e75cdcea39c7,93b4af2df74cb74926a89132f08040ad32ed33ae8db56b2255ef4fcacc95d4b3,unchanged
src/pages/course_roster_page.tsx,Frontend workflows,M,good,full-source async trace,Route changes clear FERPA-sensitive import and confirmation drafts; each async import captures course ID and suppresses stale completion UI.,createEffect:44-51; importRoster:53-83; revoke:85-106,src/pages/roster_confirmation_dialog.tsx,No roster service run.,f79fa91424c8df0b7755a6ff91e856d735879fe5ceaa77807c5b67803d967143,f79fa91424c8df0b7755a6ff91e856d735879fe5ceaa77807c5b67803d967143,184ec5ae2f3b62c2a5bc333a2e1ed956c4ca11710f340195e6ad94393668fda1,unchanged
src/pages/instructor_accounts_page.css,Frontend workflows,A,neutral,stylesheet source/diff,Account-list presentation only.,stylesheet selectors,src/pages/instructor_accounts_page.tsx,Visual rendering not run.,80ab0721eec9c1d2cafec422b285e185fa9723f4ee80abcc907c6b3d8dc58268,80ab0721eec9c1d2cafec422b285e185fa9723f4ee80abcc907c6b3d8dc58268,fe4b89fe339907e15e7682d267c124abcca676fc4cf78ec18c3ad046f942762d,unchanged
src/pages/instructor_accounts_page.tsx,Frontend workflows,M,good,full-source paging trace,"Paging state is explicit (`afterAccountId` plus cursor stack) and resource input includes all filters, preventing display of a prior filter page as current.",resource:70-97; paging handlers,src/api/instructor_account.ts,No live sysadmin flow.,5d2146b0875ec69538336d9bb9cb9e2b8df934e1c41dbcdc5b7b382db9773062,5d2146b0875ec69538336d9bb9cb9e2b8df934e1c41dbcdc5b7b382db9773062,f87acc92f554f0237a38cd9cb74ef331cb00920b8c72bae5374975b0d1cd975c,unchanged
src/pages/library_browse_record_list.css,Frontend workflows,M,neutral,stylesheet source/diff,Library list presentation only.,stylesheet selectors,src/pages/library_browse_rows.tsx,Visual rendering not run.,fa4f702fb87c9de8fffb894e33ac4faf7e800756d6c7aa53889c0bcdc5fe51eb,fa4f702fb87c9de8fffb894e33ac4faf7e800756d6c7aa53889c0bcdc5fe51eb,acd7d85d05ef0a5cdedb19ce41ef234a4d52d51c22e8e182dde11f539a9021b5,unchanged
src/pages/library_browse_rows.tsx,Frontend workflows,M,good,source/diff consumer,Row component receives selection/mutation callbacks from Library page rather than persisting independently.,LibraryBrowseRows props,src/pages/library_page.tsx,No browser interaction.,29a6b3eb8c4c9c7757debd0a8b5596e42431dc73ace00e4a24611a788e0c5b5c,29a6b3eb8c4c9c7757debd0a8b5596e42431dc73ace00e4a24611a788e0c5b5c,6d9629777493ede8cd0e87dd3234f729e459de5834990b02b6bfdbdb938a3474,unchanged
src/pages/library_page.css,Frontend workflows,M,neutral,stylesheet source/diff,Library workspace layout styles only.,stylesheet selectors,src/pages/library_page.tsx,Visual rendering not run.,6afab0d18fd618c264c914e5e120d7fb1152b499f8822857d434b42321ba429c,6afab0d18fd618c264c914e5e120d7fb1152b499f8822857d434b42321ba429c,4e285519272a23ebc5ad19bc284229f47e741e502cae2ab9653f1c61b70c8371,unchanged
src/pages/library_page.tsx,Frontend workflows,M,good,full-source state trace,`LibraryPage.openMetadataEditor` owns selection/metadata-load state; its error branch preserves selection and exposes an explicit retry rather than mutating a partial selection.,src/pages/library_page.tsx:105-142 (selection/editor signals); :293-353 (`openMetadataEditor`); :621-695 (editor loading/error/success composition),src/pages/library_browse_rows.tsx; src/pages/library_pool_discovery.tsx,No live bulk mutation.,0e46910a2c994fbacb262b82d3b9a20f5e9f1bcde882277179011d99b43325b2,0e46910a2c994fbacb262b82d3b9a20f5e9f1bcde882277179011d99b43325b2,ea5916ea91873dafd524c371baa320f287bff1957b0fd017808ac6a1af360562,unchanged
src/pages/library_pool_discovery.tsx,Frontend workflows,M,good,full-source selection trace,`LibraryPoolDiscovery.readPage` owns page generation and `updatePoolSelection` stores public Pool IDs separately from support/metadata edits.,src/pages/library_pool_discovery.tsx:120-154 (signals); :154-238 (`readPage`); :571-5743 (`updatePoolSelection` and selection commands),src/pages/library_page.tsx,No live request.,aed6fe0e3e92981a63d4aca6e684a3c47d6139c842ba9ec47bf6afc494c41b2f,aed6fe0e3e92981a63d4aca6e684a3c47d6139c842ba9ec47bf6afc494c41b2f,9e1e7e54eadf65991ad10a21d02b5ff524e5e64eb00c01958e1a9e29e6b74e78,unchanged
src/pages/library_watch_notifications_page.tsx,Frontend workflows,M,good,source/diff consumer,Notification labels now reuse selected display-zone formatting without altering notification ownership.,notificationContent export and formatter use,src/selected_display_zone.ts,No live notification request.,b194bcc37d99e42e3adae4703717cb595279a8a82cd0d66ba51a1ed1a9579287,b194bcc37d99e42e3adae4703717cb595279a8a82cd0d66ba51a1ed1a9579287,a207cce71814ec91c787a56c683633063041550735acfe6956a13102613dc358,unchanged
src/pages/my_questions_model.ts,Frontend workflows,A,good,full-source paging model,"Cursor history is explicit, page-size changes reset the sequence, and server continuation remains opaque.",MyQuestionsPosition:13-29; next/previous/pageSize functions:52-87,src/pages/my_questions_page.tsx,No request execution.,d6ff7cb13965958c779511e36fdd384b1af8c75314e04e578546e70bff05aac0,d6ff7cb13965958c779511e36fdd384b1af8c75314e04e578546e70bff05aac0,332297fb8ced6996170fe7edb57cad58863e5a1273957a0801d25cf9ad6c36da,unchanged
src/pages/my_questions_page.tsx,Frontend workflows,A,good,full-source resource trace,`MyQuestionsPage` includes cursor/page-size position in the resource source; failed loads clear rows and paging cannot advance while loading/error.,"src/pages/my_questions_page.tsx:50-90 (resource, `continuation`, previous/next); :100-128 (list and controls)",src/pages/my_questions_model.ts,Solid resource stale-result semantics not runtime-tested.,300194669925a0c6e2075452ebf8304ce94b0255a6b78b804afbe56941d94bf0,300194669925a0c6e2075452ebf8304ce94b0255a6b78b804afbe56941d94bf0,c3788006fe7ee6bffd0278305ed0fae8bef4efc805d6662c24ea3cabfae63dd9,unchanged
src/pages/profile_account_id.tsx,Frontend workflows,A,good,full-source direct consumer,Small profile identity presentation is isolated from account mutation state.,ProfileAccountId,src/pages/profile_page.tsx,None material.,a9b0b1aaa640ef445091c474e1c49b4d4df5acc62a07e0c18fc3cb01b3342d15,a9b0b1aaa640ef445091c474e1c49b4d4df5acc62a07e0c18fc3cb01b3342d15,0e80b49f81d21a44394d680fab03799ad90af5a4995788716d14ade9d092bb84,unchanged
src/pages/profile_page.tsx,Frontend workflows,M,good,source/diff consumer,Profile composition delegates account-ID display to a focused component.,ProfileAccountId import/use,src/pages/profile_account_id.tsx,No live profile request.,bdb22ccf918c5ff39bc3fc786137f21984a3ab9f343c08686a55c564a449c5c3,bdb22ccf918c5ff39bc3fc786137f21984a3ab9f343c08686a55c564a449c5c3,03ad8cce9a8bf135416a8f7bcd5f213b6aaeaa65242d2c727b57cd1879bf9e33,unchanged
src/pages/question_detail_page.css,Frontend workflows,M,neutral,stylesheet source/diff,Question detail layout styles only.,question-detail selectors,src/pages/question_detail_page.tsx,Visual rendering not run.,6ad60c6446f1edf66e503b1b36126a7643d6d9c427727899e9ca7c22f118597a,6ad60c6446f1edf66e503b1b36126a7643d6d9c427727899e9ca7c22f118597a,1c81840e14470b024e2f9f02564dba96d67650d1a827b5da0daf0ba3e29492c2,unchanged
src/pages/question_detail_page.tsx,Frontend workflows,M,good,source/diff consumer,Moves description after prompt without changing exact revision rendering or action ownership.,QuestionDetailPage prompt and description sections,src/components/question_renderer.tsx,No browser render.,76c2590c16a689da1cf5552ef75168483161c7a32f524d82f564c084e74ac39e,76c2590c16a689da1cf5552ef75168483161c7a32f524d82f564c084e74ac39e,7316769fc3a879c67f706240ed9ad86ab2fb3323058c9000882866fdb020e3dd,unchanged
src/pages/question_draft_editor_page.tsx,Frontend workflows,M,good,full-source async state trace,"Support editor tracks local and saved Hint/Feedback/Solution separately, disables inputs while saving, preserves values on conflict, and reloads explicitly.",GeneralFeedbackOnlyPage:52-179,src/features/ple_question_json_authoring/question_general_feedback_client.ts,No concurrent author run.,8c95f061df276f97bc4e121212af8f5c534eb64df0cae392b49db7515a676a8d,8c95f061df276f97bc4e121212af8f5c534eb64df0cae392b49db7515a676a8d,1d3c4558849a712c868d773b50203421d33158372f2c575aefa6e17dd46c3a5d,unchanged
src/pages/question_statistics_panel.css,Frontend workflows,M,neutral,stylesheet source/diff,Statistics panel presentation only.,stylesheet selectors,src/pages/question_detail_page.tsx,Visual rendering not run.,ab1ff729be20e0421ae177ed62e2b52cfb13bbc5173eb03bc3dc7480f1300a70,ab1ff729be20e0421ae177ed62e2b52cfb13bbc5173eb03bc3dc7480f1300a70,5a7a0a5856b6eb99c295cc7d598a86b78b686998b81afd3aab3ef07402d70b0c,unchanged
src/pages/role_home_pages.tsx,Frontend workflows,M,good,source/diff consumer,"Home links remain route composition, not a second authorization source.",role home link changes,src/ribbon/ribbon_contract.ts,No browser routing.,7898c4e03924efe190e23a6dbe98b2c4699321d95044bdff4071975f32935c54,7898c4e03924efe190e23a6dbe98b2c4699321d95044bdff4071975f32935c54,377c43934191c0535f3aafee83c9a69f44074a849058a9bf3bc9510c537b59f4,unchanged
src/pages/roster_confirmation_dialog.tsx,Frontend workflows,M,good,full-source lifecycle trace,Dialog receives one immutable pending roster identity and delegates mutation to route owner; cancel preserves trigger restoration.,PendingRosterConfirmation:5-10; dialog:26-61,src/pages/course_roster_page.tsx,No native-dialog browser run.,5106dd59d99f6e75d86bf282bad310926400af4ef7f604deaba81cd617343be7,5106dd59d99f6e75d86bf282bad310926400af4ef7f604deaba81cd617343be7,5cf2b3405b17a92c2a1cb15aa824eee8244c55eb31d292d9821dd42604449518,unchanged
src/pages/starred_questions_model.ts,Frontend workflows,A,good,full-source direct contract,Star list load is intentionally separate from Question Library search ownership.,loadStarredQuestions,src/pages/starred_questions_page.tsx,Pagination remains server-defined truncated view.,cad0a8d818efd111e983dab780b1fc3ddbd2255916f473091be8f0de09c6caa1,cad0a8d818efd111e983dab780b1fc3ddbd2255916f473091be8f0de09c6caa1,fe6e74f207dad3b4c6a5e12af87b557752dcbe6f009a7fe230622a796fa08fa6,unchanged
src/pages/starred_questions_page.tsx,Frontend workflows,A,good,full-source resource trace,Personal Star collection is read-only list state; it presents truncation instead of inventing unsupported cursor navigation.,StarredQuestionsPage:41-91,src/pages/starred_questions_model.ts,No live request.,0e37909dfa2a44ba4d96abbab3e807954539e1f8721021031954c7d235f24d9a,0e37909dfa2a44ba4d96abbab3e807954539e1f8721021031954c7d235f24d9a,a1391f2938af149d90174507d824c0959bbc05f510c014c663f067772521dffa,unchanged
src/pages/student_course_landing_page.tsx,Frontend workflows,M,good,source/diff consumer,Student landing copy/route presentation does not change server-owned eligibility.,landing page changed sections,src/api/live_student_course_landing.ts,No student session.,96cac34b69f961718a57a95eabd6de1c5ded10a4246370f0e805a615eb2d2289,96cac34b69f961718a57a95eabd6de1c5ded10a4246370f0e805a615eb2d2289,82a11c7b7d343bad0446ecc5a57d14694ef9ed978889f6bfa806a2470fc27171,unchanged
src/pages/student_course_response_stats_page.tsx,Frontend workflows,M,good,source/diff consumer,Stats presentation keeps aggregate read boundary intact.,response stats rendering,src/api/student_course_response_stats.ts,No live request.,2d5f17e3f3d4b74124ef90497d44ab3356dd807fb209b1b3a2c7b6d14a6263e3,2d5f17e3f3d4b74124ef90497d44ab3356dd807fb209b1b3a2c7b6d14a6263e3,e2c8d943ecc22fe69a7805a4bdc19d6ffcc426ebd2571fd90ac06d5e37969545,unchanged
src/pages/student_work_inspection_page.css,Frontend workflows,M,neutral,stylesheet source/diff,Inspection presentation-only update.,stylesheet selectors,,Visual rendering not run. Reviewer cross-references not resolved to current files: src/pages/student_work_inspection_page.tsx. These references are not verified trace evidence.,de8a19d6382ef2b95f381af5c24b4389107d288921ee0bea5de22465bd424387,de8a19d6382ef2b95f381af5c24b4389107d288921ee0bea5de22465bd424387,91a973e11eda2ca7c1774c9de278bba7fbcb53c0e288a6fd1d33ae043e2e1f2a,unchanged
src/pages/sysadmin_course_inspection_page.tsx,Frontend workflows,A,good,full-source direct consumer,Sysadmin inspection is a read-only composition surface and does not mutate Course state.,SysadminCourseInspectionPage component,src/components/sysadmin_course_creation_form.tsx,No sysadmin request.,65b15c1762cf2f71efd79c13675594c08f58c9e662405093d3c2b2f72af06313,65b15c1762cf2f71efd79c13675594c08f58c9e662405093d3c2b2f72af06313,8e9b61dd6fb25cc8b4851df3dcf22ddc26cd5723821f531883315e9319e235a2,unchanged
docs/API_CONTRACTS.md,Guidance and design interpretation,M,good,targeted diff and contract trace,Direct Weekly/Unit Review terminology cutover preserves the existing response-stats contract.,docs/API_CONTRACTS.md:235; AssessmentType consumer traces,docs/TERMINOLOGY_CONTRACT.md,Static only. Reviewer cross-references not resolved to current files: crates/question_model. These references are not verified trace evidence.,ab6fa7f69c93e739d8da19d25522e34ce8feaa2157b9d7c587566c34188c0121,ab6fa7f69c93e739d8da19d25522e34ce8feaa2157b9d7c587566c34188c0121,b00a4264cba65322e5e6cf9d6b417d857ee8c482700f196d9cae0f06f41225d9,unchanged
docs/CHANGELOG-2026-09o.md,Guidance and design interpretation,M,neutral,historical changelog scope,Rotation archive; entries are historical claims rather than a current authority.,docs/CHANGELOG-2026-09o.md:1-738,docs/CHANGELOG.md; docs/REPO_STYLE.md,Not a behavioral proof.,a5bced0d7d6378e7be5432e76236563e87bb03f12d4f2796e673d83b4c9745c7,a5bced0d7d6378e7be5432e76236563e87bb03f12d4f2796e673d83b4c9745c7,3fbe8bace10459a26f2ffe94bd50774b9ff5114452977cbd882564e0b277197a,unchanged
docs/CHANGELOG-2026-09p.md,Guidance and design interpretation,A,neutral,historical changelog scope,New rotation archive; preserves chronology but does not settle design.,docs/CHANGELOG-2026-09p.md:1-<EOF>,docs/CHANGELOG.md,Historical only.,e3093b8ee94d65d3e02fe024d47030d70bd3400347f35d6456e6e68ce58a157c,e3093b8ee94d65d3e02fe024d47030d70bd3400347f35d6456e6e68ce58a157c,c3d7b7cf170a75edffe3f2e54129876fff9d1d606eacbfcdbdf63f5374a06a65,unchanged
docs/CHANGELOG-2026-09q.md,Guidance and design interpretation,A,neutral,historical changelog scope,New rotation archive; preserves chronology but does not settle design.,docs/CHANGELOG-2026-09q.md:1-<EOF>,docs/CHANGELOG.md,Historical only.,06a29c2721a675c368001135c71dcbc70cc3d6c5ce78538dcd7c297b8fffc7cc,06a29c2721a675c368001135c71dcbc70cc3d6c5ce78538dcd7c297b8fffc7cc,67e05c30bd28476c6b975a23d7bd5e7d0014b54abf8e0413e327d0c74eb38428,unchanged
docs/CHANGELOG-2026-09r.md,Guidance and design interpretation,A,neutral,historical changelog scope,New rotation archive; preserves chronology but does not settle design.,docs/CHANGELOG-2026-09r.md:1-<EOF>,docs/CHANGELOG.md,Historical only.,01da7b285ca3392401d85956260a090382ca26e4e0c51b5df5a6a36e1588a57f,01da7b285ca3392401d85956260a090382ca26e4e0c51b5df5a6a36e1588a57f,62848cd824776fe20e7b7ef25ba9f5de7958d5249db1fb9a92a6d988c1a6fbf8,unchanged
docs/CHANGELOG-2026-09s.md,Guidance and design interpretation,A,neutral,historical changelog scope,New rotation archive; preserves chronology but does not settle design.,docs/CHANGELOG-2026-09s.md:1-<EOF>,docs/CHANGELOG.md,Historical only.,566ee17e34c5d233533888b26717aeddf036acc28e26f01ece0f73a4901cc0ea,566ee17e34c5d233533888b26717aeddf036acc28e26f01ece0f73a4901cc0ea,09699942fbbc1789c9231690ce05b4ae4f114fe87a393a814c89b6e4c6732652,unchanged
docs/CHANGELOG.md,Guidance and design interpretation,M,neutral,diff and rotation-policy trace,"Rotation is mechanically consistent; entries remain history, not an implementation contract.",docs/CHANGELOG.md:1-126; docs/REPO_STYLE.md:changelog rotation,docs/CHANGELOG-2026-09o.md,No history fact independently verified.,b437d0629bbef2ac23252414951266a49cd2c054b699af3a0d3482c8288d4dad,b437d0629bbef2ac23252414951266a49cd2c054b699af3a0d3482c8288d4dad,5013b792ba5fe36517c5c7e5f1f08d6ba84a8bc633030a84183606681d266470,unchanged
docs/DESIGN_DECISIONS.md,Guidance and design interpretation,M,good,targeted decision and authority trace,Direct terminology cutover and a bounded SVG-to-WebP ingress decision have concrete consumers. Separate PLE support is expressly grounded in HG; neither is grounds for a new platform or a removal demand.,"docs/DESIGN_DECISIONS.md:30-60,1851-1860; docs/HUMAN_GUIDANCE.md:1149-1154",docs/HUMAN_GUIDANCE.md; docs/TERMINOLOGY_CONTRACT.md,Static decision and owner trace; SVG remains a narrow local concern.,3c187a3087b2e99ca02193b897d96cd8ad0822c71fa068284c5af3be901da30a,3c187a3087b2e99ca02193b897d96cd8ad0822c71fa068284c5af3be901da30a,72124dc31f77708e9ff853e36d70d47c6b19c685fc60790aa106ac9eb01c2720,unchanged
docs/HUMAN_GUIDANCE.md,Guidance and design interpretation,M,refine,full relevant authority sections,Keep deferred-work precedence and explicit revision/disclosure rules. Broad UI/design values need interpretation before becoming gates; optional per-Question support is explicitly allowed and has meaningful consumer semantics.,"docs/HUMAN_GUIDANCE.md:24-49,54-86,1133-1134,1149-1154",docs/TERMINOLOGY_CONTRACT.md; docs/active_plans/audits/human_guidance_implementation_checklist.md,Guidance may contain unsettled decisions; do not derive new product states from wording alone.,54b36a0ad97601ca7a2eb4b6b9f01da40d161d41a8a85038e00f40aea1f2da23,54b36a0ad97601ca7a2eb4b6b9f01da40d161d41a8a85038e00f40aea1f2da23,ed932546f9664d8cfcd31fedb6286059e5da523625f37127125b7aba7e9490c5,unchanged
docs/NAMING_CONVENTIONS.md,Guidance and design interpretation,M,good,targeted diff and terminology trace,Direct term replacement maintains the one generic Assessment noun.,docs/NAMING_CONVENTIONS.md:19-25,docs/DESIGN_DECISIONS.md; docs/TERMINOLOGY_CONTRACT.md,Static terminology review.,ff9fd8eb4f1994b801d4e7feb1a2489b939b63460f30bd7bc4622c72d2096559,ff9fd8eb4f1994b801d4e7feb1a2489b939b63460f30bd7bc4622c72d2096559,ef671a6a08086d068da2a5acab85c61c32391f73ee5b49fcbf3acdb22a3245e8,unchanged
docs/SCHEMA_TABLES.md,Guidance and design interpretation,M,good,generated schema additions and source-schema trace,"Generated schema reference correctly exposes support/disclosure and Discipline-request columns; their presence is not unauthorized merely because each Question may omit support. Correct defects at the SQL owner, not this derivative.","docs/SCHEMA_TABLES.md:247-275,2220-2248,3687-3700,4659-4696; schemas/base_schema/20_tables/assessment.sql:25-37",schemas/base_schema/20_tables/assessment.sql; schemas/base_schema/20_tables/question_pool.sql,Generated artifact reviewed through schema owner; no database execution.,62f8256ee6e391601ac5bf2adff04dd73fdf7fda4d55870f764d9e84840344fe,62f8256ee6e391601ac5bf2adff04dd73fdf7fda4d55870f764d9e84840344fe,3a45d7fbcbcaf9000e575d79a57974b7c30d6980ae56940a305e251c1e3acb12,unchanged
docs/SCREENSHOT_ATLAS.md,Guidance and design interpretation,M,refine,atlas/exception trace,Correctly distinguishes captures from deferred routes; cannot support completion claims for deferred personal-library paths.,docs/SCREENSHOT_ATLAS.md:360-440,docs/screenshots/coverage_exceptions.json; docs/screenshots/current_capture_receipt.json,No image inspection or capture run.,bf36d2100190c4d63515e6ebb1eb236f53c207546a23493f844332876b40c88f,bf36d2100190c4d63515e6ebb1eb236f53c207546a23493f844332876b40c88f,f5c4da819dfd19e6afb4714df79a3bfbfd4fdac7b992650ac6c0020d2e9ae235,unchanged
docs/STUDENT_GUIDE.md,Guidance and design interpretation,M,good,full short document and terminology trace,Student-facing terminology cutover is concise and matches the current type names.,docs/STUDENT_GUIDE.md:1-54,docs/TERMINOLOGY_CONTRACT.md,No UI rendering checked.,4e7eecd87984059afe732841882b9b299ceafbcff981b086c08719a390fd6649,4e7eecd87984059afe732841882b9b299ceafbcff981b086c08719a390fd6649,9e17be9995e7b9f935e94f6b9cafe7d843c63a810c9b6a44feb6adc4e8e0f5c3,unchanged
docs/TERMINOLOGY_CONTRACT.md,Guidance and design interpretation,M,good,full relevant terminology sections,PLE-managed optional support and independent disclosure agree with HG1133-1134 and1149-1154. The word may does not negate those explicit revision/disclosure semantics; no unauthorized support platform established.,"docs/TERMINOLOGY_CONTRACT.md:312-317,630-633; docs/HUMAN_GUIDANCE.md:1133-1134,1149-1154",docs/HUMAN_GUIDANCE.md; docs/SCHEMA_TABLES.md,"Scoped text/code contract review, not runtime acceptance.",98f61fc47b9efe70748009aef0eaea17ba99a9ead575165d42493b27f53b1e79,98f61fc47b9efe70748009aef0eaea17ba99a9ead575165d42493b27f53b1e79,4f872e4c7986f6d4022424ba7cd96a375594ced8645f02e52d0401ea475d02d2,unchanged
docs/active_plans/audits/UI_UX_USABILITY_AUDIT.md,Guidance and design interpretation,M,refine,diff-focused active-audit trace,"Updated status prose depends on source/test citations; it remains audit evidence, not a product authority.",docs/active_plans/audits/UI_UX_USABILITY_AUDIT.md:154-697,docs/screenshots/coverage_exceptions.json; docs/active_plans/audits/human_guidance_implementation_checklist.md,Static audit only.,93843973bbdb6b414d262faa8e169ac63bd63fa416a19e0649fc5f52cb1848ff,93843973bbdb6b414d262faa8e169ac63bd63fa416a19e0649fc5f52cb1848ff,c1f2e038c447363d9d09f0a233cb0d4c68d44eeb1184b3b61dc6824fb730f96c,unchanged
docs/active_plans/audits/human_guidance_deep_code_review_2026_09_30.md,Guidance and design interpretation,A,neutral,full report scoped as historical review,"Useful review record, but its findings are historical evidence and must not become another authority.",docs/active_plans/audits/human_guidance_deep_code_review_2026_09_30.md:1-<EOF>,docs/HUMAN_GUIDANCE.md,Not independently revalidated as runtime evidence.,1071d197d85d6cc9571f15d755847c2ac31e9eeb1494c27a7596c3070fb5723b,1071d197d85d6cc9571f15d755847c2ac31e9eeb1494c27a7596c3070fb5723b,a1a57425bfb64404a2e21699d82ec74ae6a61e359886735a941ae607b8da6f9e,unchanged
docs/active_plans/audits/human_guidance_deep_code_review_2026_09_30_files.csv,Guidance and design interpretation,A,neutral,generated review inventory scope,"Coverage metadata, not a product requirement or behavioral proof.",docs/active_plans/audits/human_guidance_deep_code_review_2026_09_30_files.csv:1-<EOF>,docs/active_plans/audits/human_guidance_deep_code_review_2026_09_30.md,Inventory integrity not recomputed.,2d611d432fec94b04267f16d127a3224a3d29634146cb49c4829a406ae203b54,2d611d432fec94b04267f16d127a3224a3d29634146cb49c4829a406ae203b54,a9b5051ae4137f5b8ed2cfd376fff29ef69e9afdd168c55334b725f96da0f256,unchanged
docs/active_plans/audits/human_guidance_deep_code_review_2026_09_30_files.md,Guidance and design interpretation,A,neutral,generated review inventory scope,Per-file review record is not a current product authority.,docs/active_plans/audits/human_guidance_deep_code_review_2026_09_30_files.md:1-<EOF>,docs/active_plans/audits/human_guidance_deep_code_review_2026_09_30.md,Inventory integrity not recomputed.,895adb92a2d39bc24babcd33c26a1cf7778284eef24ca6dab79ea30fe725f560,895adb92a2d39bc24babcd33c26a1cf7778284eef24ca6dab79ea30fe725f560,66000883a32217d27f9f5ba80aebd2746efbaee61d1b02de08e017ae1a24692f,unchanged
docs/active_plans/audits/human_guidance_gap_map.md,Guidance and design interpretation,M,bad,full relevant sections and generator trace,"Makes checklist status/evidence ownership an active authority, amplifying the derived-requirement loop.","docs/active_plans/audits/human_guidance_gap_map.md:1-35,65-100",devel/human_guidance_checklist.py; docs/HUMAN_GUIDANCE.md,See DOC-3.,11fd4c6a681f5e0b03dd949949614f163a2e9e40effb69f2e26739607055e2e7,11fd4c6a681f5e0b03dd949949614f163a2e9e40effb69f2e26739607055e2e7,d4e90f27b17ac5ed9479e2c69a6394c12053dae82e9d441d541f5f31fd1a50d9,unchanged
docs/active_plans/audits/human_guidance_implementation_checklist.md,Guidance and design interpretation,M,bad,full generated-document structure and sampled substantive rows,Status-bearing transcription of all guidance becomes an oversized derived specification.,"docs/active_plans/audits/human_guidance_implementation_checklist.md:1-35,120-185,880-975",devel/human_guidance_checklist.py; docs/archive/audits/hg_checklist_parts/01_development.md,See DOC-3.,29461bf60d1b5d2d2795af7c11e9bba74278f2faaec6b3068f7090371e89c091,29461bf60d1b5d2d2795af7c11e9bba74278f2faaec6b3068f7090371e89c091,b5b92f3af13b527c0f07493bbfd2125783d9823cf06c7e7e623b9b9612eeb288,unchanged
docs/active_plans/audits/record_list_caller_investigation_2026-09-25.md,Guidance and design interpretation,M,neutral,historical audit scope,Renamed terminology in a dated investigation; not a live requirement.,docs/active_plans/audits/record_list_caller_investigation_2026-09-25.md:1-227,docs/active_plans/audits/record_list_page_frame_standardization_audit_2026-09-25.md,Historical claims unexecuted.,f2b71a38bf7d6e571e10818de8352a959caf28febac43a89c49cdfe9ace2dc0d,f2b71a38bf7d6e571e10818de8352a959caf28febac43a89c49cdfe9ace2dc0d,d59aef6d1af113c5be2a6fcbfae0da97f172e011dcd88946879d19c91c541e57,unchanged
docs/active_plans/audits/record_list_page_frame_standardization_audit_2026-09-25.md,Guidance and design interpretation,M,neutral,historical audit scope,Terminology maintenance in dated evidence only.,docs/active_plans/audits/record_list_page_frame_standardization_audit_2026-09-25.md:1-243,docs/active_plans/audits/record_list_caller_investigation_2026-09-25.md,Historical claims unexecuted.,e1eeaced2b34083a908ee0c486be5d810363012dd34b6026fd9afa6d127fd451,e1eeaced2b34083a908ee0c486be5d810363012dd34b6026fd9afa6d127fd451,f763f0faa049817afd08d118b4bdae186da15f1b7f1636c3c8a34bbac853fd97,unchanged
docs/active_plans/audits/ribbon_route_scope_audit_2026-09-23.md,Guidance and design interpretation,M,refine,full short audit and ledger trace,Its route scope should be reconciled with current backed personal-library destinations.,docs/active_plans/audits/ribbon_route_scope_audit_2026-09-23.md:1-72,docs/ux/RIBBON_DESTINATION_LEDGER.md; docs/TODO.md,No browser routing run.,cdc8fdf823b89208287acaa094a3414e06f9c561137e06ab381ff51ce25e0b32,cdc8fdf823b89208287acaa094a3414e06f9c561137e06ab381ff51ce25e0b32,65d494f8cc9fb0e40a4ed25910d4b2c4420104b5560548ae3cb912b65f5a5c28,unchanged
docs/active_plans/audits/student_screenshot_breakdown_appendix_2026-09-21.md,Guidance and design interpretation,M,neutral,historical screenshot appendix scope,Terminology refresh does not turn static images into workflow proof.,docs/active_plans/audits/student_screenshot_breakdown_appendix_2026-09-21.md:1-165,docs/SCREENSHOT_ATLAS.md,Images not inspected.,1357e190f89b1ad5a0e79517b315dc19abe004988667477f53aafd77ebf8663e,1357e190f89b1ad5a0e79517b315dc19abe004988667477f53aafd77ebf8663e,d483a9cdf103886d83c1c0441a6a8db8d106c483e5d1a2dc56165090835ea4d4,unchanged
docs/active_plans/audits/student_ui_stability_and_density_audit_2026-09-21.md,Guidance and design interpretation,M,refine,historical audit and checklist trace,Avoid treating its layout assertions as permanent implementation gates without a user-facing failure criterion.,docs/active_plans/audits/student_ui_stability_and_density_audit_2026-09-21.md:63-384,docs/active_plans/audits/human_guidance_implementation_checklist.md,Static only.,eea972243628c1adbe53f77893be3591352c11bef3334f64985658637f489719,eea972243628c1adbe53f77893be3591352c11bef3334f64985658637f489719,c68112c6b7852e644265a581a04ad25ffa91990b3ed66bf737658e1eb1ec9f7a,unchanged
docs/active_plans/review-the-content-of-merry-hickey.md,Guidance and design interpretation,M,refine,active-plan relevant sections,Plan has broad acceptance language; it should defer to settled contracts instead of checklist completion counts.,"docs/active_plans/review-the-content-of-merry-hickey.md:332-372,797-869",docs/HUMAN_GUIDANCE.md; docs/DESIGN_DECISIONS.md,Plan is not a settled decision.,70fea7cecc144f7b613b6b53a4756a27052c86d7b3c4b4600c877a28821dcce9,70fea7cecc144f7b613b6b53a4756a27052c86d7b3c4b4600c877a28821dcce9,5b9900a9c9f558e82d961cbb5fa38e258327cad76d8c483c13cb3a2b6ed3eed8,unchanged
docs/archive/audits/hg_checklist_parts/01_development.md,Guidance and design interpretation,M,refine,full source-input review,This file is a live checklist generator input under an archive path. Clarify its active ownership and stop treating general guidance as automatically closable product requirements; optional-support wording is not itself a defect.,docs/archive/audits/hg_checklist_parts/01_development.md:1-185; devel/human_guidance_checklist.py:12-15,devel/human_guidance_checklist.py; docs/active_plans/audits/human_guidance_implementation_checklist.md,Text/producer relationship reviewed; no compliance gate run.,953a17042166e33388af3bb2124276d9e1267c3ac7fd36fa08a96d83b3af389a,953a17042166e33388af3bb2124276d9e1267c3ac7fd36fa08a96d83b3af389a,d82a158ffd7af81e7208f218db7b79834893c9f3068792508ce33382cf3e0631,unchanged
docs/archive/audits/hg_checklist_parts/02_accounts.md,Guidance and design interpretation,M,refine,full source-input scope,This file is a live checklist generator input under an archive path. Clarify its active ownership and stop treating general guidance as automatically closable product requirements; optional-support wording is not itself a defect.,docs/archive/audits/hg_checklist_parts/02_accounts.md:1-215; devel/human_guidance_checklist.py:14-15,devel/human_guidance_checklist.py,Text/producer relationship reviewed; no compliance gate run.,891ce2b7697a501dc549bf0ef8ba4a29bdc6087c535026a6a5da155c6ecc086d,891ce2b7697a501dc549bf0ef8ba4a29bdc6087c535026a6a5da155c6ecc086d,ecd63351e338a3866e08ae475007bed8da79b948f8683469de0564e552ccee88,unchanged
docs/archive/audits/hg_checklist_parts/03_shell.md,Guidance and design interpretation,M,refine,full source-input scope,This file is a live checklist generator input under an archive path. Clarify its active ownership and stop treating general guidance as automatically closable product requirements; optional-support wording is not itself a defect.,docs/archive/audits/hg_checklist_parts/03_shell.md:1-572; devel/human_guidance_checklist.py:14-15,devel/human_guidance_checklist.py,Text/producer relationship reviewed; no compliance gate run.,63f898edb8b19349393906d4b9d3ca3ec124774b24461de949259e9ebe0e4e4e,63f898edb8b19349393906d4b9d3ca3ec124774b24461de949259e9ebe0e4e4e,8a3cc61e5fdefde41422f0e1d2f6ae818054f241dcf03de0d7756d09e949d07a,unchanged
docs/archive/audits/hg_checklist_parts/04_instructor_ui.md,Guidance and design interpretation,M,refine,full source-input scope,This file is a live checklist generator input under an archive path. Clarify its active ownership and stop treating general guidance as automatically closable product requirements; optional-support wording is not itself a defect.,docs/archive/audits/hg_checklist_parts/04_instructor_ui.md:1-614; devel/human_guidance_checklist.py:14-15,devel/human_guidance_checklist.py,Text/producer relationship reviewed; no compliance gate run.,2505ee84a20dc358f6a02bba533ccfacba91a7544286e63e09d813e041b79af2,2505ee84a20dc358f6a02bba533ccfacba91a7544286e63e09d813e041b79af2,571a2d9b0f4fcb63e291806de222c3899b8470fc1a4c76a09c90dc13ab18eb3e,unchanged
docs/archive/audits/hg_checklist_parts/05_student_sysadmin_ui.md,Guidance and design interpretation,M,refine,full source-input scope,This file is a live checklist generator input under an archive path. Clarify its active ownership and stop treating general guidance as automatically closable product requirements; optional-support wording is not itself a defect.,docs/archive/audits/hg_checklist_parts/05_student_sysadmin_ui.md:1-368; devel/human_guidance_checklist.py:14-15,devel/human_guidance_checklist.py,Text/producer relationship reviewed; no compliance gate run.,62d79eae1ebc22d76bb8e7bdc79605bcd2750ca37084e52e3e0230e10e6767f0,62d79eae1ebc22d76bb8e7bdc79605bcd2750ca37084e52e3e0230e10e6767f0,91e271edfaf0efe74913b2568da2cfcf2e7410b72d0078810309080caa1c117c,unchanged
docs/archive/audits/hg_checklist_parts/06_data.md,Guidance and design interpretation,M,refine,full source-input scope,This file is a live checklist generator input under an archive path. Clarify its active ownership and stop treating general guidance as automatically closable product requirements; optional-support wording is not itself a defect.,docs/archive/audits/hg_checklist_parts/06_data.md:1-758; devel/human_guidance_checklist.py:14-15,devel/human_guidance_checklist.py,Text/producer relationship reviewed; no compliance gate run.,cd27a39418cdfa1069753644180b82b466484a400052a80e951711fbd0790135,cd27a39418cdfa1069753644180b82b466484a400052a80e951711fbd0790135,be58a2aded344abd817011d1a0b65c26ca7f6650ecae9d36b79a67f89cef3216,unchanged
docs/archive/audits/hg_checklist_parts/07_questions.md,Guidance and design interpretation,M,refine,full source-input scope,This file is a live checklist generator input under an archive path. Clarify its active ownership and stop treating general guidance as automatically closable product requirements; optional-support wording is not itself a defect.,docs/archive/audits/hg_checklist_parts/07_questions.md:1-975; devel/human_guidance_checklist.py:14-15,docs/HUMAN_GUIDANCE.md; docs/TERMINOLOGY_CONTRACT.md,Text/producer relationship reviewed; no compliance gate run.,fb623cd485ccc789bd0aebbdd83f17b9d795c3ef81fce7ba358081908e1158b3,fb623cd485ccc789bd0aebbdd83f17b9d795c3ef81fce7ba358081908e1158b3,7a4054c5468447a974cd76d02dea7be7d8be6af19a74ae96a197ed49ebf26497,unchanged
docs/archive/audits/hg_checklist_parts/08_courses.md,Guidance and design interpretation,M,refine,full source-input scope,This file is a live checklist generator input under an archive path. Clarify its active ownership and stop treating general guidance as automatically closable product requirements; optional-support wording is not itself a defect.,docs/archive/audits/hg_checklist_parts/08_courses.md:1-670; devel/human_guidance_checklist.py:14-15,devel/human_guidance_checklist.py,Text/producer relationship reviewed; no compliance gate run.,74e4c5dc6e0332d2e3522236a774c25322129949bd2c13fe3c84bd320e9bb9ba,74e4c5dc6e0332d2e3522236a774c25322129949bd2c13fe3c84bd320e9bb9ba,4b2a1d0bb8db8e379bf1c2b496d1c8d0dbf7cceaae8d7cf560ec79c5a41ced5c,unchanged
docs/archive/audits/hg_checklist_parts/09_assessments.md,Guidance and design interpretation,M,refine,full source-input scope,This file is a live checklist generator input under an archive path. Clarify its active ownership and stop treating general guidance as automatically closable product requirements; optional-support wording is not itself a defect.,docs/archive/audits/hg_checklist_parts/09_assessments.md:1-624; devel/human_guidance_checklist.py:14-15,devel/human_guidance_checklist.py,Text/producer relationship reviewed; no compliance gate run.,b0f9ece9a17bd5474c93f6b5a7b97dabd48d29595ad45e78870bc35ded4e64ca,b0f9ece9a17bd5474c93f6b5a7b97dabd48d29595ad45e78870bc35ded4e64ca,f3b330541a26050ddf5149a6ead8ca7e07953598de3ce05ea9a1d3052cc7ca39,unchanged
docs/archive/audits/record_list_candidate_inventory_audit_2026-09-23.md,Guidance and design interpretation,M,neutral,historical audit scope,"Dated inventory remains evidence, not current route authority.",docs/archive/audits/record_list_candidate_inventory_audit_2026-09-23.md:1-122,docs/ux/RIBBON_DESTINATION_LEDGER.md,Historical only.,19dde737c5fb4dcdb5bb3c9ebcc1bfcbfed1d65f9f29d2e35dd66eb5557b5bed,19dde737c5fb4dcdb5bb3c9ebcc1bfcbfed1d65f9f29d2e35dd66eb5557b5bed,9b991aa66a0aec5a1f7ce6a86d756b36639167be8f212d28e2922154513a054b,unchanged
docs/archive/audits/screenshot_recovery_independent_audit.md,Guidance and design interpretation,M,neutral,historical audit scope,Terminology updates preserve dated evidence but do not freshen screenshots.,docs/archive/audits/screenshot_recovery_independent_audit.md:1-247,docs/screenshots/current_capture_receipt.json,No capture run.,d23036a14499eb5f82dab4bd19b7abe0e01588ae1b65aa49e831bff6c22d04f0,d23036a14499eb5f82dab4bd19b7abe0e01588ae1b65aa49e831bff6c22d04f0,98ac066888036fe0beda4e8d83e43a16874e35371e1bbd0bd9f744c0d3e97506,unchanged
docs/archive/durable_live_demo_screenshot_corpus.md,Guidance and design interpretation,M,neutral,historical corpus scope,One terminology edit in a historical corpus does not establish current rendered coverage.,docs/archive/durable_live_demo_screenshot_corpus.md:1-270,docs/SCREENSHOT_ATLAS.md,Images not inspected.,abdfe93ae31187ea0b15955cc95a33784eb2a973a7c7e6509816d5133d41bd86,abdfe93ae31187ea0b15955cc95a33784eb2a973a7c7e6509816d5133d41bd86,dccd7fc8e2b26712a7c063788129797ff28f6b41e8f20ce42706cc7e0fa7c005,unchanged
docs/archive/interface_cleanup_2026_09.md,Guidance and design interpretation,M,neutral,historical plan scope,Archived cleanup decisions are not a substitute for current contracts.,docs/archive/interface_cleanup_2026_09.md:1-2069,docs/DESIGN_DECISIONS.md,Historical only.,0eadf43d182a97d6fa139e329832fe0f49f13f00a5dc28c3451afb5b0cc850d9,0eadf43d182a97d6fa139e329832fe0f49f13f00a5dc28c3451afb5b0cc850d9,391ab344f053b223a9e8697e254aa1481b7d9db4bb8f79f0a98c79c2517ce5c9,unchanged
docs/archive/reports/human_guidance_compliance/COMPLIANCE_SUMMARY.md,Guidance and design interpretation,M,refine,historical compliance-report scope,Compliance wording must remain historical because active checklist inputs now change beneath it.,docs/archive/reports/human_guidance_compliance/COMPLIANCE_SUMMARY.md:321-383,docs/active_plans/audits/human_guidance_implementation_checklist.md,No historical test rerun.,a80c06ee335965b9aa10db6200647813e5fac6e3ba100c4d5f98eb7b4fc65e4d,a80c06ee335965b9aa10db6200647813e5fac6e3ba100c4d5f98eb7b4fc65e4d,24f328fa72d89ebb5769c68a5b90f59a90bb90936ae16099197e1a5ad38966b2,unchanged
docs/archive/reports/human_guidance_implementation_compliance/architecture_and_implementation_changes.md,Guidance and design interpretation,M,neutral,historical report scope,Architecture-change report is evidence only and should not override contracts.,docs/archive/reports/human_guidance_implementation_compliance/architecture_and_implementation_changes.md:1-104,docs/DESIGN_DECISIONS.md,Historical only.,9e5a3710adbdef4759d3a971c361a7a19c72f181d53e6c217d4e05b03651c31e,9e5a3710adbdef4759d3a971c361a7a19c72f181d53e6c217d4e05b03651c31e,b743396b4bafa7bfe8d48fa1185f80922503f35bedeef08a8d27e5cddb93c605,unchanged
docs/archive/restore_live_demo.md,Guidance and design interpretation,M,neutral,historical recovery-plan scope,Historical terminology updates do not establish restored demo behavior.,docs/archive/restore_live_demo.md:1-1412,docs/screenshots/current_capture_receipt.json,No service run.,90cf0ad1146a7ae3f1a1503c0bcc7beb4e1db11a39ffcee9ca5172eceeedab86,90cf0ad1146a7ae3f1a1503c0bcc7beb4e1db11a39ffcee9ca5172eceeedab86,0e98e805721dea43b5868d485abfe268267fee8e3db3e67365ff8b843017b8a3,unchanged
docs/archive/ribbon_chrome_compaction.md,Guidance and design interpretation,M,neutral,historical design scope,Historical shell description is subordinate to current ribbon contract.,docs/archive/ribbon_chrome_compaction.md:1-667,docs/ux/RIBBON_DESTINATION_LEDGER.md,No browser review.,0abfd9992dd96fd5f35a0377fa23bbd2237c0bef8dbbe4ffd3623108d716dd79,0abfd9992dd96fd5f35a0377fa23bbd2237c0bef8dbbe4ffd3623108d716dd79,dfe71e5a3ee3abcb1b33d4fdc53d139389e8d7dfaa36043e6f688bee984aebc2,unchanged
docs/archive/virtual-doodling-honey.md,Guidance and design interpretation,M,neutral,historical design scope,Historical shell description is subordinate to current ribbon contract.,docs/archive/virtual-doodling-honey.md:1-628,docs/ux/RIBBON_DESTINATION_LEDGER.md,No browser review.,44154c8e2968dae1cba33e6dbfdb1dad443076ff03133cf549ae55d901fd5598,44154c8e2968dae1cba33e6dbfdb1dad443076ff03133cf549ae55d901fd5598,1394ada1a014747b8c2735a2ab9df742821feb48441f81c5f9355c195d773190,unchanged
docs/screenshots/coverage_exceptions.json,Guidance and design interpretation,M,refine,full JSON exception review,Correctly labels My Questions/Starred/Watched as route-present but capture-deferred; exposes TODO's overbroad future-build claim.,"docs/screenshots/coverage_exceptions.json:10-25,63-78",docs/TODO.md; docs/ux/RIBBON_DESTINATION_LEDGER.md,No capture run.,11dffee6007bfb4a22f023941fb004abb52d85720972e461725e716e008a1273,11dffee6007bfb4a22f023941fb004abb52d85720972e461725e716e008a1273,71e59f77b08450e1e68e05514fddc1ea2ab7ada1f381205fba55b7155a178157,unchanged
docs/screenshots/current_capture_manifest.json,Guidance and design interpretation,M,neutral,generated manifest scope,"Capture inventory is a receipt input, not implementation or usability evidence for uncaptured routes.",docs/screenshots/current_capture_manifest.json:1-5365,docs/screenshots/current_capture_receipt.json,Hash not recomputed.,77640bfce42b13757a36e8511ae5316fd8a6a5dabe797ba5bb802989f9506e12,77640bfce42b13757a36e8511ae5316fd8a6a5dabe797ba5bb802989f9506e12,cf35aa0e8ed8589c65b6b75db42642d2eec34a3ee05a6b7bd41bda8344fc220b,unchanged
docs/screenshots/current_capture_receipt.json,Guidance and design interpretation,M,neutral,generated receipt scope,Binds a manifest hash and path list but cannot prove a deferred workflow.,docs/screenshots/current_capture_receipt.json:1-1976,docs/screenshots/current_capture_manifest.json; docs/screenshots/coverage_exceptions.json,No capture or checksum verification.,314b3541dd8801b61522863bbc5aabfa49e1f9368d5abe9d0a3acd4e0507e77e,314b3541dd8801b61522863bbc5aabfa49e1f9368d5abe9d0a3acd4e0507e77e,df6c7d66c509676efe341580b6415ce97b0511b7b6b12a690360350156afcc8b,unchanged
docs/ux/RIBBON_DESTINATION_LEDGER.md,Guidance and design interpretation,M,good,full ledger and consumer trace,Useful generated implementation evidence; its backed routes conflict with TODO's future-build wording.,docs/ux/RIBBON_DESTINATION_LEDGER.md:1-230,docs/TODO.md; src/api/question_star.ts; src/pages/starred_questions_page.tsx,Runtime authorization untested.,3493bd1266d8be9870972c4cfde2c89c38a4cb337010c845a6457d873b8a6d00,3493bd1266d8be9870972c4cfde2c89c38a4cb337010c845a6457d873b8a6d00,6fd066137b6f16a631fa75f373094ca91d7d9850b5bc7ca5585ec2d4eef9e921,unchanged
Cargo.lock,"Domain, backend and tooling",M,neutral,manifest delta,"Lockfile adds the resolved resvg graph required by the workspace manifest; it is generated dependency state, not a compatibility layer.",Cargo.lock:127-4422; Cargo.toml:50,Cargo.toml; crates/objects/Cargo.toml,Dependency freshness was not executed.,2d224299bdc2c3053e4253d9da0997be197501944a986f25c5c166ee14cfbf80,2d224299bdc2c3053e4253d9da0997be197501944a986f25c5c166ee14cfbf80,dd598acc349085fc8ec67b3796e156c57b4454f023ab3547c0761e09bd62787a,unchanged
Cargo.toml,"Domain, backend and tooling",M,good,full changed declaration and consumer trace,"The sole new workspace dependency, resvg, is opted into only by objects for the SVG-to-raster authoring boundary.",Cargo.toml:50; crates/objects/Cargo.toml:19; crates/objects/src/image_validation/svg_question_image.rs:8-18,crates/objects/Cargo.toml; crates/objects/src/image_validation/svg_question_image.rs,Static only.,96324f2e672b8888c20ba0eb4b1a8a2987ddbb9ed1b823105a8baedd2f9ea4a4,96324f2e672b8888c20ba0eb4b1a8a2987ddbb9ed1b823105a8baedd2f9ea4a4,8878b050a33d69267010d16c8df514271d7145ee478b1b2eb4c6af8b933756ac,unchanged
containers/Caddyfile,"Domain, backend and tooling",M,good,changed gateway trace,The hostname-free HTTPS listener is paired with the request-host browser boundary; it changes the Live Demo gateway rather than retaining a localhost alias.,containers/Caddyfile:25-31; crates/server/src/auth/browser_boundary.rs:53-75,containers/compose.yaml; crates/server/src/auth/browser_boundary.rs; local_stack_control/live_demo_target.py,No stack run.,49c1ef92e4501a5847069d5e46913a6b4baf54f2d67e72411d8b244f27f8db2c,49c1ef92e4501a5847069d5e46913a6b4baf54f2d67e72411d8b244f27f8db2c,107aa71e692615f3748b299b63e5d74b1a88c424dfef5b217c791b539176bdd1,unchanged
containers/compose.yaml,"Domain, backend and tooling",M,good,changed environment ownership trace,Compose exposes the request-host opt-in only as an empty-by-default variable; the controller is the Live Demo writer.,containers/compose.yaml:373-375; local_stack_control/live_demo_target.py:222,local_stack_control/live_demo_target.py; crates/server/src/composition.rs,No Compose interpolation run.,44348a2d7f7e86da9cefcb40059cbce2d985f43855ec6a3ba4ce81b7758f9264,44348a2d7f7e86da9cefcb40059cbce2d985f43855ec6a3ba4ce81b7758f9264,38deb1ec3e5d5e90c61dbe25d9e5a1b21ed8e826d394ef57912cc5a59e900bc0,unchanged
crates/adapters/ple/src/lib/question_json_source.rs,"Domain, backend and tooling",M,good,producer-consumer trace,question_hint exposes already-resolved native source content solely for the delivery history projection.,question_json_source.rs:31-35; assessment_delivery/history.rs:195-213,crates/server/src/assessment_delivery/history.rs; crates/adapters/ple/src/question_json/source_document.rs,No backend execution.,f2ca59effb7d6f9faca9600ea19e1393628f8f1024e7d51c171b69dd712ca127,f2ca59effb7d6f9faca9600ea19e1393628f8f1024e7d51c171b69dd712ca127,b4ec4976fbe733cc93a341dc59162e8f70277d5b861d8ed23123854c14d0c08f,unchanged
crates/adapters/ple/src/question_json/source_document.rs,"Domain, backend and tooling",M,good,full changed validation path,External script URL validation delegates fixed CDN ownership to recorded_javascript and is exercised by the source-document compiler path.,source_document.rs:24; source_document.rs:446-454; source_document.rs:341-432,crates/adapters/ple/src/question_json/source_document/author_script.rs; crates/adapters/ple/src/question_json/source_document/recorded_javascript.rs; crates/adapters/ple/src/lib/question_json_source.rs,Static parser review.,b0324d210d057501e4e2d7b2439f9c712a26812330038b16a44f8ec6b0303d8d,b0324d210d057501e4e2d7b2439f9c712a26812330038b16a44f8ec6b0303d8d,f04c140c5808c449f6c617319abdfc81a56b00493ca27fc94f8523c3974d1b43,unchanged
crates/adapters/ple/src/question_json/source_document/author_script.rs,"Domain, backend and tooling",M,good,full source and caller trace,Author-script library validation uses the shared recorded dependency predicate before mapping the one supported library to its domain ID.,author_script.rs:37-69; crates/adapters/ple/src/question_json/source_document.rs:341,crates/adapters/ple/src/question_json/source_document/recorded_javascript.rs; crates/adapters/ple/src/question_json/source_document.rs,No author-content runtime.,0b34b9f1ae9fbdc6d50e0cf64fd637f198d71017f970216f8cb321a06e4e17d7,0b34b9f1ae9fbdc6d50e0cf64fd637f198d71017f970216f8cb321a06e4e17d7,86e0cdc7d29bf0b3fe20cea2128baea35376a67d6d52083fc0a355d9071ca1c6,unchanged
crates/adapters/ple/src/question_json/source_document/recorded_javascript.rs,"Domain, backend and tooling",A,good,full source and dual-caller trace,"The 21-line fixed allowlist is shared by author-script and external-resource validation, avoiding divergent compatibility lists.",recorded_javascript.rs:1-21; crates/adapters/ple/src/question_json/source_document/author_script.rs:59; crates/adapters/ple/src/question_json/source_document.rs:451,crates/adapters/ple/src/question_json/source_document/author_script.rs; crates/adapters/ple/src/question_json/source_document.rs,Recorded CDN policy itself was not network-verified.,a099ad9b0f3a5e524ef8071c4b4efb48471c5d02d9f354f4ad9a8f43f42496ea,a099ad9b0f3a5e524ef8071c4b4efb48471c5d02d9f354f4ad9a8f43f42496ea,255d1c3fd78e9b7c68adbc00fbccfb3442b80842e4b9a1cc1b8b198bde079777,unchanged
crates/browser-api-contract/src/student_course_response_stats.rs,"Domain, backend and tooling",M,good,contract-to-producer trace,question_title joins the student response-stat contract and is populated by the live student landing projection.,student_course_response_stats.rs:10-12; crates/server/src/live_student_course_landing.rs:467,crates/server/src/live_student_course_landing.rs,Generated browser types not inspected.,dcf9840057aa4ff0491f9394609bd46a5b5a75dd666e79ad65e3fd29dd2a581d,dcf9840057aa4ff0491f9394609bd46a5b5a75dd666e79ad65e3fd29dd2a581d,a46df03dee158a3c9acc58dec0678e509f74afa8a6b08b12555794e633fc5af0,unchanged
crates/domain/src/preview_plane.rs,"Domain, backend and tooling",M,neutral,test-only changed source,The change supplies the new support-field defaults to an existing preview fixture; it creates no alternate runtime policy path.,preview_plane.rs:564-565,crates/domain/src/student_feedback_release.rs; crates/question_model/src/assessment_activity_rules.rs,Test module excluded from runtime validation.,097bb30486fdc0cd9ec59953bea4b68ba15797c34e7345c15fcff2356b33b7b5,097bb30486fdc0cd9ec59953bea4b68ba15797c34e7345c15fcff2356b33b7b5,6fa4a613c2440c7c281c85a035f9ff7fbde3958008e64058b4afa086a4e88434,unchanged
crates/domain/src/student_feedback_release.rs,"Domain, backend and tooling",M,good,full changed source and delivery trace,Independent hints/worked-solutions decisions are evaluated with the existing feedback timings and consumed by history projection.,student_feedback_release.rs:29-48; 222-260; crates/server/src/assessment_delivery/history.rs:231-258,crates/question_model/src/assessment_activity_rules.rs; crates/server/src/assessment_delivery/history.rs,No live assessment request.,b9976337d422a486a66ce76c3d9c798d4566b5417e664aa6d0e1905405af9b4b,b9976337d422a486a66ce76c3d9c798d4566b5417e664aa6d0e1905405af9b4b,afafd0c3241427f08fd44020d34690449940f3590b549586a5d3306aadc7be15,unchanged
crates/objects/Cargo.toml,"Domain, backend and tooling",M,good,manifest-to-module trace,"resvg is local to objects, where SVG uploads are rewritten to a still image.",crates/objects/Cargo.toml:19; crates/objects/src/image_validation/svg_question_image.rs:8-18,Cargo.toml; crates/objects/src/image_validation/svg_question_image.rs,Static only.,be4c1422505e27185dfb339c1cb21735341fe4db80d1297f562cc0ed3bfabe75,be4c1422505e27185dfb339c1cb21735341fe4db80d1297f562cc0ed3bfabe75,395b1e09792f2c2b817a61a6eef4df9a2dd289007360abce6013510d0c34b0b5,unchanged
crates/objects/src/image_validation.rs,"Domain, backend and tooling",M,good,full changed boundary trace,PreparedQuestionImage gives the upload boundary one retained-raster result; SVG input is never made a second stored asset format.,image_validation.rs:230-285; draft_question_images.rs:94-126,crates/objects/src/image_validation/svg_question_image.rs; crates/server/src/draft_question_images.rs,Image decoding not run.,a8eb13a0dc6297786f20f8a71b5d1cb88f883f44a28dd9bc5c64419474e9857a,a8eb13a0dc6297786f20f8a71b5d1cb88f883f44a28dd9bc5c64419474e9857a,8cd9542e952b3fd97898002e9cf89a8c3d99c8c1ca9825e8245b96a27911450c,unchanged
crates/objects/src/image_validation/svg_question_image.rs,"Domain, backend and tooling",A,good,full source and upload trace,"SVG is a bounded input conversion only: resource loading and text are rejected, then the raster is losslessly encoded as WebP.",svg_question_image.rs:18-67; crates/objects/src/image_validation.rs:260-275; draft_question_images.rs:94-111,crates/objects/src/image_validation.rs; crates/server/src/draft_question_images.rs,Rendering equivalence not visually inspected.,91af8ea53b5ccf8b9b9916d4829fcb91d3f11bf1bb39ba4ea7ce4aa78d46bf5b,91af8ea53b5ccf8b9b9916d4829fcb91d3f11bf1bb39ba4ea7ce4aa78d46bf5b,e1d9705fcd7f098c4cbd47ea41f3534c8187c3283a374de470853da75889ffca,unchanged
crates/project-tools/src/curriculum_content/publication.rs,"Domain, backend and tooling",M,good,changed call trace,The new empty tag completes the current BlueprintCourseListRequest shape for publication matching; it does not introduce a fallback query authority.,publication.rs:159; learning-data-access BlueprintCourseListRequest contract,crates/server/src/blueprint_course/list.rs,Publication command not run.,83f000bafd67318f3648c7212d9a0061abc9334da29194887064d06036d07f81,83f000bafd67318f3648c7212d9a0061abc9334da29194887064d06036d07f81,fd10c8e3b018bda8a513c6f7f810081d83c42ef90a466a38deb353cb67185be8,unchanged
crates/question_model/src/assessment_activity_rules.rs,"Domain, backend and tooling",M,good,full changed model and delivery trace,"Hints and Worked Solutions are explicit rule fields with hidden defaults, then independently consumed by domain evaluation.",assessment_activity_rules.rs:58-115; crates/domain/src/student_feedback_release.rs:178-236,crates/domain/src/student_feedback_release.rs; crates/server/src/assessment_delivery/history.rs,Static only.,5e07ad1265f6a58b1cf8c7fe1eaac6717f8c9aa474836d520d44a237df026cd7,5e07ad1265f6a58b1cf8c7fe1eaac6717f8c9aa474836d520d44a237df026cd7,d0bf70cb17b7573c91aa47da9bf0d5c878929e28af9fc77b9ab86601b6b1211d,unchanged
crates/question_model/src/auth.rs,"Domain, backend and tooling",M,neutral,changed test import cleanup,The diff removes unused test imports only; no runtime role or compatibility behavior changed here.,auth.rs:39-41,,None material.,fcdee6917b1c4892135cd92323804dd43082c69c62eae39cebf7859dc1da89f5,fcdee6917b1c4892135cd92323804dd43082c69c62eae39cebf7859dc1da89f5,afca376e1250e4a6b8aec5968c083d1d9dbcfe91f26a41deb23cf865e98724b1,unchanged
crates/question_model/src/course_term.rs,"Domain, backend and tooling",M,good,full changed model and persistence trace,Active-lifetime checking is a method on the canonical CourseTerm and is invoked by course creation/storage rather than a duplicate term representation.,course_term.rs:135-158; learning-data-access/src/postgres/course_instance.rs:537-538,docs/HUMAN_GUIDANCE.md; crates/learning-data-access/src/postgres/course_instance.rs,No database call.,48bd8f002b7fe3c2caf10d591a06cda05a30d76b59aa4eb5266935111e24c83b,48bd8f002b7fe3c2caf10d591a06cda05a30d76b59aa4eb5266935111e24c83b,4eb016175ed9bcc0d13f788581f2e57dc77cff0cd6aaade7d129c90e4778d901,unchanged
crates/question_model/src/lib.rs,"Domain, backend and tooling",M,refine,public API trace,"It re-exports the newly unconsumed StudentWork aggregate and error, enlarging the public domain API without a production caller.",lib.rs:292-302; crates/question_model/src/student_work.rs:527-651; crates/question_model/src/student_work/model_tests.rs:440-485,crates/question_model/src/student_work.rs; crates/question_model/src/student_work/model_tests.rs,Future caller may be planned but is absent from current source.,10435cecb588698b3b4c4c4dc7cb34abf3e63a093c4da42bbd5ec2dc7760d0ba,10435cecb588698b3b4c4c4dc7cb34abf3e63a093c4da42bbd5ec2dc7760d0ba,b82d4084cd9c71f5fb4cbf7f3ab691cee066ab06b640f70f6076c4d7cff50b9f,unchanged
crates/question_model/src/question_library.rs,"Domain, backend and tooling",M,neutral,test-only changed source,The added assertion documents the one canonical hyphenated Question/Pool ID form; no production code changed.,question_library.rs:792-820,docs/TERMINOLOGY_CONTRACT.md,Test classification outside this pass.,ca88cfe3186119402376eddff77cad0356a1822933e9965df54c984c0bea2f7e,ca88cfe3186119402376eddff77cad0356a1822933e9965df54c984c0bea2f7e,3d892a8c1dfac5ef280f1973cc713a9c6f7ca665da72f24c7d6c330f749c9ad4,unchanged
crates/question_model/src/question_library_statistics.rs,"Domain, backend and tooling",M,good,full changed model-to-route trace,into_shared_statistics is used by both Question and Pool statistics projections to suppress small positive cohorts without creating a separate statistics store.,"question_library_statistics.rs:115-146; crates/server/src/question_library/usage_statistics.rs:114,141; crates/server/src/question_pool_library.rs:371",crates/server/src/question_library/usage_statistics.rs; crates/server/src/question_pool_library.rs,No live aggregate query.,d8e075c8edd71eb12f575b441a6fc71604009535b20e364bdb708de88bd08eb2,d8e075c8edd71eb12f575b441a6fc71604009535b20e364bdb708de88bd08eb2,42063409cc5a59cea6cb198b6ac19a20292fa6e65566ffa80fa838b037d1dd94,unchanged
crates/question_model/src/student_work.rs,"Domain, backend and tooling",M,refine,full changed source and full-tree caller trace,StudentWork::collect assembles separately supplied vectors but has only model-test callers; actual delivery/recovery use store-owned projections. Keep it only for a named consuming boundary; missing integration during ongoing work is not itself a defect.,crates/question_model/src/student_work.rs:527-651; crates/question_model/src/student_work/model_tests.rs:440-485; crates/server/src/assessment_delivery/history.rs:48-73,crates/question_model/src/lib.rs; crates/server/src/assessment_delivery/history.rs; crates/learning-data-access/src/archived_student_work_recovery.rs,No production caller found now; future intended wiring is unknown.,34913ad9c4763a1312efb827e4efa5aab9da764a243284e686b0e169949f978a,34913ad9c4763a1312efb827e4efa5aab9da764a243284e686b0e169949f978a,295033c7de91bd24ff063497187e943768c3d82965e1449232fbc2aff7d6fa4f,unchanged
crates/server/src/assessment_delivery.rs,"Domain, backend and tooling",M,good,full changed seam and callers,DeliveryObjects is an ObjectStore test seam used by finalization/submission while production construction remains S3ObjectStore.,"assessment_delivery.rs:57-108,172-175; crates/server/src/assessment_delivery/direct_finalization.rs:561; crates/server/src/assessment_delivery/submission.rs:756,869",crates/server/src/assessment_delivery/direct_finalization.rs; crates/server/src/assessment_delivery/submission.rs; crates/server/src/composition.rs,No object-store operation run.,2130650795757fa27f1c8e7b4e02c122b5e0409d6748661a9d091e3e44a22418,2130650795757fa27f1c8e7b4e02c122b5e0409d6748661a9d091e3e44a22418,55c549e83eb66fe1e84a348da563480167123bbcec7aeb9fb751b368a235640f,unchanged
crates/server/src/assessment_delivery/context.rs,"Domain, backend and tooling",M,neutral,changed import/call trace,The change removes an unused extractor import and keeps context on the shared student-session path.,context.rs:10-46; assessment_delivery.rs:696,,None material. Reviewer cross-references not resolved to current files: assessment_delivery.rs. These references are not verified trace evidence.,cf53a251859249aef3c63e974c89a04c1edd27314ec5b4dd7ca291390d2a1e62,cf53a251859249aef3c63e974c89a04c1edd27314ec5b4dd7ca291390d2a1e62,4806b4d242860590f803ccacfe8e9ae59bfe4db08386a61533056a5c909a9ddc,unchanged
crates/server/src/assessment_delivery/direct_finalization.rs,"Domain, backend and tooling",M,good,changed type seam and transaction-path read,Generic ObjectStore input is fed from DeliveryObjects and allows native source evaluation without a second production finalization path.,direct_finalization.rs:28-106; assessment_delivery.rs:57-108,crates/server/src/assessment_delivery/submission.rs,No finalization execution. Reviewer cross-references not resolved to current files: assessment_delivery.rs. These references are not verified trace evidence.,140ed0960103e773917a31cf27d64251bd060c9da48d1ea4cc6c685e4f19254c,140ed0960103e773917a31cf27d64251bd060c9da48d1ea4cc6c685e4f19254c,783b9bffe596e67c09d18f918e83e58167ec4faf7f5184feb341e66b5b3edcf4,unchanged
crates/server/src/assessment_delivery/history.rs,"Domain, backend and tooling",M,good,full changed projection trace,History applies server-owned disclosure decisions before assigning support content and uses exact persisted response sources.,history.rs:48-73; 157-258; 314-340,crates/domain/src/student_feedback_release.rs,No live history request. Reviewer cross-references not resolved to current files: crates/learning-data-access/src/assessment_delivery_history.rs. These references are not verified trace evidence.,335bca6d1d2ed81ed9ab0f41df89c8f9dfa4f738bd1d611037230e769b37bcb8,335bca6d1d2ed81ed9ab0f41df89c8f9dfa4f738bd1d611037230e769b37bcb8,99938c6b69544554847ca5d4748ffb31f92bc04160feb999744695d150a3e9e3,unchanged
crates/server/src/assessment_delivery/submission.rs,"Domain, backend and tooling",M,neutral,changed test-only source,The production submission handler is unchanged; additions are test doubles covering saved-response and already-submitted paths.,submission.rs:402-922,crates/server/src/assessment_delivery/direct_finalization.rs,Permanent-test value was not assessed in this legacy pass. Reviewer cross-references not resolved to current files: assessment_delivery.rs. These references are not verified trace evidence.,d1c99bc307159117df002fce1f9c49f6321fbdd1bc3e68fe9c4ceba1f369cfdf,d1c99bc307159117df002fce1f9c49f6321fbdd1bc3e68fe9c4ceba1f369cfdf,ddbf973ed76ff4704d1234b69229e31072aed7fde50a471d69371e4699f2f8c0,unchanged
crates/server/src/assessment_pool_fork.rs,"Domain, backend and tooling",M,neutral,import-only change,The diff aligns the imported Question Pool support model with its existing fork flow.,assessment_pool_fork.rs:22-25,crates/server/src/question_pool_support.rs,No fork execution.,7a46a41c9bc9612cb1422c80870b3c154088d4d9c5d8b9bcabf90c371d4fd42b,7a46a41c9bc9612cb1422c80870b3c154088d4d9c5d8b9bcabf90c371d4fd42b,df24cf8b22abf7067b24f8bbf66e3d2bc17443db97819699c74df25ad51e58be,unchanged
crates/server/src/assessment_student_time_accommodation.rs,"Domain, backend and tooling",M,neutral,import-only change,The diff updates the shared role import; it creates no compatibility branch.,assessment_student_time_accommodation.rs:16,crates/server/src/auth.rs,None material.,5905b1165b0aae2954dee4833bfdca439334cc384a3a3a5abf236ddf38294deb,5905b1165b0aae2954dee4833bfdca439334cc384a3a3a5abf236ddf38294deb,49712773e12195e22b10828bfd659c3f23b756a6a55714615a1b6c8a147bfa9b,unchanged
crates/server/src/assessment_student_view.rs,"Domain, backend and tooling",M,good,changed presentation trace,The added title field is projected from current Question data into the Student response-stat contract.,"assessment_student_view.rs:179-217,460-492; browser-api-contract/student_course_response_stats.rs:10-12",crates/browser-api-contract/src/student_course_response_stats.rs; crates/server/src/live_student_course_landing.rs,No browser response.,260f3210603d25aa8b67b1607668ab3f5f3a5d0104fceed0ccceae01339d568c,260f3210603d25aa8b67b1607668ab3f5f3a5d0104fceed0ccceae01339d568c,f56776670c809970fa07b8e13116550aabede528b1db7b9927d88f589654207b,unchanged
crates/server/src/assessment_template.rs,"Domain, backend and tooling",M,neutral,role-boundary change,The instructor-session matcher uses the canonical UserRole enum and removes no persisted compatibility state.,assessment_template.rs:319-324,crates/server/src/auth.rs,None material.,10f1fb4bcdbd4a91534aefdef6d0eada2532285ae877c10f95b748b593696c89,10f1fb4bcdbd4a91534aefdef6d0eada2532285ae877c10f95b748b593696c89,6286dc05d2c0906409364d6d7d411dc5a22b498d301fa087dba251ed6a6b8827,unchanged
crates/server/src/auth.rs,"Domain, backend and tooling",M,good,changed browser-boundary trace,Passwordless login now receives the accepted request origin through the shared boundary rather than inventing a second origin source.,"auth.rs:35-39,313-331; crates/server/src/auth/browser_boundary.rs:56-75",crates/server/src/auth/browser_boundary.rs; crates/server/src/composition.rs,No login flow run.,fd05da753858fc5612f29e565006f8e901f6626868428a61e16a756000010d83,fd05da753858fc5612f29e565006f8e901f6626868428a61e16a756000010d83,0c01cb5c3794d92756c09f509f739d0144da7fa4b1ae1117849b1f37e4cdf9ec,unchanged
crates/server/src/auth/browser_boundary.rs,"Domain, backend and tooling",M,good,full changed boundary trace,AcceptedBrowserOrigin is request-scoped output of the existing cookie boundary and is consumed for document parent origin; exact configured-origin mode remains default.,"browser_boundary.rs:23-75,128-200; assessment_delivery.rs:104-108",crates/server/src/composition.rs; containers/compose.yaml,No reverse-proxy test. Reviewer cross-references not resolved to current files: auth.rs. These references are not verified trace evidence.,87126e5d055a7f0fa6acfdb4e269201ed70ba350ab58f02e94c31ca64872512c,87126e5d055a7f0fa6acfdb4e269201ed70ba350ab58f02e94c31ca64872512c,7abfcddfb24e46abfdfa7d25231792ea3b938fb2baba50430595c2e72d1145ff,unchanged
crates/server/src/auth/sysadmin_totp.rs,"Domain, backend and tooling",M,neutral,role-boundary cleanup,The change uses the canonical role comparison in the existing Sysadmin TOTP route.,auth/sysadmin_totp.rs:265,,No TOTP request. Reviewer cross-references not resolved to current files: auth.rs. These references are not verified trace evidence.,15b11e9cb4d5495fba1a2c8565b3397c6084b97b8b4cabc6d40814f131ef6d72,15b11e9cb4d5495fba1a2c8565b3397c6084b97b8b4cabc6d40814f131ef6d72,e30128aa49d9badd1a25241303335321734832b86271a7ab689dcd1b62d8ffd2,unchanged
crates/server/src/author_content_document_route.rs,"Domain, backend and tooling",M,good,changed validation/projection trace,The route replaces inline base64 handling with current document data and adds bounded author-content behavior; no old document representation is preserved.,author_content_document_route.rs:33-61; 196-533,crates/adapters/ple/src/question_json/source_document.rs; crates/server/src/auth/browser_boundary.rs,No sandbox request.,f35db5b808ce577d1365aed99ad479bf5c5e4b63a5c12a21512acaf06cea10da,f35db5b808ce577d1365aed99ad479bf5c5e4b63a5c12a21512acaf06cea10da,02c0e467af12b194b228f73e547d794132199b2bdab2dda87360b09bb3e40280,unchanged
crates/server/src/authoring.rs,"Domain, backend and tooling",M,good,full changed support persistence trace,"Draft feedback request parsing distinguishes omitted support from explicit replacement and feeds the existing authoring store, maintaining one support authority.","authoring.rs:162-178,515-575",crates/server/src/assessment_delivery/history.rs; crates/server/src/question_pool_support.rs,No authoring store call.,0612380a648020599e75329666b3231b2cacaecd95cd52de7ab495f97b3ead07,0612380a648020599e75329666b3231b2cacaecd95cd52de7ab495f97b3ead07,9756e94c0ecc98413db57ade245071b54cee82e996183752fcf514588a0cabaf,unchanged
crates/server/src/blueprint_course.rs,"Domain, backend and tooling",M,good,router-to-client trace,The recognition-title module is mounted on the Blueprint router and has a browser API client/resource consumer.,"blueprint_course.rs:50,116-120; crates/server/src/blueprint_course/recognition_titles.rs:43-82; src/api/http_client/blueprint_course.ts:425",crates/server/src/blueprint_course/recognition_titles.rs; src/features/recognition_titles_load.ts,No PostgreSQL query.,06fe9ab53b4002b9393204bcfcf0505f8e60d2cf5125fc4775581f18b2782ce1,06fe9ab53b4002b9393204bcfcf0505f8e60d2cf5125fc4775581f18b2782ce1,31fc82717259695e77168a9a73787d46df81fd5dfaae7b0be34cbbe49020931b,unchanged
crates/server/src/blueprint_course/list.rs,"Domain, backend and tooling",M,good,changed request/cursor trace,The tag query joins the canonical list request and cursor binding; it is not a legacy filter alias.,blueprint_course/list.rs:43-210,crates/project-tools/src/curriculum_content/publication.rs,No list query. Reviewer cross-references not resolved to current files: learning-data-access BlueprintCourseListRequest. These references are not verified trace evidence.,f6aad453871aec332c6edac2d2e79a1afd09614c5a720dd0a4c2670d3da0fae4,f6aad453871aec332c6edac2d2e79a1afd09614c5a720dd0a4c2670d3da0fae4,4b7515a1d5e2c554f8348d9c2c3d8d1d6cc5a0985da66d8a038775852df3b5ff,unchanged
crates/server/src/blueprint_course/promotion.rs,"Domain, backend and tooling",M,neutral,role-boundary cleanup,The promotion route switches to the canonical Sysadmin role matcher only.,blueprint_course/promotion.rs:36-40,,None material. Reviewer cross-references not resolved to current files: auth.rs. These references are not verified trace evidence.,a79c28851a97e62abedada8d1b15f9cc03ba2f80e572046e65056f9c102e9876,a79c28851a97e62abedada8d1b15f9cc03ba2f80e572046e65056f9c102e9876,8d845ddbd82244f8987e94c72cbfe957c1192f7209fe3b5ea7e68c224cd0c4d3,unchanged
crates/server/src/blueprint_course/recognition_titles.rs,"Domain, backend and tooling",A,good,full source plus browser/store trace,"The route has bounded canonical-ID decoding, router registration, store implementation, and browser callers; it is not an orphan endpoint.",recognition_titles.rs:43-132; blueprint_course.rs:116-120; src/api/http_client/blueprint_course.ts:425,crates/learning-data-access/src/blueprint_course.rs; src/features/recognition_titles_load.ts,No database execution.,a2de523521a18b375dab612beccf77e695a2498f6d2fb205d676ae7f710328fd,a2de523521a18b375dab612beccf77e695a2498f6d2fb205d676ae7f710328fd,ca82628e06396daa7bd5576dbe4ba9e3bfbe9732d68edcacae9bb2a53b7dec0f,unchanged
crates/server/src/blueprint_stewardship.rs,"Domain, backend and tooling",M,neutral,role-boundary cleanup,The changed instructor session predicate uses the shared UserRole model.,blueprint_stewardship.rs:393-398,crates/server/src/auth.rs,None material.,b0f0446f6e7ac46f82dc60fee692aa1fe5b500cef6f0cb7fe90a76449b74ad6f,b0f0446f6e7ac46f82dc60fee692aa1fe5b500cef6f0cb7fe90a76449b74ad6f,df036e4886119e8c7a4f29bad98ffee67b7b90f7e1310f8451ec3d1f388acc6d,unchanged
crates/server/src/composition.rs,"Domain, backend and tooling",M,good,full changed wiring trace,Composition owns both the registered Question Pool support adapter and browser-boundary/retention delivery selection; no duplicate construction authority appears.,"composition.rs:74-76,183-197,499-539,626-639",crates/server/src/question_pool_support.rs; crates/server/src/auth/browser_boundary.rs; crates/server/src/course_retention_notification_delivery.rs,No production env startup.,6f60d4866933f7fbb7e02d844832f1c4a63987287da0badadcb7b8297fe2c11e,6f60d4866933f7fbb7e02d844832f1c4a63987287da0badadcb7b8297fe2c11e,aba939e0353046cdb8db1c014f1edae3ce28065b113e76dc740bfd7fd98fa348,unchanged
crates/server/src/content_classification.rs,"Domain, backend and tooling",M,good,full changed route-store trace,New creation/request routes authenticate through the existing classification stores and use canonical UUID parsing; they do not introduce a parallel vocabulary cache.,"content_classification.rs:57-84,191-488,585-641",crates/server/src/question_library/classification.rs,No store calls. Reviewer cross-references not resolved to current files: learning-data-access content classification traits. These references are not verified trace evidence.,43bacba7ab21cc8bb143379d27b58933ad44c789a891ed04184bf7bfc574f4cd,43bacba7ab21cc8bb143379d27b58933ad44c789a891ed04184bf7bfc574f4cd,555ed54a52254d7c9eead346f673ab0f22289bacb2b88c8e08f52a33cfd49c49,unchanged
crates/server/src/course_appearance.rs,"Domain, backend and tooling",M,neutral,role-boundary cleanup,The changed instructor-session predicate uses the shared role form.,course_appearance.rs:269-274,crates/server/src/auth.rs,None material.,84587e1f8321c9f3d09b7b9eb4412e9d700209838b6eef367eba8f1d747aef90,84587e1f8321c9f3d09b7b9eb4412e9d700209838b6eef367eba8f1d747aef90,17b0690f0a686b3d05c6ca38a6ce30fa4c6631f8dfa05262a5f77df87face2ce,unchanged
crates/server/src/course_instance.rs,"Domain, backend and tooling",M,good,changed route-to-store trace,Installation course list/search/load routes share one response helper and one Sysadmin session check instead of maintaining an alternate course catalogue.,"course_instance.rs:74-82,279-360",crates/learning-data-access/src/course_instance.rs; crates/question_model/src/course_term.rs,No search query.,9c064dee98eb85ff302f79e9e903328b2e5fbd418480c7a4f875274df0fa23b1,9c064dee98eb85ff302f79e9e903328b2e5fbd418480c7a4f875274df0fa23b1,907b05ae46e9721efc5c0a4df027e132de437342aa5921a8a03302eb768c7571,unchanged
crates/server/src/course_retention_notification_delivery.rs,"Domain, backend and tooling",M,neutral,full adapter and worker trace,SMTP remains behind a provider-neutral delivery trait; email readiness and semester retention decisions remain deferred rather than new completion or removal requirements.,crates/server/src/course_retention_notification_delivery.rs; docs/HUMAN_GUIDANCE.md:24-49,crates/server/src/course_retention_worker.rs; docs/HUMAN_GUIDANCE.md,Deferred product readiness excluded.,0d76479608c6383640f2e945cf48b72632a6ee9accf904c81a041e45db044d94,0d76479608c6383640f2e945cf48b72632a6ee9accf904c81a041e45db044d94,5eb95c724a26c540f2de9a13463a25346df63000c1e9e26f6aa9e23b701578e2,unchanged
crates/server/src/course_retention_worker.rs,"Domain, backend and tooling",M,neutral,changed worker lifecycle trace,The change adds a Course-owned deletion assertion around the existing repeat-safe worker. Retention/email readiness is explicitly deferred; its presence does not justify finishing or removing the worker in this audit.,crates/server/src/course_retention_worker.rs; docs/HUMAN_GUIDANCE.md:24-49,crates/server/src/course_retention_notification_delivery.rs; crates/server/src/composition.rs,Deferred product readiness not assessed; no worker executed.,fb1286d96fbe9cfb6d7535c16cf2bcd4dc2eec367cce78b7ebaef1a649ec1b2e,fb1286d96fbe9cfb6d7535c16cf2bcd4dc2eec367cce78b7ebaef1a649ec1b2e,2504c6a5b9520b71eb3b86ac8ea959d223ae1333bb0e9607f78075ab4ee73803,unchanged
crates/server/src/course_roster.rs,"Domain, backend and tooling",M,good,changed invitation/roster trace,Reset and restore routes reuse required_session_hash and the roster store; signup export obtains a no-store response from the canonical invitation export.,"course_roster.rs:32-51,133-221,284-310",crates/server/src/invitation_export.rs,No invitation flow. Reviewer cross-references not resolved to current files: learning-data-access course roster traits. These references are not verified trace evidence.,0f95009ab142244bd917fe2772fa1f601bb3cf237bf0f4f4fd531484ea3eb38c,0f95009ab142244bd917fe2772fa1f601bb3cf237bf0f4f4fd531484ea3eb38c,9178bfadfd553e8588675f18621492ad5e9e9801b91316321fbb84ae73950866,unchanged
crates/server/src/draft_question_images.rs,"Domain, backend and tooling",M,good,full upload conversion trace,"The upload path accepts SVG only at ingress then stores prepared WebP bytes and their verified metadata, preserving one retained image authority.","draft_question_images.rs:75-126,175-183; objects/image_validation.rs:260-285",crates/objects/src/image_validation.rs; crates/objects/src/image_validation/svg_question_image.rs,No object store upload.,d03e551d71dba2ed5e27aa11fbd50bc196be67aa745a501431f5a175f96ee96e,d03e551d71dba2ed5e27aa11fbd50bc196be67aa745a501431f5a175f96ee96e,37223fce0f2b1cba8ba10517d62b86ac18b0c83f4cd875a564d333d240fdff87,unchanged
crates/server/src/instructor_account.rs,"Domain, backend and tooling",M,good,changed route-store trace,Sysadmin instructor search is bounded and uses the existing account store; list and search share the same role authority.,"instructor_account.rs:39-43,66-134,246-251",crates/server/src/auth.rs,No account query. Reviewer cross-references not resolved to current files: learning-data-access instructor account traits. These references are not verified trace evidence.,1b18b4754e5d41e915df9a1b26614a81c0a47be8d31132878fc0e6693388c478,1b18b4754e5d41e915df9a1b26614a81c0a47be8d31132878fc0e6693388c478,7a377b3cfc536e371609ae01f406f44643b73440590d4772b004c883db235530,unchanged
crates/server/src/invitation_export.rs,"Domain, backend and tooling",M,neutral,role-boundary cleanup,The instructor check now compares the canonical UserRole directly.,invitation_export.rs:89-94,crates/server/src/course_roster.rs,None material.,7e9b9e1f9ad574bb7b13364fd8bbc4d118493025aba606ea9a6367e80953f44e,7e9b9e1f9ad574bb7b13364fd8bbc4d118493025aba606ea9a6367e80953f44e,cae8cccf187fc8507e8cca5911a4f4f5e96155bd52819a47b0abfe998e616d5b,unchanged
crates/server/src/lib.rs,"Domain, backend and tooling",M,good,module-registration trace,It registers the new Question Pool metadata/support modules that composition mounts; no dormant module is introduced.,lib.rs:84-94; crates/server/src/composition.rs:183-197,crates/server/src/question_pool_bulk_metadata.rs; crates/server/src/question_pool_support.rs; crates/server/src/composition.rs,No router construction.,850eb2b15fe619654d655a19cd3cc0e97107dd2e4777a79e80ca48539b26498e,850eb2b15fe619654d655a19cd3cc0e97107dd2e4777a79e80ca48539b26498e,831cfcd810489afa75950cce2c5c4e5d866078282ad5d9ac3f5553565b3406ce,unchanged
crates/server/src/library_discussion.rs,"Domain, backend and tooling",M,neutral,role-boundary cleanup,The changed instructor session path uses the canonical UserRole comparison.,library_discussion.rs:531-536,crates/server/src/auth.rs,None material.,06baf08d46b8e1e049fc3b7f5c9cfd3401afc0e7279b8538a0f129038951c1f3,06baf08d46b8e1e049fc3b7f5c9cfd3401afc0e7279b8538a0f129038951c1f3,06c20bcad28db9bda861e48f954c423bc5a9baa6d668bd4da26eed7bb14476d3,unchanged
crates/server/src/library_watch_notification.rs,"Domain, backend and tooling",M,good,changed response projection trace,The event-kind response change maps current notification data and retains the established instructor authorization path.,"library_watch_notification.rs:72-102,229-234",crates/server/src/question_watch.rs; crates/server/src/auth.rs,No notification query.,54f822071e53ad1360080c537a3be3024294a7bad5b8216c1df3e20a2cb4ed95,54f822071e53ad1360080c537a3be3024294a7bad5b8216c1df3e20a2cb4ed95,88d7ef06445e7042ff13cb283995d6c4a5d786306cfa6b0630f6cb84693f848e,unchanged
crates/server/src/live_gradebook.rs,"Domain, backend and tooling",M,neutral,role-boundary cleanup,The instructor check is aligned with shared role semantics.,live_gradebook.rs:153-158,crates/server/src/auth.rs,None material.,aa489b15e0a705aafc60052e27aaea209429343c5f1b7f7740b00ed415c99f22,aa489b15e0a705aafc60052e27aaea209429343c5f1b7f7740b00ed415c99f22,1b1b3bb2e545cac48e6990043988126e4c2cefc6d43836258917e22166276cc5,unchanged
crates/server/src/live_student_course_landing.rs,"Domain, backend and tooling",M,good,contract producer trace,The landing projection writes question_title to the changed browser-api contract from current response data.,live_student_course_landing.rs:467; browser-api-contract/student_course_response_stats.rs:10-12,crates/browser-api-contract/src/student_course_response_stats.rs,No landing response.,0829674cd7938d2147d1d72e20e2fbd5dcfc57e4cf4cb7dd8fd2a0e3306e65ae,0829674cd7938d2147d1d72e20e2fbd5dcfc57e4cf4cb7dd8fd2a0e3306e65ae,18700f9dfd310e753e44d516846496eb17c5459338d4640b0a9dd54c96d300bc,unchanged
crates/server/src/profile_avatar.rs,"Domain, backend and tooling",M,neutral,import/order cleanup,The diff only rearranges object imports around the existing avatar image validation flow.,"profile_avatar.rs:26,172,350",crates/objects/src/image_validation.rs,No avatar request.,7dd99793f98b1a9e30fb4dae246bed5c81503a52ed1866cde432bc601886a41b,7dd99793f98b1a9e30fb4dae246bed5c81503a52ed1866cde432bc601886a41b,bdb209bd32ed2fc25fb873a2fc7c6cfc2172956d19de861d94ef6674f6e5c054,unchanged
crates/server/src/question_bulk_metadata.rs,"Domain, backend and tooling",M,good,full changed command trace,The command now separates selection display text from patch fields and validates the canonical store input before a single atomic store call.,"question_bulk_metadata.rs:38-174,179-235",crates/server/src/question_pool_bulk_metadata.rs,No transaction. Reviewer cross-references not resolved to current files: learning-data-access bulk metadata traits. These references are not verified trace evidence.,01c3ae92e64eca23cb9708e4dd779c2ba71d20cfc01fc78d9bb46f306c426621,01c3ae92e64eca23cb9708e4dd779c2ba71d20cfc01fc78d9bb46f306c426621,0bbd1a4075adc1f8cdbe9ef1814aec215824ae8a5b03714a2cea2b8a61134118,unchanged
crates/server/src/question_fork.rs,"Domain, backend and tooling",M,neutral,role-boundary cleanup,The change uses the shared instructor role predicate.,question_fork.rs:387-392,crates/server/src/auth.rs,None material.,1846c78709ce8afd469b5e384ed92fec8b35bbf87daee580513b88f967d9825b,1846c78709ce8afd469b5e384ed92fec8b35bbf87daee580513b88f967d9825b,7eb4f560df0376e4eba878d1173513fd1a7d4015734f49ed4f8513e44aafadd1,unchanged
crates/server/src/question_image_delivery.rs,"Domain, backend and tooling",M,neutral,type import alignment,The changed tuple import tracks the canonical Question Image Asset identity; no alternate delivery address is added.,question_image_delivery.rs:23-25,crates/server/src/draft_question_images.rs,No delivery request.,ab628c818ff2e47cf439aaa298c0d33901a69a6ea1ddc36b21e61e556ee8e88a,ab628c818ff2e47cf439aaa298c0d33901a69a6ea1ddc36b21e61e556ee8e88a,111d1dff9d9aabb7d7a3365c894d16f6794c7fe9ea20b20813bd439d8536265d,unchanged
crates/server/src/question_library.rs,"Domain, backend and tooling",M,neutral,role-boundary cleanup,The changed instructor-session helper uses shared role semantics.,question_library.rs:724-729,crates/server/src/auth.rs,None material.,065b1be833b4968001aa125aa126efbdb8773c3637eef969aad2c5187b2dfa1b,065b1be833b4968001aa125aa126efbdb8773c3637eef969aad2c5187b2dfa1b,5f4d0f3fc382685208cd19092ca5313e30547a3578d49bf55792f78983822ad6,unchanged
crates/server/src/question_library/classification.rs,"Domain, backend and tooling",M,good,full source and list-route trace,Classification validation reads the global vocabulary through the store and verifies parent associations before search; no caller-side cached authority appears.,classification.rs:15-101; question_library.rs list search caller,,"No store read. Reviewer cross-references not resolved to current files: content_classification.rs, question_library.rs. These references are not verified trace evidence.",6c9512acc7d0e06e437ba588e23a80fdb040daff5135881809198014a7badcf3,6c9512acc7d0e06e437ba588e23a80fdb040daff5135881809198014a7badcf3,ebf71c740e64102f787c1421ec2647135478a7935e3f566a28324d649a37fdfb,unchanged
crates/server/src/question_library/search_query.rs,"Domain, backend and tooling",M,good,full parser-to-store trace,Fielded text parsing maps one user query into existing QuestionLibraryTextField store terms and recognizes only exact canonical Question IDs.,search_query.rs:56-120,,"No search execution. Reviewer cross-references not resolved to current files: question_library.rs, learning-data-access question library search types. These references are not verified trace evidence.",78c6a7e81b960618c56f8fdb6ed980785e3ae5762b00706985edf14b687a4944,78c6a7e81b960618c56f8fdb6ed980785e3ae5762b00706985edf14b687a4944,a9a9703fd935400b1a104b7b587c4258dacdb0085595f78d6a45dbc5fba0c8ff,unchanged
crates/server/src/question_library/summaries.rs,"Domain, backend and tooling",M,good,changed resolved-source trace,Summary resolution uses the typed PLE source object and adds no fallback renderer or duplicate source authority.,summaries.rs:121-130,crates/adapters/ple/src/lib/question_json_source.rs,No object read.,440cc601e426aad859a899c8f0551eb3fb388c4939ba263b2ca2daeb4dc2b364,440cc601e426aad859a899c8f0551eb3fb388c4939ba263b2ca2daeb4dc2b364,227f798d01ec1b2877620bb283984f0a1fa95fe1be069d366b32fbe1aaa535c0,unchanged
crates/server/src/question_library/usage_statistics.rs,"Domain, backend and tooling",M,good,model-to-route trace,Both bulk and detail reads call the shared small-cohort projection rather than maintaining independent privacy filters.,"usage_statistics.rs:114,141; question_model/question_library_statistics.rs:115-146",crates/question_model/src/question_library_statistics.rs,No statistics query. Reviewer cross-references not resolved to current files: question_pool_library.rs. These references are not verified trace evidence.,eac1549d319be0705ba8f5f6e8fba8f3b4455bdc9612e797eb733b8cc8ac2aa8,eac1549d319be0705ba8f5f6e8fba8f3b4455bdc9612e797eb733b8cc8ac2aa8,254071bed113f38c6da607e13d75597dd55432ae65419a761b0ef83946b7f57e,unchanged
crates/server/src/question_pool_bulk_metadata.rs,"Domain, backend and tooling",A,good,full source and composition trace,The Pool bulk metadata route has router registration and a distinct Pool store command; it intentionally preserves member-list Edit Number semantics instead of aliasing Question metadata.,question_pool_bulk_metadata.rs:36-185; composition.rs:183-197,crates/server/src/question_bulk_metadata.rs,No transaction. Reviewer cross-references not resolved to current files: learning-data-access pool metadata traits. These references are not verified trace evidence.,c196b85388fe933a4875978527628f1fe2afa2668e9f2498251696d2644bc4d8,c196b85388fe933a4875978527628f1fe2afa2668e9f2498251696d2644bc4d8,9f0f324079a00e665bca06ef102138ccaed4530abfe2b816a4c3bbdf411a2630,unchanged
crates/server/src/question_pool_creation.rs,"Domain, backend and tooling",M,good,changed request/store trace,"The new support fields enter the established Pool creation request and are passed through the Pool store, preserving current Pool ownership.","question_pool_creation.rs:25-27,89-147",crates/server/src/question_pool_support.rs,No creation request. Reviewer cross-references not resolved to current files: learning-data-access question pool creation. These references are not verified trace evidence.,a939eb084b5255a9ff5b5356b687027fb175115da6ff3c3cffe1cd95c3cfed64,a939eb084b5255a9ff5b5356b687027fb175115da6ff3c3cffe1cd95c3cfed64,060afa1d3fe3db18acdcb7a3488ff609b12b7f3679d7bfe7408962f908db6fa4,unchanged
crates/server/src/question_pool_library.rs,"Domain, backend and tooling",M,good,model-to-route trace,Pool evidence calls the same shared statistics disclosure method used by Question Library statistics.,question_pool_library.rs:371; question_model/question_library_statistics.rs:126-145,crates/server/src/question_library/usage_statistics.rs,No aggregate query.,3b2a9fdbcaa3275424f3b57c16a1998f38379d09f72a1b92db8261cb74083d63,3b2a9fdbcaa3275424f3b57c16a1998f38379d09f72a1b92db8261cb74083d63,5910bd86fed41e2b1afad1195571cda1c80b535c4cef17ca1f1fa963918aa18d,unchanged
crates/server/src/question_pool_stewardship.rs,"Domain, backend and tooling",M,neutral,removed unused request field and role trace,The diff removes an unused watch-input field and aligns the instructor helper; it does not preserve a legacy Pool watch shape.,"question_pool_stewardship.rs:64-79,249-254",crates/server/src/question_stewardship.rs,No watcher request.,3c352b13a7612689d539da56854fadb7fbc5139fc852e25bc353d53b25718107,3c352b13a7612689d539da56854fadb7fbc5139fc852e25bc353d53b25718107,3bdb067d9e73249bc4fa9459e2e4b7aa37c5787f07be51a4dd45c22034881d7d,unchanged
crates/server/src/question_pool_support.rs,"Domain, backend and tooling",A,good,full source plus vertical caller trace,"Pool support has router registration, browser editor/client, store trait/Postgres adapter, and SQL functions; it is a complete current capability, not unused machinery.",question_pool_support.rs:41-188; composition.rs:193-197; src/api/question_pool_support.ts,crates/learning-data-access/src/question_pool_support.rs; crates/learning-data-access/src/postgres/question_pool_support.rs; src/components/question_pool_support_editor.tsx,No database or browser run.,144661727a9a4d1c92b8d25d53022bd2e4c157cbe7258a47c0e1807cf376b46c,144661727a9a4d1c92b8d25d53022bd2e4c157cbe7258a47c0e1807cf376b46c,55b0b9920515f3564391c339a9e540b08174cd790e4d332a13a147252057f391,unchanged
crates/server/src/question_stewardship.rs,"Domain, backend and tooling",M,good,changed response projection trace,Star response fields are derived from the existing stewardship projections and use the shared instructor boundary.,"question_stewardship.rs:42,81-138,222-227",crates/server/src/question_pool_stewardship.rs; crates/server/src/auth.rs,No route request.,9fc4e802cded25ce08d427b091a2e3c06400c31561167e0e3806cc89b2d4628f,9fc4e802cded25ce08d427b091a2e3c06400c31561167e0e3806cc89b2d4628f,3fc54b018c4d42e64f3fa8cfaad4b5e10fa312cdde1abe32ba9e43995a5cbee8,unchanged
crates/server/src/question_watch.rs,"Domain, backend and tooling",M,neutral,role-boundary cleanup,The changed instructor helper is shared-role alignment only.,question_watch.rs:151-156,crates/server/src/auth.rs,None material.,9e48cd08a462dcf88e5e8ef758a41524eeedd600ee29c012128d79d42c55bd53,9e48cd08a462dcf88e5e8ef758a41524eeedd600ee29c012128d79d42c55bd53,1021b86272a4fc92cbd70eeeb9bafbdbdca81dc487fdf4f804ad66820aa7a759,unchanged
crates/server/src/support_capability.rs,"Domain, backend and tooling",M,neutral,role-boundary cleanup,Both support role helpers now compare the canonical UserRole values.,support_capability.rs:129-154,crates/server/src/auth.rs,None material.,ebf7039dfce4237efc5793482c2566c59b13eade3aea1025873ec355264d55b3,ebf7039dfce4237efc5793482c2566c59b13eade3aea1025873ec355264d55b3,03b6e27585fc5f24110ed3ae3b27835c7a81826daafa18a6d977bc94b840262c,unchanged
crates/server/src/webwork_document_route.rs,"Domain, backend and tooling",M,neutral,test fixture alignment,The runtime route is unchanged; test fixtures align with current role fields.,webwork_document_route.rs:321-350,crates/server/src/auth.rs,Test classification outside this pass.,a1114db13fd85d8cdb73e36a4612acba0f966f2a3a37911c53fcfcb03cbe3448,a1114db13fd85d8cdb73e36a4612acba0f966f2a3a37911c53fcfcb03cbe3448,1512cbe0964833ef8d6fc30c43357f00241157e96637c894ad049af69bb58bd5,unchanged
crates/server/src/worker.rs,"Domain, backend and tooling",M,neutral,error logging path,The diff removes a redundant expiry-error log argument without changing the worker's durable finalization authority.,worker.rs:157-177,crates/server/src/course_retention_worker.rs,No worker run.,48104a495ea2fc25aadc45e8d7ca6199bea7af1cda5a45777ffcd46f4a6dfd39,48104a495ea2fc25aadc45e8d7ca6199bea7af1cda5a45777ffcd46f4a6dfd39,10a87ad25afe4dece3c23cfa174c805603b881bae622a52076d78d0d977345a6,unchanged
devel/capture_screenshots.py,"Domain, backend and tooling",M,good,full changed source,Removal of a forbidden future import follows repository Python policy and leaves the screenshot controller as the sole workflow owner.,capture_screenshots.py:1-15; docs/HUMAN_GUIDANCE.md development principles,devel/change_scope.py,No capture run.,60140daf9e392feb0609c68fdddf8632be1be0df84cb37beada4bedd3d97735d,60140daf9e392feb0609c68fdddf8632be1be0df84cb37beada4bedd3d97735d,755f564e77cf6b9d300d7ebbc49340ece7d1fe036155817b724ea281602c8260,unchanged
devel/change_scope.py,"Domain, backend and tooling",M,good,full changed source,"Removal of a forbidden future import is direct cleanup, with no behavior or compatibility path added.",change_scope.py:1-14; docs/HUMAN_GUIDANCE.md development principles,devel/capture_screenshots.py,No script run.,27f208eabc65e188c6ca79f4adfa31935829f3db2fb8d1203e3a2e3573f15328,27f208eabc65e188c6ca79f4adfa31935829f3db2fb8d1203e3a2e3573f15328,60f373848c86bad83652630dc97b40b5800d9258b3e85eaf8278f71a8c2cbf4d,unchanged
devel/human_guidance_checklist.py,"Domain, backend and tooling",M,good,changed artifact-authority trace,"The checklist reader now points at archived checklist parts and updates the current section manifest, preventing a second active audit-parts authority.",human_guidance_checklist.py:15-45; docs/archive/audits/hg_checklist_parts,docs/active_plans/audits/human_guidance_implementation_checklist.md,No generator run.,2c24fbb7444ae5d541d1bc42f7d798037999bc3a1c49135a8fd03a2c7ba87e01,2c24fbb7444ae5d541d1bc42f7d798037999bc3a1c49135a8fd03a2c7ba87e01,9ed16d4155de00535957558f03b67f210a6faa6041caa329fb7e96726d17670f,unchanged
eslint.config.local.js,"Domain, backend and tooling",M,good,full changed config,Local ESLint overrides give browser globals only to named tests and ignore non-client/generated paths; they do not create an alternate lint configuration authority.,eslint.config.local.js:19-55,eslint.config.js,No lint run.,ee2b4813b941a9b577bfa133bfa24c646f6cc9aefad7f6df92c119533bdc216c,ee2b4813b941a9b577bfa133bfa24c646f6cc9aefad7f6df92c119533bdc216c,8d0911365d21de1b5b41dd5546238e2ade6592cad532da9cedb7cd4c66857b16,unchanged
launchers/run_fast_ui_checks.sh,"Domain, backend and tooling",M,neutral,full changed launcher,"The launcher adds current-source UI checks to its no-argument lane; it is a convenience delegate, not a compatibility shim. Permanent-test value requires the test pass.",run_fast_ui_checks.sh:23-55,,No checks run; test selection not evaluated here. Reviewer cross-references not resolved to current files: tests/playwright. These references are not verified trace evidence.,26310184cb003927b82a17b3ddcd0ba302c99d91646f495d8b4ce792815a778b,26310184cb003927b82a17b3ddcd0ba302c99d91646f495d8b4ce792815a778b,411a271f866bf20cdb99ce2cfdec1902eaae63447a3bdd1591cad4d3f1899429,unchanged
local_stack_control/live_demo_target.py,"Domain, backend and tooling",M,good,changed configuration ownership trace,"The Live Demo target writer is the sole source setting request-host browser acceptance, matching Compose's empty default and server boundary.",live_demo_target.py:210-230; containers/compose.yaml:373-375; auth/browser_boundary.rs:53-75,containers/compose.yaml; crates/server/src/auth/browser_boundary.rs,No target generated.,8e82668347657f6c8705b9be205ed8b975f1e44ce44ad7af19d55518331897a9,8e82668347657f6c8705b9be205ed8b975f1e44ce44ad7af19d55518331897a9,e0e3711e9e7b86e9ebdc70f04cb7cd4d67c83acc2ab7e9e70be211bd1469f732,unchanged
src/api/assessment_attempt_history.ts,Browser contracts and components,M,good,full-source+server trace,"The history DTO keeps separately released response, answer review, hints, worked solution, and class statistics optional; it does not infer disclosure from an Attempt state.",src/api/assessment_attempt_history.ts:14-63 StudentAssessmentAttemptHistoryQuestion; crates/server/src/assessment_delivery/history.rs:138-258 project_released_content,src/api/decoders/assessment_attempt_history.ts; crates/server/src/assessment_delivery/history.rs,Static only.,b21b7f02533185037499d41923da9215ce30c45c8feb297be412aee65eafb3bb,b21b7f02533185037499d41923da9215ce30c45c8feb297be412aee65eafb3bb,b34c7450e5325f56bb0678eab210089901a30b4b6d0b5aaf45ceae74c71254d9,unchanged
src/api/assessment_release.ts,Browser contracts and components,M,good,full-source,"LiveAssessmentWorkspace separates server-derived origin, policy fields, ordered entries, and answer-free pins; SaveBaseAssessmentPolicyInput cannot carry title or Entries.",src/api/assessment_release.ts:106-169 LiveAssessmentWorkspace and SaveBaseAssessmentPolicyInput,src/api/http_client/assessment_release.ts; crates/server/src/assessment_delivery.rs,Route behavior not executed.,2762037676c8e779ce5070d61c391a7a756c90548daec511f5cca808e1ac132f,2762037676c8e779ce5070d61c391a7a756c90548daec511f5cca808e1ac132f,201835a95322241db72a665f94f9208bd842d02f707315f66196869e0e129c84,unchanged
src/api/blueprint_course.ts,Browser contracts and components,M,good,full-source+consumer trace,BlueprintCourseClient exposes recognition-title loading as a bounded supplemental projection instead of changing immutable lineage DTOs.,src/api/blueprint_course.ts:60-82 loadRecognitionTitles; src/api/recognition_titles.ts:25-45 recognitionTitleBatches,src/api/http_client/blueprint_course.ts; src/api/decoders/recognition_titles.ts,No runtime request exercised.,80b853e09cc93136eabec30767589d3751058880d2ea3b56f0bb265f5f36cc72,80b853e09cc93136eabec30767589d3751058880d2ea3b56f0bb265f5f36cc72,dd018f2f3039fc3121a3a7112435920028feb2b7afce552127a9130412d3f745,unchanged
src/api/client.ts,Browser contracts and components,M,good,full-source,ApiClient composes narrowly typed capabilities; the new Pool metadata/support and classification administration capabilities retain distinct ownership.,src/api/client.ts:72-99 imports and ApiClient composition,src/api/http_client.ts; src/api/content_classification.ts,Static composition review.,9a4e6d85dae662cfe4f9d22561f2951f76455666f504d39707400bdbb621ca0d,9a4e6d85dae662cfe4f9d22561f2951f76455666f504d39707400bdbb621ca0d,531a2897568886b7a9e1510b38c28939249588af6f3ab3023a1d56ae6491d835,unchanged
src/api/content_classification.ts,Browser contracts and components,M,bad,full-source+server trace,"The API contract advertises request resolution as a separate mutation after creation, so it cannot represent atomic fulfillment of a Discipline request.",src/api/content_classification.ts:46-55 ContentDisciplineAdministrationClient; src/components/discipline_request.ts:47-54,src/api/http_client/content_classification.ts; crates/server/src/content_classification.rs; crates/learning-data-access/src/postgres/content_classification.rs,See finding C-02.,d95eb3c0d697017dd93806b9189d71f8c344f47dd9d36dbb03c2bd8143d083bd,d95eb3c0d697017dd93806b9189d71f8c344f47dd9d36dbb03c2bd8143d083bd,7d7ad9076aaa7364bd489120e44d4711b90e7ae186fe4d31f180f48a68592409,unchanged
src/api/course_instance.ts,Browser contracts and components,M,good,full-source,"InstallationCourseInspection is a restricted Sysadmin projection with display names and retention state, without enrollment counts or private student records.",src/api/course_instance.ts:47-66 InstallationCourseInspection and InstallationCoursePage,src/api/decoders/course_instance.ts; src/api/http_client/course_instance.ts,Server authorization inspected only by route contract.,3bf6e89bcaa52a2d563e8d66cc5a56c0bb3f206f3c11814f16203ca55f0330c4,3bf6e89bcaa52a2d563e8d66cc5a56c0bb3f206f3c11814f16203ca55f0330c4,8c4491b5f5d1321360d3c00d484c1cf5fc90e84148f40946f0e8f30d1ff2d865,unchanged
src/api/decoders/assessment_attempt.ts,Browser contracts and components,M,good,full-source,decodeClassStatistics is exported for the history decoder so its available/unavailable discriminant remains one parser contract.,src/api/decoders/assessment_attempt.ts:399-430 decodeClassStatistics,src/api/decoders/assessment_attempt_history.ts,No malformed payload execution.,3e7880334ab7ed856d692671db380fc96688481dc57021e03187839d3cba5624,3e7880334ab7ed856d692671db380fc96688481dc57021e03187839d3cba5624,3bf47a8d6fc205e3411066643837611ebc24345867069c01bc3e1fb649e9e67a,unchanged
src/api/decoders/assessment_attempt_history.ts,Browser contracts and components,M,good,full-source+server trace,disclosedClassStatistics rejects an unavailable object and optional hint/solution fields are parsed as content blocks only when present.,src/api/decoders/assessment_attempt_history.ts:38-217 decodeStudentAssessmentAttemptHistory and disclosedClassStatistics,crates/server/src/assessment_delivery/history.rs; src/api/assessment_attempt_history.ts,Static decoder review.,0b28d3397d7573d81d8a71da31df403f38d22e67eb96b9692acf6f77068a2ec8,0b28d3397d7573d81d8a71da31df403f38d22e67eb96b9692acf6f77068a2ec8,e269f1b61b4aed0caa2c56bb0e2ba23eb16c2ec3af319259c99cdad09511f66a,unchanged
src/api/decoders/assessment_policy.ts,Browser contracts and components,M,good,full-source,decodeStudentFeedbackReleaseRule accepts the closed timing record including newly added hints and worked_solutions.,src/api/decoders/assessment_policy.ts:7-42 decodeStudentFeedbackReleaseRule,src/api/decoders/assessment_attempt_history.ts; schemas/base_schema/50_functions/assessment_attempt_history.sql,Static only.,dfa8cebe69e27c06a667174dcaa74a22ba238957ea36d7c03bf306215a29e408,dfa8cebe69e27c06a667174dcaa74a22ba238957ea36d7c03bf306215a29e408,5c775a2cdebe4fa57c25eca8fe08021bb3a51a6144ffe3e545959d2d5a3a8758,unchanged
src/api/decoders/assessment_release.ts,Browser contracts and components,M,good,full-source,editNumber and policy decoders remain typed at the transport boundary and preserve server-owned conditional-write values.,src/api/decoders/assessment_release.ts:71-140 editNumber and lateWorkRule,src/api/http_client/assessment_release.ts,No HTTP run.,1292b5868fb8ac3c9f746db07105c8a2c5c87509bd98a6c303a48c404ecf5eba,1292b5868fb8ac3c9f746db07105c8a2c5c87509bd98a6c303a48c404ecf5eba,3fba57171d92d9fb4dfd45c87f1163a43461eddae43403c1fcfc397c8f113ceb,unchanged
src/api/decoders/content_classification.ts,Browser contracts and components,M,good,full-source,"decodeContentDisciplineRequest accepts only UUID, requestedName, and requester Account ID, matching the intentionally narrow Sysadmin projection.",src/api/decoders/content_classification.ts:70-113 decodeContentDisciplineRequest,src/api/http_client/content_classification.ts; crates/server/src/content_classification.rs,Does not repair the separate-transaction fulfillment defect.,35bcd19f6ed829e12500cc5f7aeb5e690d76a2cfbae74e8a21dd285244ffc8e9,35bcd19f6ed829e12500cc5f7aeb5e690d76a2cfbae74e8a21dd285244ffc8e9,95412a0ec0ac162fbf21480f34f12e64e18f39db3d161fac1cf152a9441e92be,unchanged
src/api/decoders/course_instance.ts,Browser contracts and components,M,good,full-source,decodeInstallationCourse and decodeInstallationCoursePage validate the restricted inspection DTO before Sysadmin presentation.,src/api/decoders/course_instance.ts:285-355 decodeInstallationCoursePage,src/api/http_client/course_instance.ts; src/api/course_instance.ts,Static only.,8d835732d0cb711f33097db11a252000dd237351debb91656db157fb7db8b055,8d835732d0cb711f33097db11a252000dd237351debb91656db157fb7db8b055,70bc5645c29f1d503f3232be793f9380197ad99e92c93b9e9b773068d2de8829,unchanged
src/api/decoders/course_term.ts,Browser contracts and components,M,good,full-source,courseTermFitsActiveLifetime is a local UI preflight; server input decoding remains authoritative for course creation.,src/api/decoders/course_term.ts:47-72 courseTermFitsActiveLifetime and decodeCourseTerm,src/components/sysadmin_course_creation.ts; src/api/decoders/course_instance.ts,No date-boundary runtime check.,a9956491b82a60733cc53d7bdfc9704bbe29d56a5e539213b3f69950705e562d,a9956491b82a60733cc53d7bdfc9704bbe29d56a5e539213b3f69950705e562d,68cf57c50b3bde7ac53167eb36fac2a4a775b893a7e6f8e5105188072981d03d,unchanged
src/api/decoders/instructor_account.ts,Browser contracts and components,M,good,full-source,decodeInstructorAccountList constrains list identities to canonical Account IDs and leaves email outside the browser DTO.,src/api/decoders/instructor_account.ts:46-146 isCanonicalAccountId and decodeInstructorAccountList,src/api/http_client/instructor_account.ts; src/api/instructor_account.ts,Static privacy trace.,d5336d48518c8fedd13222e1deb9741d7ed913b801ddea4de21abb9f6d81a29a,d5336d48518c8fedd13222e1deb9741d7ed913b801ddea4de21abb9f6d81a29a,81e74210fe29556c64f094a8c1d920f70a170ebd6815569623b0339dc9d6d63f,unchanged
src/api/decoders/library_watch_notification.ts,Browser contracts and components,M,good,full-source,decodeLibraryWatchNotifications validates event-specific nullable fields instead of presenting a generic actor identity projection.,src/api/decoders/library_watch_notification.ts:125-225 decodeLibraryWatchNotifications,src/api/library_watch_notification.ts,Server writer not in assigned boundary.,cdbb179025a0e02749f99f43bc6c90fc3c64a5a6c19fecc2d25860000c7e45a8,cdbb179025a0e02749f99f43bc6c90fc3c64a5a6c19fecc2d25860000c7e45a8,9ca7267e4a9681bdd2a966bc75c77a2907f0937947771bd917303befd8813817,unchanged
src/api/decoders/question_bulk_metadata.ts,Browser contracts and components,M,good,full-source,validateQuestionBulkMetadataRequest requires a nonempty distinct selection with edit numbers before bulk transport.,src/api/decoders/question_bulk_metadata.ts:147-216 validateQuestionBulkMetadataRequest,src/api/http_client/question_bulk_metadata.ts; src/components/question_bulk_metadata_editor.tsx,Separate Question metadata versioning is outside Pool finding.,832b2ddca54689ff8b2a33f71e79afdb090dda1b64361e99132ef859816f9dd1,832b2ddca54689ff8b2a33f71e79afdb090dda1b64361e99132ef859816f9dd1,c6df6c36580b5fc2ab56eaf5836f5ec99f8920103439e99f068fa2e454588714,unchanged
src/api/decoders/question_pool_search_metadata.ts,Browser contracts and components,A,bad,full-source+SQL trace,The decoder preserves questionPoolEditNumber as the concurrency token even though search-metadata updates do not advance it; a later writer can pass the same stale value.,src/api/decoders/question_pool_search_metadata.ts:75-132; schemas/base_schema/50_functions/question_pool_search_metadata.sql:113-162,src/api/http_client/question_pool_search_metadata.ts; src/components/question_pool_search_metadata_editor.tsx; schemas/base_schema/50_functions/question_pool_search_metadata.sql,See finding C-01.,cbdbf902f539c324dda41d4ba63383c018d6b50200e2aaa6faeed95f4c71b86d,cbdbf902f539c324dda41d4ba63383c018d6b50200e2aaa6faeed95f4c71b86d,112087b155b682753a958026b0c583fadec6c42447c58eac364afe5021f120d3,unchanged
src/api/decoders/question_pool_support.ts,Browser contracts and components,A,bad,full-source+SQL trace,"validateQuestionPoolSupportSave sends a Pool Edit Number as if it protected support replacement, but the SQL writes support fields without advancing that number.",src/api/decoders/question_pool_support.ts:83-95; schemas/base_schema/50_functions/question_pool_support.sql:106-131,src/api/http_client/question_pool_support.ts; src/components/question_pool_support_editor.tsx; schemas/base_schema/50_functions/question_pool_support.sql,See finding C-01.,91f8cfb1ffdd2c480263bb40a1646c56666c643307fa28b94168eeeaaf9eb381,91f8cfb1ffdd2c480263bb40a1646c56666c643307fa28b94168eeeaaf9eb381,31712ef8db50bb37e2affda385cb92454f65e11002cbb7aeed3715212816ab29,unchanged
src/api/decoders/question_star.ts,Browser contracts and components,M,good,full-source,"Star projection decoding is closed to count, viewer state, and display names, consistent with the self-service privacy boundary.",src/api/decoders/question_star.ts:47-116 decodeQuestionStarProjection and decodeStarredQuestionPage,src/api/question_star.ts; src/api/http_client/question_star.ts,List continuation remains outside this assigned change.,bbe4b573fa143ff5968442225f6c98aa4dc3f63dcd52e8bc5d70cbcbeccd3739,bbe4b573fa143ff5968442225f6c98aa4dc3f63dcd52e8bc5d70cbcbeccd3739,2aa02ce723de2ecc98fdf8a8098459952d8b2def5ca722f525a9106fe9223d88,unchanged
src/api/decoders/recognition_titles.ts,Browser contracts and components,A,good,full-source,decodeRecognitionTitles rejects unrequested or duplicate public IDs and constrains each result to a title.,src/api/decoders/recognition_titles.ts:7-49 decodeTitleItems and decodeRecognitionTitles,src/api/recognition_titles.ts; src/api/http_client/blueprint_course.ts,Static request/response audit.,04770cb20ea94fd8dfb75283b29ffdbb095b04bbc74cd776d347ab63204aa96c,04770cb20ea94fd8dfb75283b29ffdbb095b04bbc74cd776d347ab63204aa96c,1891682520c6325b087555ffbbf05b39d7e9dee256c4ec83d143f6a82572e455,unchanged
src/api/decoders/student_assessment_decision.ts,Browser contracts and components,M,good,full-source,decodeStudentAssessmentDecision uses a closed answer-free server decision DTO and validates IANA display zones before presentation.,src/api/decoders/student_assessment_decision.ts:37-140 decodeAccountTimeZone and decodeStudentAssessmentDecision,src/components/student_assessment_presentation.tsx,No browser rendering.,bd8556944df2c534552a3902d2b4cfcaa641cc714727365b87b4bc4714c15ec7,bd8556944df2c534552a3902d2b4cfcaa641cc714727365b87b4bc4714c15ec7,3363c4425df79fef680d1a290411a5add873acb2214bc45d5fe25f690c2ea9c8,unchanged
src/api/decoders/student_course_response_stats.ts,Browser contracts and components,M,good,full-source,decodeStudentCourseResponseStats rejects unexpected response statistics fields and keeps returned aggregates typed.,src/api/decoders/student_course_response_stats.ts:141-260 decodeStudentCourseResponseStats,src/pages/student_course_response_stats_page.tsx,Static only.,43c4db5b6d4398b5926060eee618d7711a187890c9644b03d1d60bf744a68d20,43c4db5b6d4398b5926060eee618d7711a187890c9644b03d1d60bf744a68d20,d0fef7698873d8329591ac4919851715a12ba859ae7caff74461fa71706fb070,unchanged
src/api/http_client.ts,Browser contracts and components,M,good,full-source,createHttpApiClient is the sole browser composition point and includes the newly distinct capability factories rather than bypassing decoders.,src/api/http_client.ts:63-176 createHttpApiClient,src/api/client.ts; src/api/http_client/question_pool_support.ts,No live composition run.,84fdf7a2048ba172f88367cc736fc4b35fad39d51729800b9a1201a2946880b5,84fdf7a2048ba172f88367cc736fc4b35fad39d51729800b9a1201a2946880b5,083e20f16049730d02757e16fbd1e59e3e461d04baf7a97932dfac8ff34c26e6,unchanged
src/api/http_client/blueprint_course.ts,Browser contracts and components,M,good,full-source,loadRecognitionTitles batches IDs and decodes each response against that exact batch before merge.,src/api/http_client/blueprint_course.ts:410-443 loadRecognitionTitles,src/api/decoders/recognition_titles.ts; src/api/recognition_titles.ts,No endpoint execution.,1c22183c7a4d20da19a8d2c9cdb225ff2dbf575ebe513aa82c19a18b40ffede4,1c22183c7a4d20da19a8d2c9cdb225ff2dbf575ebe513aa82c19a18b40ffede4,3ffe60395ce39a85d73e63191995101bdc807321b9d10b337c8d3cdf3bd7b5b2,unchanged
src/api/http_client/content_classification.ts,Browser contracts and components,M,bad,full-source+consumer trace,"createContentDisciplineAdministrationClient issues createDiscipline and resolveDisciplineRequest as independent HTTP calls, preserving the unatomic fulfillment split.",src/api/http_client/content_classification.ts:191-239; src/components/discipline_request.ts:48-54,src/pages/content_disciplines_page.tsx; crates/server/src/content_classification.rs,See finding C-02.,bd06629caad7e9493abe19afcf1821bbd3eef895e4941e2a7b99c39ffe9ca8e4,bd06629caad7e9493abe19afcf1821bbd3eef895e4941e2a7b99c39ffe9ca8e4,2c4098941cb77c15a4fd0d6f2b4d914cc0aae98b1f7a9c5612afa557ebfb8e9a,unchanged
src/api/http_client/course_instance.ts,Browser contracts and components,M,good,full-source,installationCoursePath validates canonical Course IDs and search sends nonempty queries in JSON rather than a URL.,src/api/http_client/course_instance.ts:48-70 and 221-246,src/api/decoders/course_instance.ts; src/api/course_instance.ts,Static transport review.,8bb5e91088b4936d2821516a9d07a2579ff470a80e25521bf5a038ef3103adfb,8bb5e91088b4936d2821516a9d07a2579ff470a80e25521bf5a038ef3103adfb,6fb1fa799a2f86b895fe7070dbe7a22614e683e625891eba12e0166577a10e5a,unchanged
src/api/http_client/instructor_account.ts,Browser contracts and components,M,good,full-source,createInstructorAccountClient validates DTOs and routes lifecycle mutation through the scoped Sysadmin endpoints.,src/api/http_client/instructor_account.ts:77-180 createInstructorAccountClient,src/api/decoders/instructor_account.ts; src/api/instructor_account.ts,No endpoint run.,951f56903be66bcf94499495aff99cb734020e79902d7668bb6db88dc3c4cd09,951f56903be66bcf94499495aff99cb734020e79902d7668bb6db88dc3c4cd09,8d844059497266ff1c523c350a466a65a570cab360db85e1851c179c263eac7b,unchanged
src/api/http_client/question_pool_creation.ts,Browser contracts and components,M,good,full-source,"requestMembers requires an attestation, bounded nonempty exact revision selection, and rejects duplicate revision tuples.",src/api/http_client/question_pool_creation.ts:25-117 requestMembers and createQuestionPool,src/api/question_pool_creation.ts; src/api/decoders/shared.ts,Server creation path read only indirectly.,a4d5b614348e4ba945cf72037bb74f5a717baa9e53b22285ab8d7131886f902f,a4d5b614348e4ba945cf72037bb74f5a717baa9e53b22285ab8d7131886f902f,9c08d9dcd56741de6f6ce276b7b6ab657783855024f4b03f8c5f8d4c22e4dc32,unchanged
src/api/http_client/question_pool_search_metadata.ts,Browser contracts and components,A,bad,full-source+SQL trace,"exactOrderedIdSet verifies identity/order, but cannot detect a concurrent metadata overwrite because the returned Edit Number is unchanged by the SQL writer.",src/api/http_client/question_pool_search_metadata.ts:17-63; schemas/base_schema/50_functions/question_pool_search_metadata.sql:120-162,src/api/decoders/question_pool_search_metadata.ts; src/components/question_pool_search_metadata_editor.tsx,See finding C-01.,f1ee6f03e9dfe262eb397ff65eeb623c3cfbc430621281934b60fd46df952333,f1ee6f03e9dfe262eb397ff65eeb623c3cfbc430621281934b60fd46df952333,4c2c61ad1830e1ea5bc245559d7f0499d37325022d43b996d59d8f73e2ce7dbe,unchanged
src/api/http_client/question_pool_support.ts,Browser contracts and components,A,bad,full-source+SQL trace,samePool verifies identity only; it reports a successful full replacement after SQL has accepted the old member-list version unchanged.,src/api/http_client/question_pool_support.ts:23-58; schemas/base_schema/50_functions/question_pool_support.sql:115-131,src/api/decoders/question_pool_support.ts; src/components/question_pool_support_editor.tsx,See finding C-01.,d81e9c4734cf2df904a4658a7cf81784bd53472b0b7774d9bb70f4a8baf36f2a,d81e9c4734cf2df904a4658a7cf81784bd53472b0b7774d9bb70f4a8baf36f2a,6d41e1f0b03b56b75111bf11bbd55bdf8071124b3a98f517fdae1145f5893248,unchanged
src/api/http_client/question_star.ts,Browser contracts and components,M,good,full-source,requestStar and requestStarredQuestions require no-store and decode the narrow star projection before caller use.,src/api/http_client/question_star.ts:19-59,src/api/decoders/question_star.ts; src/api/question_star.ts,Static only.,ca4a4ac914b413434ef43d27ed5358f3c2736f871de3028fc3852b0aaa16a7f8,ca4a4ac914b413434ef43d27ed5358f3c2736f871de3028fc3852b0aaa16a7f8,ab6084fbd59c256bfcdc055831a6c013f556582c084cca02bd53dcb3ae91e07c,unchanged
src/api/instructor_account.ts,Browser contracts and components,M,good,full-source,"InstructorAccountSummary deliberately exposes only ID, lifecycle state, sign-in time, and nullable avatar ID.",src/api/instructor_account.ts:17-32,src/api/decoders/instructor_account.ts,Static privacy scope.,2b388091fd5cbeb9f2c46abfe85c830f72743707295c819fcf6ea81ff612aefb,2b388091fd5cbeb9f2c46abfe85c830f72743707295c819fcf6ea81ff612aefb,e867cb14143a6785ec46fa3b0f823dd2d40c4f1cc9ae78adc7a7414701c9f2aa,unchanged
src/api/library_watch_notification.ts,Browser contracts and components,M,good,full-source,The notification union excludes watcher and actor identity while retaining only target and retained activity facts needed for a self inbox.,src/api/library_watch_notification.ts:7-47,src/api/decoders/library_watch_notification.ts,Static privacy scope.,785f9896e519195c4619da56a80b3cbb71247d4fa43982be6a5387a9f5c13b68,785f9896e519195c4619da56a80b3cbb71247d4fa43982be6a5387a9f5c13b68,759b8701fbfe35682a1ea9f64b3f314c6d62b6e5a387450bd21cb2592cf1badb,unchanged
src/api/question_bulk_metadata.ts,Browser contracts and components,M,good,full-source,"QuestionBulkMetadataPatch explicitly owns shared current metadata and selection edit numbers, keeping title/description optional rather than silently rewriting them.",src/api/question_bulk_metadata.ts:7-39,src/api/decoders/question_bulk_metadata.ts; src/components/question_bulk_metadata_editor.tsx,Static only.,522ffc4233c6d81b6066cd13c484f4882ba11e8f705360319cec08c04157bcdb,522ffc4233c6d81b6066cd13c484f4882ba11e8f705360319cec08c04157bcdb,dc16be739bdb5194d42c7d6a72cbbdc5185ecad915b76559d9eecd7f8e12e11e,unchanged
src/api/question_pool_creation.ts,Browser contracts and components,M,good,full-source,CreateQuestionPoolInput makes tags optional and requires a true interchangeability attestation; CreatedQuestionPool is server-issued.,src/api/question_pool_creation.ts:6-24,src/api/http_client/question_pool_creation.ts,Static only.,a5ece20ba70937a45af41eb09b5e205328940155fdfd47e21c8c635fff2402ae,a5ece20ba70937a45af41eb09b5e205328940155fdfd47e21c8c635fff2402ae,51bb23c738dbf67fbb959043ba2b7e6d47724a6447f12b82dd3f8d2e18ffe00c,unchanged
src/api/question_pool_search_metadata.ts,Browser contracts and components,A,bad,full-source+SQL trace,The contract calls QuestionPoolEditNumber an update precondition even though its writer defines it as member-list-only and does not advance it for this mutation.,src/api/question_pool_search_metadata.ts:14-33; crates/learning-data-access/src/question_pool_bulk_metadata.rs:14-20; schemas/base_schema/50_functions/question_pool_search_metadata.sql:133-162,src/api/http_client/question_pool_search_metadata.ts; schemas/base_schema/50_functions/question_pool_search_metadata.sql,See finding C-01.,7fa5c6fb3ccc4dd2de2fefe4a628f8e35b724fadca2760f24e3bb42387956843,7fa5c6fb3ccc4dd2de2fefe4a628f8e35b724fadca2760f24e3bb42387956843,716eb811a0c5bd6f8756450969874795e8ceecc0bc2feae6d6883f98f8ad25d8,unchanged
src/api/question_pool_support.ts,Browser contracts and components,A,bad,full-source+SQL trace,"QuestionPoolPleManagedSupport returns the unchanged member-list version after a full support replacement, so its apparent optimistic concurrency is ineffective for support writers.",src/api/question_pool_support.ts:5-28; schemas/base_schema/50_functions/question_pool_support.sql:106-131,src/api/http_client/question_pool_support.ts; src/components/question_pool_support_editor.tsx,See finding C-01.,fd0d2c4e04cf710a724058520dd0a477b6b36e4e4979d5ef12e8fdfc4c24ce32,fd0d2c4e04cf710a724058520dd0a477b6b36e4e4979d5ef12e8fdfc4c24ce32,271d5de5e505f92881e559ed6a7f1c18d38cc83bf4919f9b5d7a7fba2c1761c5,unchanged
src/api/question_star.ts,Browser contracts and components,M,good,full-source,"QuestionStarProjection documents and types only display names, count, and viewer star state; no profile reconstruction fields cross the browser boundary.",src/api/question_star.ts:5-42,src/api/decoders/question_star.ts; src/api/http_client/question_star.ts,Static privacy trace.,bc28ed80264a751a7e799cd0c76428914cb64af62ee8b993f5baf542e82a360d,bc28ed80264a751a7e799cd0c76428914cb64af62ee8b993f5baf542e82a360d,9002883846f0f5d40fa51c8bdfb845697e2aa62e87763536f0a0c88ee9cedc19,unchanged
src/api/recognition_titles.ts,Browser contracts and components,A,good,full-source,recognitionTitleBatches preserves separate Question and Pool batch limits while mergeRecognitionTitles has explicit incoming-current overwrite order.,src/api/recognition_titles.ts:11-45,src/api/http_client/blueprint_course.ts; src/api/decoders/recognition_titles.ts,Static only.,d055752583889d88883dc6ab2d50adbc116e814a7ed94ed37cc135706934827d,d055752583889d88883dc6ab2d50adbc116e814a7ed94ed37cc135706934827d,cce35571d7a2ec43f430089fb80b9bafd9d96be21ac8e5706aa0d5ac73a4b2a4,unchanged
src/assessment_duration.ts,Browser contracts and components,M,good,full-source,Minute UI helpers preserve non-whole-minute stored duration as an explicit error instead of fabricating a replacement value.,src/assessment_duration.ts:17-33 assessmentDurationOverrideMinutesDraft and assessmentDurationOverrideMinutesError,src/components/student_assessment_presentation.tsx,Legacy stored state not exercised.,40a8cbe250896a9b06b6a042970f034b94c2c7c1d37b2d6ec99bc5a9920b8e80,40a8cbe250896a9b06b6a042970f034b94c2c7c1d37b2d6ec99bc5a9920b8e80,9ccb3391963b062f78712a3208c28d0c4e6b56b2a1c4c8ce29c01747c689995e,unchanged
src/assessment_type_presentation.ts,Browser contracts and components,M,good,full-source,"ASSESSMENT_TYPE_PRESENTATIONS satisfies generated AssessmentType values, so a new canonical type cannot silently lack a label/icon mapping.",src/assessment_type_presentation.ts:22-73,generated/api/AssessmentType.ts,Static TypeScript guarantee.,18d0835c9f6d8679e2dc0e3f33ed9b25db3c4c617b1b9c679b0ebb4eb692123f,18d0835c9f6d8679e2dc0e3f33ed9b25db3c4c617b1b9c679b0ebb4eb692123f,8c6d551297e529dde0cf923918bb1f2d9bd725edce17bc86144055166b8a1aa1,unchanged
src/auth/session_context.tsx,Browser contracts and components,M,good,full-source,createSessionBootstrap uses operationRevision to prevent stale retries or logout completions from overwriting the newest session boundary.,src/auth/session_context.tsx:31-75,src/main.tsx,Concurrent HTTP behavior not executed. Reviewer cross-references not resolved to current files: src/api/http_client/session.ts. These references are not verified trace evidence.,a29318c819c33d4d7b91237970417a76e108753be28ec8563ea37ae543e20a54,a29318c819c33d4d7b91237970417a76e108753be28ec8563ea37ae543e20a54,2e509855b0dfcb2b4f84aa48cdaf75a1b3dd6a51840d48d26dccf4f6ed54851c,unchanged
src/components/authoring_classification_level.tsx,Browser contracts and components,A,bad,full-source,"create captures parentUuid before await but applies the result without checking current parent; offer omits origin parent and accept reads current parent. Parent changes can install stale children or redirect an association. Subject-specific offer text is currently reachable only for Subject, not Topic/Subtopic.",src/components/authoring_classification_level.tsx:35-81; src/components/course_classification_fields.tsx:39-91; src/components/question_bulk_metadata_editor.tsx:425-463,src/components/course_classification_fields.tsx; src/components/content_classification_select.tsx; src/features/ple_question_json_authoring/question_json_editor_workspace.tsx; src/components/question_bulk_metadata_editor.tsx; schemas/base_schema/20_tables/course_instance.sql,"Two static traces confirm missing context guard; composite FKs contain invalid persisted combinations, and no browser was run.",a5fc00278e2b091a56a153dc074422762dd48f1bc9ff28ede8378c48df5c59fe,a5fc00278e2b091a56a153dc074422762dd48f1bc9ff28ede8378c48df5c59fe,3267cd9358aded169ce081e07662c65985f3f8db40c46df32822e6f502d791dc,unchanged
src/components/bloom_classification.css,Browser contracts and components,M,neutral,full-source scoped CSS,Changed Bloom classification selectors are presentation-only; no API or disclosure state is encoded in CSS.,src/components/bloom_classification.css:1-90,src/components/authoring_classification_level.tsx,Visual rendering not run.,e91d35ca81a9a4f2ca48775cd22af5b0256cca8ec9499633b19e1e54dbe31701,e91d35ca81a9a4f2ca48775cd22af5b0256cca8ec9499633b19e1e54dbe31701,8bb07d35edc912da00713e9370fb51d4a4172eb23c8419e68a815c37ce360bf2,unchanged
src/components/content_classification_select.css,Browser contracts and components,M,neutral,full-source scoped CSS,Selector rules support ContentClassificationSelect layout only and do not introduce semantic visibility state.,src/components/content_classification_select.css:1-70,src/components/content_classification_select.tsx,Visual rendering not run.,dce2743c99eccd548ba8985b819e775c1aebed2d8178aa87dc5f44d2ef20796d,dce2743c99eccd548ba8985b819e775c1aebed2d8178aa87dc5f44d2ef20796d,a2137ed863704153ce6282554f02bc578c510560e65fddbb446ed2c07c766cb7,unchanged
src/components/content_classification_select.tsx,Browser contracts and components,M,good,full-source,"ContentClassificationSelect keeps parent UUID loading and selected UUID callback distinct, avoiding name-based classification ownership.",src/components/content_classification_select.tsx:8-102,src/components/course_classification_fields.tsx; src/api/content_classification.ts,No async list run.,78704373c6e29afc9d050d0315e09100ca418c57702a860e75a2f83f6d5b2851,78704373c6e29afc9d050d0315e09100ca418c57702a860e75a2f83f6d5b2851,6ccd4ed8afcb3329ef93d0dc3823153aa153511210dc8bb604ec5763f8329f03,unchanged
src/components/course_classification.css,Browser contracts and components,M,neutral,full-source scoped CSS,Course classification CSS is visual-only and has no mutation or access-control claim.,src/components/course_classification.css:1-100,src/components/course_classification_fields.tsx,Visual rendering not run.,3e8647e4f7d3343da5d024c449c7a44d8dd133ef811c6adb78223a4faaa80d28,3e8647e4f7d3343da5d024c449c7a44d8dd133ef811c6adb78223a4faaa80d28,671968e4653c09048f85c6a73dc27d8e11d4e2a7396aa4f08623419afac8d489,unchanged
src/components/course_classification_fields.tsx,Browser contracts and components,M,good,full-source,"CourseClassificationFields carries UUID drafts and calls the classification client by parent identity, retaining hierarchy ownership on the server.",src/components/course_classification_fields.tsx:12-230,src/components/authoring_classification_level.tsx; src/api/decoders/course_classification.ts,Static only.,831f42a7c227ea511ece4a44d8ab2b39070541f811e67babdfc13e7d78238223,831f42a7c227ea511ece4a44d8ab2b39070541f811e67babdfc13e7d78238223,13af119d07d3a1df781fbff078b2c5f019a0b35750a46677d3228b6f4d984f2f,unchanged
src/components/course_classification_summary.tsx,Browser contracts and components,M,good,full-source,CourseClassificationSummary presents supplied names and does not construct classification IDs or mutate hierarchy state.,src/components/course_classification_summary.tsx:8-68,src/components/course_classification_fields.tsx,Static only.,3b1f7822067cf317d69f04e5ad9ad7d265443e6bbd32cba083042d94427410f6,3b1f7822067cf317d69f04e5ad9ad7d265443e6bbd32cba083042d94427410f6,b2ba12d47e6b55e442a56c215546adf1e5518c6c0aab0b3b87d28d27855f3e73,unchanged
src/components/course_student_work_recovery.tsx,Browser contracts and components,M,good,full-source,"archivedAttemptVisibleFacts deliberately maps the recovery DTO to limited visible facts, leaving protected response content outside the component.",src/components/course_student_work_recovery.tsx:68-180,src/api/course_student_work_recovery.ts; crates/server/src/course_retention_worker.rs,No recovery operation run.,b7261222a89cda978ec35d7787661a2fca920966551a41840d87a68ad687b945,b7261222a89cda978ec35d7787661a2fca920966551a41840d87a68ad687b945,0bbfe0dff112da5d3b5f9e72c12d2826636eb824b562aecdc70ad6455fba515b,unchanged
src/components/discipline_request.ts,Browser contracts and components,A,bad,full-source+caller trace,createDisciplineFromRequest creates first and resolves second; an error after the first await leaves durable created content and an open request while the caller reports total failure.,src/components/discipline_request.ts:47-54; src/pages/content_disciplines_page.tsx:66-80,src/api/http_client/content_classification.ts; crates/server/src/content_classification.rs,See finding C-02.,8ad099f34181b79a23cc4becaffda9bcc4251ef495662ad3fb486e7ff6a47565,8ad099f34181b79a23cc4becaffda9bcc4251ef495662ad3fb486e7ff6a47565,4afe4a655172780c55c92eca7d51dc020a16ae210ac6add83e4179277b4a8e31,unchanged
src/components/library_discussion_panel.tsx,Browser contracts and components,M,good,full-source,LibraryDiscussionPanel keeps submit/reply state per thread and renders server-projected discussion data rather than deriving authorship in the browser.,src/components/library_discussion_panel.tsx:18-260,src/api/library_discussion.ts; src/api/http_client/library_discussion.ts,No mutation execution.,7ed25abfd34e0c4de70edf88b4a07e5836264eb2b24154af97728ef11b242d2a,7ed25abfd34e0c4de70edf88b4a07e5836264eb2b24154af97728ef11b242d2a,d9ef08e5f0e595fb9bd3349dfa07afaef1eb20ac0cb590a3918345926e8c98df,unchanged
src/components/page_frame.css,Browser contracts and components,M,neutral,full-source scoped CSS,PageFrame CSS adjusts layout only; no route/session state is represented here.,src/components/page_frame.css:1-160,src/components/page_frame.tsx,Visual rendering not run.,3ab422cb789d8dce1d6a89b573937f0ce8a5ac4bf28e680a94bd7d42a77ab3da,3ab422cb789d8dce1d6a89b573937f0ce8a5ac4bf28e680a94bd7d42a77ab3da,efb746f9741a6f34713697354b2d22a4827ea8e6da0fb7941690ea1641956933,unchanged
src/components/question_bulk_metadata_editor.css,Browser contracts and components,M,neutral,full-source scoped CSS,Bulk editor CSS is display-only; update behavior remains in QuestionBulkMetadataEditor.,src/components/question_bulk_metadata_editor.css:1-170,src/components/question_bulk_metadata_editor.tsx,Visual rendering not run.,af0cf760617a41611c64b4ec56c90553fdc70b98ba2d7a6e83587769812625a5,af0cf760617a41611c64b4ec56c90553fdc70b98ba2d7a6e83587769812625a5,7d6523c256035e411a1cbd59c6ec37011162a357998790fb1a2e7270e2e7e9fa,unchanged
src/components/question_bulk_metadata_editor.tsx,Browser contracts and components,M,good,full-source,QuestionBulkMetadataEditor constructs an explicit patch and hands selection edit numbers to the dedicated client; it does not infer current metadata from labels.,src/components/question_bulk_metadata_editor.tsx:169-410,src/api/decoders/question_bulk_metadata.ts; src/api/http_client/question_bulk_metadata.ts,Static only.,94012a86de74df395705621e8fcf1719013e65df855497c59d2bf95780a11105,94012a86de74df395705621e8fcf1719013e65df855497c59d2bf95780a11105,8bfb67c576358405aaf86ebd1fba540d98b7d23eea7cabff701bb145338c9337,unchanged
src/components/question_pool_create_dialog.css,Browser contracts and components,M,neutral,full-source scoped CSS,Question Pool dialog CSS is presentation-only.,src/components/question_pool_create_dialog.css:1-80,src/components/question_pool_create_dialog.tsx,Visual rendering not run.,15f1014e7a0b85cf3fd62ec9d2842d6b9205469a0a890a5b7259f2e88da48574,15f1014e7a0b85cf3fd62ec9d2842d6b9205469a0a890a5b7259f2e88da48574,de9aae247afa117d4f14a95ce6a158fbff5ddc5a3973affa11e99375b00a2ec1,unchanged
src/components/question_pool_search_metadata_editor.tsx,Browser contracts and components,A,bad,full-source+SQL trace,submit sends only the member-list edit number and then accepts unchanged results; the explanatory text accurately describes the invariant but exposes the lost-update design.,src/components/question_pool_search_metadata_editor.tsx:153-193; schemas/base_schema/50_functions/question_pool_search_metadata.sql:120-162,src/api/http_client/question_pool_search_metadata.ts; src/api/decoders/question_pool_search_metadata.ts,See finding C-01.,71f5b47a92ed1e8b8f3574933c8f2d04bcdd89cbf5ddf576fca9a75606394133,71f5b47a92ed1e8b8f3574933c8f2d04bcdd89cbf5ddf576fca9a75606394133,9691b9a0384db852fa4d5300cee7261b685f661505f328660b142f1616c57a28,unchanged
src/components/question_pool_star_control.css,Browser contracts and components,A,neutral,full-source scoped CSS,Star control CSS does not carry identity data or mutation logic.,src/components/question_pool_star_control.css:1-70,src/components/question_pool_star_control.tsx,Visual rendering not run.,7338e1bc859d30a6aa7d2b43f60f7b4bea18de63282ad88697efdac1b11a1f36,7338e1bc859d30a6aa7d2b43f60f7b4bea18de63282ad88697efdac1b11a1f36,6aa8aaf9d6ffa66b14910323dec17ec19300e0c94763018d58dd3bdae3ba9148,unchanged
src/components/question_pool_star_control.tsx,Browser contracts and components,A,good,full-source,QuestionPoolStarControl presents only the supplied display-name projection and delegates mutation to QuestionStarClient.,src/components/question_pool_star_control.tsx:20-120,src/api/question_star.ts; src/api/http_client/question_star.ts,Static privacy trace.,d49cb6d3c11c9ff6f615ffee2b6a6cc1dd96021323c6ffe4ef90652be7825b06,d49cb6d3c11c9ff6f615ffee2b6a6cc1dd96021323c6ffe4ef90652be7825b06,b7a06859701dafa286ecbc82c4376e09d13835a0b6101363b1cdb7be19f1cfb3,unchanged
src/components/question_pool_support_editor.tsx,Browser contracts and components,A,bad,full-source+SQL trace,"save treats a returned unchanged Pool edit number as a fresh concurrency state and says saved, although another support writer using that same version can overwrite it.",src/components/question_pool_support_editor.tsx:43-69; schemas/base_schema/50_functions/question_pool_support.sql:106-131,src/api/http_client/question_pool_support.ts; src/api/decoders/question_pool_support.ts,See finding C-01.,a13017b0936cf8c53126cdff150ced34bcc20b57c137adc4c6f235369d407f39,a13017b0936cf8c53126cdff150ced34bcc20b57c137adc4c6f235369d407f39,6864e354608095e6bae5d6826cf8c8787e633278cef3e8c9d6148d2a59335fb0,unchanged
src/components/question_response_control_styles.ts,Browser contracts and components,M,neutral,full-source scoped CSS string,QUESTION_RESPONSE_CONTROL_STYLES only defines reusable presentation tokens; response persistence remains in control components.,src/components/question_response_control_styles.ts:3-210,src/components/question_response_controls/question_response_control.tsx,Visual rendering not run.,3bd7149224707d601cfd15602de99fad2c9af51a681fa1368c230dc9e95f866a,3bd7149224707d601cfd15602de99fad2c9af51a681fa1368c230dc9e95f866a,71d27bcf66b9ff90eafa855477f79f8b8fe023ae36ec91cd916d77bdf3c04bbf,unchanged
src/components/question_response_controls/common.tsx,Browser contracts and components,M,good,full-source,"Response control common state distinguishes save, formatOnly, saving, saved, and error rather than claiming a browser save succeeded before its callback resolves.",src/components/question_response_controls/common.tsx:28-180,src/components/question_response_controls/question_response_control.tsx,No callback execution.,af50526cef9f78ccae52bd794e6bb13b037bf39c804c80633133e78c167154c3,af50526cef9f78ccae52bd794e6bb13b037bf39c804c80633133e78c167154c3,e4f6c02d8b7e2819cf72593d4a37cff5d3cefa2102fca6956c3b2cffbe25e504,unchanged
src/components/question_response_controls/matching.tsx,Browser contracts and components,M,good,full-source,MatchingResponse works through the shared response-control contracts and does not introduce a separate persistence path.,src/components/question_response_controls/matching.tsx:52-250,src/components/question_response_controls/common.tsx; src/components/question_response_controls/question_response_control.tsx,Static only.,895b17ccfb5cece019ebfdcd62ef7ea9d8fb24934eab59ceefc03a7485b54e60,895b17ccfb5cece019ebfdcd62ef7ea9d8fb24934eab59ceefc03a7485b54e60,7a954ad01baa8e983c27d2ba757f1ce8029ac28d9b685f3e1705ef5e95094380,unchanged
src/components/question_response_controls/question_response_control.tsx,Browser contracts and components,M,good,full-source,QuestionResponseControl dispatches response formats through typed child controls while retaining the caller-owned save/formatOnly mode.,src/components/question_response_controls/question_response_control.tsx:39-240,src/components/question_response_controls/common.tsx; src/components/question_response_controls/matching.tsx,No UI run.,92a4bba5897c388c880e51c4d83411bfdafbd279d097a6ecf421193530c3bdf0,92a4bba5897c388c880e51c4d83411bfdafbd279d097a6ecf421193530c3bdf0,6b13aefd7f38f935f462ab3d36fe6048ff0c595b273cc39db6493ddf1298f033,unchanged
src/components/record_list/record_family.css,Browser contracts and components,M,neutral,full-source scoped CSS,Record-family selectors are visual grouping only.,src/components/record_list/record_family.css:1-80,src/components/record_list/record_sequence.tsx,Visual rendering not run.,f5cdd7f5b3f303a19756074d009573d8efe312366d58e4784925b405cb256425,f5cdd7f5b3f303a19756074d009573d8efe312366d58e4784925b405cb256425,32ce93b08cae409c65a2d837f8cce992bb1d82c0aac0d5f5aa50293da2afe14b,unchanged
src/components/record_list/record_list.css,Browser contracts and components,M,neutral,full-source scoped CSS,Record-list CSS does not own record order or persistence state.,src/components/record_list/record_list.css:1-170,src/components/record_list/record_sequence.tsx,Visual rendering not run.,2ad85a155d1dcf60a6e49061000ab14a8ccf5319d617eb8a4368acfd8115e6e8,2ad85a155d1dcf60a6e49061000ab14a8ccf5319d617eb8a4368acfd8115e6e8,807b5637a78bb2ba85c0d80b6f7b2f2b9705fbdb5d7c7d981150479fe57c3777,unchanged
src/components/record_list/record_list_reorder.tsx,Browser contracts and components,M,good,full-source,nativeDragDestinationIndex and reorderedRecordListRows operate on caller-provided IDs; durable order ownership stays with the controlled caller.,src/components/record_list/record_list_reorder.tsx:29-180,src/components/record_list/record_sequence.tsx,Drag event behavior not run.,6a9555ac6367c623054d524d19ad408dce66a193014a1a7b2ef33c2ca279a8f3,6a9555ac6367c623054d524d19ad408dce66a193014a1a7b2ef33c2ca279a8f3,110d114e4271e7c81539f49f8c3010ac7f95012bde2e41527b543a62bc9a4b00,unchanged
src/components/record_list/record_sequence.tsx,Browser contracts and components,M,good,full-source,requestMove waits for caller-controlled rows to reflect the accepted order before announcing and focusing the moved record.,src/components/record_list/record_sequence.tsx:20-101,src/components/record_list/record_list_reorder.tsx,Async parent update not exercised.,0b05d82a5af273c854e59578eb468f71963e293df102e96ca398923acb14c039,0b05d82a5af273c854e59578eb468f71963e293df102e96ca398923acb14c039,c548aa688117572026ba6b20c77450e13093a136f8daee58eb9ada9b385306f4,unchanged
src/components/student_assessment_attempt_navigation.tsx,Browser contracts and components,M,good,full-source,"StudentAssessmentAttemptNavigation receives answer-free positions only and disables closed positions; it does not receive Question IDs, titles, or responses.",src/components/student_assessment_attempt_navigation.tsx:20-68 and 119-203,src/components/student_assessment_attempt_navigation_model.ts; src/pages/assessment_attempt_page.tsx,Responsive measurement not run.,c6469c51cc7cef2207f0846ff1be6c82d508584e2d7c117ae2c767605147ef77,c6469c51cc7cef2207f0846ff1be6c82d508584e2d7c117ae2c767605147ef77,1871da9e76bef79965aa4b94fddcd8ef98294d325fc7e6adcdd722323b84b882,unchanged
src/components/student_assessment_presentation.css,Browser contracts and components,M,neutral,full-source scoped CSS,Assessment presentation CSS supplies visual state classes only; access decision remains server-projected.,src/components/student_assessment_presentation.css:1-220,src/components/student_assessment_presentation.tsx,Visual rendering not run.,8059d69fd96a1870703dba5937da82000647ed96f7333d86ef5ba39a1fea8622,8059d69fd96a1870703dba5937da82000647ed96f7333d86ef5ba39a1fea8622,54ca0467c4fc54940212f00d765999120a84c1216885e203a7185396a00062c3,unchanged
src/components/student_assessment_presentation.tsx,Browser contracts and components,M,good,full-source,StudentAssessmentDecisionDetails formats server-supplied start decision and timing facts without recomputing access permission.,src/components/student_assessment_presentation.tsx:112-179 and 182-220,src/api/decoders/student_assessment_decision.ts; src/student_progress.ts,No rendered review.,5b08ad8b4fcb2c242554e18964bef232fe3c6a065d0cb7fdf675b806508017f7,5b08ad8b4fcb2c242554e18964bef232fe3c6a065d0cb7fdf675b806508017f7,66bd44a7bfb14f67253e8e34d476401565985cf0ca352d6599eb0f7fe22b86de,unchanged
src/components/sysadmin_course_creation.ts,Browser contracts and components,A,good,full-source,submitSysadminCourseCreation validates the draft but sends a typed CreateCourseInstanceInput; it documents that the creation receipt does not grant Sysadmin membership.,src/components/sysadmin_course_creation.ts:32-95,src/api/decoders/course_instance.ts; src/components/sysadmin_course_creation_form.tsx,No create request run.,14ee9830b4a203710c12586b7779f653201a62efda1ce0d3d47e0cf9891fec57,14ee9830b4a203710c12586b7779f653201a62efda1ce0d3d47e0cf9891fec57,5b492e482f47b48ba37c1e855edebee393b52a98b209a6f77c64ad73b81c5cbc,unchanged
src/components/sysadmin_course_creation_form.tsx,Browser contracts and components,A,good,full-source,The form loads eligible instructor selection separately and delegates durable create semantics to submitSysadminCourseCreation.,src/components/sysadmin_course_creation_form.tsx:20-250,src/components/sysadmin_course_creation.ts; src/api/course_instance.ts,No async load run.,ac067910c55abec20ecd06cf13604cf2d6e288d9660791ac56f16e69e6daab14,ac067910c55abec20ecd06cf13604cf2d6e288d9660791ac56f16e69e6daab14,9469f109cd86008802aec32be570f2ccba8713b4d252df4520c53fdcba3fb103,unchanged
src/format_datetime.ts,Browser contracts and components,M,good,full-source,createDisplayDateTimeFormatter requires an IANA zone caller and formatLocalWallClockDateTime preserves zone-free server wall-clock values.,src/format_datetime.ts:4-52,src/selected_display_zone.ts; src/components/student_assessment_presentation.tsx,Locale output not rendered.,19808a2fda36e93da86d5a7606b518f20e5feddd81a3e42751db96579c72529d,19808a2fda36e93da86d5a7606b518f20e5feddd81a3e42751db96579c72529d,6e0c48d3c525376568bc9afe60e31091c97f5d17c26523d045ddbe2d8e71681b,unchanged
src/log.ts,Browser contracts and components,M,good,full-source,log centralizes browser diagnostics and redacts error shape through controlled formatting rather than exporting raw application state.,src/log.ts:22-95 log,src/main.tsx,Logging sink not exercised.,a09cd48fb67950cce5f509d5d55ca0160538a5fde3d50c1c2214f2325e4f86da,a09cd48fb67950cce5f509d5d55ca0160538a5fde3d50c1c2214f2325e4f86da,1410b718e5776104bf6ab7b9a7f65eb59c504d6dd5292af63c99b18c7a169cf2,unchanged
src/main.tsx,Browser contracts and components,M,good,full-source,The composition root installs session and application providers once; route components consume injected browser capabilities rather than constructing their own.,src/main.tsx:1-120 application composition,src/auth/session_context.tsx; src/routes.ts,No browser startup.,fde4a34361ab75f1e0a95da0c928d52a59c158333995bc108db016167b5afdad,fde4a34361ab75f1e0a95da0c928d52a59c158333995bc108db016167b5afdad,b394d58e1b1df27a78ed27b30870324a99388d2d3aec1107b9f5aa4ee3b2b0e6,unchanged
src/ribbon/app_ribbon.css,Browser contracts and components,M,neutral,full-source scoped CSS,Ribbon CSS is presentation-only and does not select route capability state.,src/ribbon/app_ribbon.css:1-250,src/ribbon/app_ribbon.tsx,Visual rendering not run.,365a4dd33e8c3dc20c5a93338e722034d9c1ad2220a32b7f5ce29219910636aa,365a4dd33e8c3dc20c5a93338e722034d9c1ad2220a32b7f5ce29219910636aa,a374084f79a9563945a40712c0a5b48569a7832c4169615e6743d3b880416b43,unchanged
src/ribbon/app_ribbon.tsx,Browser contracts and components,M,good,full-source,AppRibbon derives visible controls from supplied route/session props and does not use ribbon visibility as authorization.,src/ribbon/app_ribbon.tsx:43-380,src/ribbon/ribbon_contract.ts; src/route_access_boundary.tsx,Static route trace.,0f99405f1e77d988623b378771987dd60ff650fd3b71b1488205c54d76bb8bac,0f99405f1e77d988623b378771987dd60ff650fd3b71b1488205c54d76bb8bac,661bb67514b75fdc861757e47fb5b3deea2cce02cffc1f915e708bc49964e489,unchanged
src/ribbon/capability_registry.ts,Browser contracts and components,M,good,full-source,Ribbon capability evidence preserves Checking versus Unavailable instead of treating a loading condition as denied capability.,src/ribbon/capability_registry.ts:15-230,src/ribbon/app_ribbon.tsx; src/ribbon/ribbon_catalog.ts,No capability refresh run.,8ad2899d9606270d68d32a0a93dab46dc6ae1c6a11f09df7260d291d73e7345d,8ad2899d9606270d68d32a0a93dab46dc6ae1c6a11f09df7260d291d73e7345d,3089f201c9bcb1266bc64f6485841e862813fa3076b803b7a16f95ee8944e4b7,unchanged
src/ribbon/ribbon_catalog.ts,Browser contracts and components,M,good,full-source,Ribbon catalog remains declarative presentation metadata and leaves route role checks to the route contract/access boundary.,src/ribbon/ribbon_catalog.ts:8-220,src/ribbon/ribbon_contract.ts; src/route_contract.ts,Static only.,35f7e5910cedd6a3421c07bf36c69189b47e7e4ca491fcb804752250de69b1c2,35f7e5910cedd6a3421c07bf36c69189b47e7e4ca491fcb804752250de69b1c2,e6e26d8c2a728a5f8f25c9aa3701eae8e60e8d3fb8ddf04f8d8b67246792371b,unchanged
src/ribbon/ribbon_contract.ts,Browser contracts and components,M,good,full-source,"RibbonRouteState distinguishes viewer identity, context labels, and breadcrumb source, avoiding generic route-string inference.",src/ribbon/ribbon_contract.ts:58-210,src/ribbon/app_ribbon.tsx; src/route_contract.ts,Static only.,845e24ada2529003ea0041976e646eaf6b0c2264cd5a8a0dde6f939e6ccc1064,845e24ada2529003ea0041976e646eaf6b0c2264cd5a8a0dde6f939e6ccc1064,cdabffeb125787a5516e6208e68bd47a68a7cc29aba1104e5e9a555fd81ca487,unchanged
src/route_contract.ts,Browser contracts and components,M,good,full-source,"routeContractForPathname fails closed for malformed or unknown paths and userRoleMayAccessRoute is explicit role metadata, not server authorization.",src/route_contract.ts:559-619,src/routes.ts; src/route_access_boundary.tsx,No router run.,070cb694747948ba7768114853a68bade5b7568c901a5309478a204b6b1a9ebb,070cb694747948ba7768114853a68bade5b7568c901a5309478a204b6b1a9ebb,18b80dac2d8827a3f28498925df0e117859f05596a3b7ae6638ab1b9fa587418,unchanged
src/routes.ts,Browser contracts and components,M,good,full-source,"appRoutes derives definitions from ROUTE_CONTRACT, so there is no second hand-maintained browser route path list.",src/routes.ts:70-136,src/route_contract.ts; src/route_access_boundary.tsx,Static composition.,f4e5d01149643d80a3f6dfe4efacc2b81111ce82c7d606c6fb4a6a14cd1c2782,f4e5d01149643d80a3f6dfe4efacc2b81111ce82c7d606c6fb4a6a14cd1c2782,74e2f8dd394e502fd27843b8f905903a84170c9085437a8f37d3095aba510e56,unchanged
src/selected_display_zone.ts,Browser contracts and components,A,good,full-source,useSelectedDisplayDateTimeFormatter obtains zone from Account appearance settings and emits an empty formatter only while settings are absent.,src/selected_display_zone.ts:8-20,src/format_datetime.ts; src/appearance/appearance_context.ts,No appearance load run.,cebd8dafb7bf7485722552cc40c119fff0df692ee3459b2f36477635f8e621dd,cebd8dafb7bf7485722552cc40c119fff0df692ee3459b2f36477635f8e621dd,af636d774c43bbe6c1c011c328b77f207dcb6947be0228b6499ffb2fd42f99e1,unchanged
src/student_progress.ts,Browser contracts and components,M,good,full-source,studentProgressSummary reports only server-derived score states and explicitly avoids policy inference.,src/student_progress.ts:8-38,src/components/student_assessment_presentation.tsx; generated/api/StudentAssessmentProgress.ts,Static only.,b033bafcb805655cbbbf4616874f2aedb87200acbd4f683ed72fe971fccd0ca1,b033bafcb805655cbbbf4616874f2aedb87200acbd4f683ed72fe971fccd0ca1,8586762dc5d84fbc4633ca78e9aaacebb4aa58a99cb2e64c6497d92919bdd4d8,unchanged
src/style.css,Browser contracts and components,M,neutral,full-source scoped CSS,Global style changes are presentation-only and introduce no browser/server contract state.,src/style.css:1-420,src/main.tsx,Visual rendering not run.,9423d252294d785adc93b5dca7cfeed2dee42bc7537344dedfc20e5adafc1f12,9423d252294d785adc93b5dca7cfeed2dee42bc7537344dedfc20e5adafc1f12,e76a884fac1a229f42ff931a027da272149cbb0f91ab398a572f90c24821e2ec,unchanged
src/wasm/context.tsx,Browser contracts and components,M,good,full-source,WasmRuntimeProvider retains the fallback facade boundary and tells users that server fallback may be slower while keeping normal work available.,src/wasm/context.tsx:15-79,src/wasm/index.ts; src/main.tsx,WASM startup not executed.,1f42531cede4366b90c24c5ad89961f71d1f8550cb2eccb748116a3dc4e1c522,1f42531cede4366b90c24c5ad89961f71d1f8550cb2eccb748116a3dc4e1c522,608787f3a73e6ae94e0f4e6f8e6ebc7fdf282f4a90f88994b74ef02ec114bf53,unchanged
