path,area,assessment,note,evidence,snapshot_sha256,final_sha256,baseline_diff_sha256,drift,checked_at_utc
crates/learning-data-access/src/assessment_delivery.rs,SQL and data access,good,"Adds a private course-class-analysis carrier and keeps the student JSON projection separate, so disclosure remains owned by delivery policy.","assessment_delivery.rs:76-95, 152-172",fae02664b9357b76307a888040b0e91740afe7693709e19883e98a875c6ccb0d,fae02664b9357b76307a888040b0e91740afe7693709e19883e98a875c6ccb0d,a237674254a597d1eab34da2946230fb4db1358f06550af5c04f2452d7eff24b,unchanged since capture,2026-10-01T03:19:20+00:00
crates/learning-data-access/src/assessment_release.rs,SQL and data access,good,Carries the current Question title solely for Instructor recognition alongside the exact immutable revision pin.,assessment_release.rs:219-226,da4cb2f0dcc4c36ce65216b88045c32435f5624051480b65576757e0e490c500,da4cb2f0dcc4c36ce65216b88045c32435f5624051480b65576757e0e490c500,b6e9faaf8dab64fa8606fa6fe021f7beb6a4dcb80048baf70bd7a060c87ab14e,unchanged since capture,2026-10-01T03:19:20+00:00
crates/learning-data-access/src/authentication_ceremony.rs,SQL and data access,neutral,"Adds a small passwordless-login method helper and unit proof. Login/email implementation is deferred, so no lifecycle judgment is made.",authentication_ceremony.rs:126-160,f2e81015c268f855347aaad784b512cf275d5c49ba2f0dad7bbfe9bcec531443,f2e81015c268f855347aaad784b512cf275d5c49ba2f0dad7bbfe9bcec531443,ca533071773cc98bc2f0fa4eaad73a1e8eca14339b47c6f41ebe827f8c683edf,unchanged since capture,2026-10-01T03:19:20+00:00
crates/learning-data-access/src/authentication_email.rs,SQL and data access,neutral,"Centralizes the .edu predicate rather than duplicating it. Email/login is deferred, so this is recorded without judging the product rule.","authentication_email.rs:66-78, 128-143",c3104386a818182cb813ecab0e80a7dcac559b9d2358df5d5143391f65d574ad,c3104386a818182cb813ecab0e80a7dcac559b9d2358df5d5143391f65d574ad,6ec09cf59a08a6995cfdfa6581dc7409c6960a2eaa15b8f1f5a1d50432a468ec,unchanged since capture,2026-10-01T03:19:20+00:00
crates/learning-data-access/src/blueprint_course.rs,SQL and data access,good,"Adds exact-tag discovery input and a bounded recognition-title store boundary; titles are current recognition data, not saved Blueprint content.","blueprint_course.rs:78-82, 512-573",bb2012c7abcad3b61fa7359f76d7586cb57ce607132df6e2bbc9bc1bff66c7bd,bb2012c7abcad3b61fa7359f76d7586cb57ce607132df6e2bbc9bc1bff66c7bd,e7615e2fb3c62175dbc59a69284b3107e2020f5d5397fa3b16a6e83d21d76ee6,unchanged since capture,2026-10-01T03:19:20+00:00
crates/learning-data-access/src/content_classification.rs,SQL and data access,refine,"The request record correctly excludes email/display name, but requested_by_account_id is String despite the canonical AccountId type; retain domain typing across the Rust boundary.","content_classification.rs:20-31, 97-121",5a6f4e4e0cd2d281b9e04eb3b745e52061b2c308ac99f1e7f1476c0053e38aa7,5a6f4e4e0cd2d281b9e04eb3b745e52061b2c308ac99f1e7f1476c0053e38aa7,656e87da710fe1d029ff91d2dab2f00acf0889ff94000ca4e75f730c7a398713,unchanged since capture,2026-10-01T03:19:20+00:00
crates/learning-data-access/src/contracts/store_error.rs,SQL and data access,good,"Diagnostic labels deliberately omit record payloads and identifiers, preserving a safe generic diagnostic boundary.",contracts/store_error.rs:29-50,c9498160f4f80f0793400bab0591ebe1e6a6549b1cf2cc893c8faf27681a83c3,c9498160f4f80f0793400bab0591ebe1e6a6549b1cf2cc893c8faf27681a83c3,2035e38f333e298579017c4138f3acf89b0a11a4d53145841e25b0318047e699,unchanged since capture,2026-10-01T03:19:20+00:00
crates/learning-data-access/src/course_roster.rs,SQL and data access,neutral,Introduces reset/restore store contracts and reuses one canonical institutional-email check. Login/invitation workflow is deferred and intentionally not assessed for completion.,"course_roster.rs:108-111, 133-204",084f2311a4f7bd0b137ffa1d69931c221c66c31ab6c20ba94fee6b038a170608,084f2311a4f7bd0b137ffa1d69931c221c66c31ab6c20ba94fee6b038a170608,70459facfb83c578a41f9b4b9256c178825d56f1e3d5dfec9d76e4f2c626c92b,unchanged since capture,2026-10-01T03:19:20+00:00
crates/learning-data-access/src/instructor_account.rs,SQL and data access,neutral,Adds a narrowly scoped serialized-input test for mandatory vetting evidence; no production behavior changed in this file.,instructor_account.rs:184-221,9b008f2b25b4dee9116b4d5db294e01a3400e8feb06e770ce1037b1d0a725355,9b008f2b25b4dee9116b4d5db294e01a3400e8feb06e770ce1037b1d0a725355,e8e45fc4adb8444c40a21b477780b0ce0019a1a86827759c152db9fed1378223,unchanged since capture,2026-10-01T03:19:20+00:00
crates/learning-data-access/src/lib.rs,SQL and data access,good,Re-exports the new boundaries without adding alternate ownership layers.,"lib.rs:54-57, 87-98, 159-168, 190-195, 286-294",b406d5b3c4f10dbff0930d2b40033e0480977ef486db3d1909a7142d1f67af5e,b406d5b3c4f10dbff0930d2b40033e0480977ef486db3d1909a7142d1f67af5e,61858884d2428da2bbfe7ffe5449aa653ef1795fb592cf35e60decb5b9f75eb3,unchanged since capture,2026-10-01T03:19:20+00:00
crates/learning-data-access/src/live_student_course_landing.rs,SQL and data access,good,Adds a current lineage title to course-local response-stat rows for recognition while retaining the exact revision tuple.,live_student_course_landing.rs:128-137,e8b7389eb9a29d3af009da9d6ab10d0806ffceeee023f81548e8f187cd1799de,e8b7389eb9a29d3af009da9d6ab10d0806ffceeee023f81548e8f187cd1799de,d0e55a781a2e121b347fb2677a5199776130231821ee362a227cd564fa277be6,unchanged since capture,2026-10-01T03:19:20+00:00
crates/learning-data-access/src/postgres/assessment_delivery_history.rs,SQL and data access,good,"Explicitly supplies no aggregate when the authorized history query has none, producing fail-closed class-statistics disclosure.",postgres/assessment_delivery_history.rs:117-140,530db166ca077361932ce014052f6fa60482e599e49c5231b73a853a2f2e49cc,530db166ca077361932ce014052f6fa60482e599e49c5231b73a853a2f2e49cc,1721e4d6592ab5426b4eb3193b20c3ad2e505c1ba7865e46ff870a32822f3c8a,unchanged since capture,2026-10-01T03:19:20+00:00
crates/learning-data-access/src/postgres/assessment_release.rs,SQL and data access,good,Decodes the newly selected current title from the existing workspace projection.,postgres/assessment_release.rs:616-625,ffd29217cb59d3b6e5e8bf35e4d1579f5755572a40efe4caff77713e60bda923,ffd29217cb59d3b6e5e8bf35e4d1579f5755572a40efe4caff77713e60bda923,8776ebd30cd5a0b333147e4d2c60d4ec2f3e40c4623b3ce592b73d163336a240,unchanged since capture,2026-10-01T03:19:20+00:00
crates/learning-data-access/src/postgres/blueprint_course.rs,SQL and data access,good,Extracts newly-added-Assessment logic to its owning adoption module and delegates title recognition to a focused submodule.,"postgres/blueprint_course.rs:19-31, 99-106, 252-266",866aa3a70afc1eb3bc2a10891968cbbc7403f3c2f190bb7d96e6a6c50d4d4918,866aa3a70afc1eb3bc2a10891968cbbc7403f3c2f190bb7d96e6a6c50d4d4918,4ebde648c185e0baaa09c70a40aa374ece34e9c0ea627e7f2a8ce231e4006580,unchanged since capture,2026-10-01T03:19:20+00:00
crates/learning-data-access/src/postgres/blueprint_course/recognition.rs,SQL and data access,good,"Uses bounded, unique ID arrays; SQL authorizes the session; decoder rejects unexpected kinds, duplicates, invalid IDs, and malformed titles.",postgres/blueprint_course/recognition.rs:15-129,67f6a42bc0138ff5331257b7ef55aa98ca73aaae6eb191f18e23bbaebcb14539,67f6a42bc0138ff5331257b7ef55aa98ca73aaae6eb191f18e23bbaebcb14539,b84c9013f69a9904b57db0b02a6b47b6507f99a455ddc503d4090d52d30c3ff4,unchanged since capture,2026-10-01T03:19:20+00:00
crates/learning-data-access/src/postgres/blueprint_course/search.rs,SQL and data access,good,"Adds exact-tag validation and a bound SQL parameter, preserving tags as an independent filter outside the classification hierarchy.","postgres/blueprint_course/search.rs:25-61, 79-81",7b6a523aa725b1e1ae69dec55b70bf73bf8a44df7cd86a133ceb335299e21439,7b6a523aa725b1e1ae69dec55b70bf73bf8a44df7cd86a133ceb335299e21439,77d237d5dcec8bfbbb69b95d96342f492822bfdac2a26822c219e47768add499,unchanged since capture,2026-10-01T03:19:20+00:00
crates/learning-data-access/src/postgres/connection_contract.rs,SQL and data access,good,Updates least-privilege routine allowlists for the retention worker and notifier after schema function changes.,postgres/connection_contract.rs:111-131,7a84421cb1ea4a56ed92df2057683de25b65bed88d2c18349db7bbac083ab6be,7a84421cb1ea4a56ed92df2057683de25b65bed88d2c18349db7bbac083ab6be,da8a6455dab64a3399a8c4634acd8286850d8bb15408f52ee8c87456685c52d7,unchanged since capture,2026-10-01T03:19:20+00:00
crates/learning-data-access/src/postgres/content_classification.rs,SQL and data access,refine,The transaction/session pattern and SQL-owned authorization are good; decode_discipline_request preserves the String Account-ID type leak from the public store contract.,"postgres/content_classification.rs:132-150, 285-341",38c97b965f56cc1809218bd8c24715550b3f4c05df5346a2ab0d6a9a3fdd120d,38c97b965f56cc1809218bd8c24715550b3f4c05df5346a2ab0d6a9a3fdd120d,989dc3044f98eff90b5bb8e19d3cd4d2d834f3c0d9874b8d1da03ee4aba2089b,unchanged since capture,2026-10-01T03:19:20+00:00
crates/learning-data-access/src/postgres/course_blueprint_adoption.rs,SQL and data access,good,Moves the prior-vs-saved assessment difference calculation to the adoption module that materializes daughter Course Assessments; test covers append-only behavior.,postgres/course_blueprint_adoption.rs:72-94,597af5d1c48c3ffc5e877649ed9dfa3b3aa5489054a9e74cd2b7cadcca5d6ae1,597af5d1c48c3ffc5e877649ed9dfa3b3aa5489054a9e74cd2b7cadcca5d6ae1,8c203ee21f14d5324062c9c2b61cdc41131ad85d04d824a83e1d06c1d0d5773b,unchanged since capture,2026-10-01T03:19:20+00:00
crates/learning-data-access/src/postgres/course_instance.rs,SQL and data access,good,"Checks term lifetime from the database transaction date before Course creation, avoiding client-clock authority.","postgres/course_instance.rs:214-218, 504-519",a734f8d8f5a3976d773b083520930a44000cd8ce6e044dacc77d99e27fdb6c73,a734f8d8f5a3976d773b083520930a44000cd8ce6e044dacc77d99e27fdb6c73,b8b64452c3457104118766a2913879ea7a0b19efa147c05d4a495950a0e1da15,unchanged since capture,2026-10-01T03:19:20+00:00
crates/learning-data-access/src/postgres/course_roster.rs,SQL and data access,neutral,Binds roster reset/restore operations through the installed-session transaction and validates roster syntax. Deferred invitation/login workflow is not audited for product completion.,postgres/course_roster.rs:169-235,934c5ec0d077bf52c161584d11e4ec4f39bdb399aca1ee01a19554cbc1267044,934c5ec0d077bf52c161584d11e4ec4f39bdb399aca1ee01a19554cbc1267044,a5947dca2e3d67be6adf90a42aabea78e9cc48b4c26d8dd4f0f7f0efc99623a4,unchanged since capture,2026-10-01T03:19:20+00:00
crates/learning-data-access/src/postgres/live_student_course_landing.rs,SQL and data access,good,Treats an absent or malformed optional current title as empty rather than failing a student statistics read.,postgres/live_student_course_landing.rs:252-344,7966a4b2613cb8283d616277681222e984cb94eafc9f9b0a5a071ff6a13c9dfa,7966a4b2613cb8283d616277681222e984cb94eafc9f9b0a5a071ff6a13c9dfa,d65f309ca2f61b6648057f6905d8a84d9a06cd6bc66089321bdcbfe53df172b9,unchanged since capture,2026-10-01T03:19:20+00:00
crates/learning-data-access/src/postgres/question_bulk_metadata.rs,SQL and data access,good,Builds per-Question title/description values in each selection item while retaining shared metadata as a distinct patch; all input remains bound JSON.,postgres/question_bulk_metadata.rs:63-87,ce0eb9b5c33493ad6fb8f788826f08d6d51becbadf278c5d9516e5b8385e0a94,ce0eb9b5c33493ad6fb8f788826f08d6d51becbadf278c5d9516e5b8385e0a94,8768208d84943609a3b949c160535464cc33906f93492d6f9f3f06f249dfe659,unchanged since capture,2026-10-01T03:19:20+00:00
crates/learning-data-access/src/postgres/question_pool_creation.rs,SQL and data access,good,Adds Pool tags as a seventh bound parameter to the database creation boundary.,postgres/question_pool_creation.rs:81-99,96c2b0362927e9779f923244bd582b7b20e0418825cd33adc05ea764815c265b,96c2b0362927e9779f923244bd582b7b20e0418825cd33adc05ea764815c265b,e2b79a0f9643688186a30336bdd674b49e6eb36f2252b10b74aa2985b6c53f1f,unchanged since capture,2026-10-01T03:19:20+00:00
crates/learning-data-access/src/postgres/question_star.rs,SQL and data access,bad,"Implements a fixed 250-row personal collection with only a truncated boolean. The consumer has no cursor or continuation operation, so an Instructor with more Stars cannot reach older records.","postgres/question_star.rs:79-129, 174-194; schemas/base_schema/50_functions/question_stewardship.sql:209-244",abc4662d0b320a6e58472a50fe5e905703f771b48cd592881e94503777f6af10,abc4662d0b320a6e58472a50fe5e905703f771b48cd592881e94503777f6af10,fa2c961f4ebfa875c1e221f23fef7254a81efcca35bb7280e401d40eb88935a9,unchanged since capture,2026-10-01T03:19:20+00:00
crates/learning-data-access/src/postgres/sessions.rs,SQL and data access,neutral,Import ordering only; no behavioral change.,postgres/sessions.rs:1-8,bb7d83d511331c79740e8128107d2c91ec6f7bb049fdc039ae8b2f38a3181631,bb7d83d511331c79740e8128107d2c91ec6f7bb049fdc039ae8b2f38a3181631,c078b488a4d457d3add045b872bca670313de2ff5a940013fe105c84613e67c8,unchanged since capture,2026-10-01T03:19:20+00:00
crates/learning-data-access/src/postgres/student_assessment_decision.rs,SQL and data access,good,Changes student-facing wording from internal Assessment terminology to Coursework and concise attempt language.,postgres/student_assessment_decision.rs:90-103,77e7118122aea9d4a370fd457c4d408f72b079933ca13769fc7adf8b2d0fdbd8,77e7118122aea9d4a370fd457c4d408f72b079933ca13769fc7adf8b2d0fdbd8,88c14e144c7e255c520683ca2606d5c832a6e484a58b538990a70b26708df092,unchanged since capture,2026-10-01T03:19:20+00:00
crates/learning-data-access/src/postgres/sysadmin_totp.rs,SQL and data access,neutral,Import ordering only; no behavioral change.,postgres/sysadmin_totp.rs:1-11,3ea391cc794442215cb66dd07d9d24a35d60e90fa31d35355326e94acd6b2078,3ea391cc794442215cb66dd07d9d24a35d60e90fa31d35355326e94acd6b2078,3bab170a15611886791c0119264cff611d10f9b2b5e0f36c9a69741aaee19b93,unchanged since capture,2026-10-01T03:19:20+00:00
crates/learning-data-access/src/question_bulk_metadata.rs,SQL and data access,good,Correctly separates shared patch validation from per-Question title/description validation and still rejects a no-op command.,"question_bulk_metadata.rs:18-115, 134-140",27167bd0c19aed0c399755611607fe589a206bb51b686a69a1274388a0ee22c1,27167bd0c19aed0c399755611607fe589a206bb51b686a69a1274388a0ee22c1,fa351944ab3db8f26c2d0565ae3d8aaa518701e17750c558cee1359fc655bc60,unchanged since capture,2026-10-01T03:19:20+00:00
crates/learning-data-access/src/question_pool_creation.rs,SQL and data access,good,"Validates optional Pool tags as distinct, bounded, trimmed labels before a transaction opens.",question_pool_creation.rs:25-75,5628aba5a5d223daec1b4d07831ef06031dd9cf5fc63a4e421d077c5305c1751,5628aba5a5d223daec1b4d07831ef06031dd9cf5fc63a4e421d077c5305c1751,6e8ad4918aac94d3796292e59371efbfaf18b7aa156fdf53867125622395f769,unchanged since capture,2026-10-01T03:19:20+00:00
crates/learning-data-access/src/question_star.rs,SQL and data access,bad,"StarredQuestionPage models truncation but no continuation cursor, baking an incomplete collection contract into the store API.",question_star.rs:29-80,dd6f14ae2ff3713d650360a5a5e100f94a0283e64af499d9b3175ff4c9045bbc,dd6f14ae2ff3713d650360a5a5e100f94a0283e64af499d9b3175ff4c9045bbc,695186450bbdf30654c1ba638ae4d3e09f5a819365f3543dc4c1787ceea41d23,unchanged since capture,2026-10-01T03:19:20+00:00
crates/learning-data-access/src/session.rs,SQL and data access,neutral,Import ordering only; no behavioral change.,session.rs:1-8,b14a256834c6c0e7f0da9c9d7f588d96ea0d22f43619b4a18b461bbf2d7f6100,b14a256834c6c0e7f0da9c9d7f588d96ea0d22f43619b4a18b461bbf2d7f6100,4fc9b971a8cf209db0b64fe5466bb48668a88e128de5ac80e01bbad0aa36608c,unchanged since capture,2026-10-01T03:19:20+00:00
schemas/base_schema/10_types.sql,SQL and data access,good,Adds an explicit audit enum event for restored Student access rather than overloading revocation or invitation events.,10_types.sql:126-131,b6819eb6f7fdf87d60712a0b61829f318702e5710a42566fd91aee39bef0c8cc,b6819eb6f7fdf87d60712a0b61829f318702e5710a42566fd91aee39bef0c8cc,e8f7ac81ab731b9930f66b174276dc0ca3c3967c052a2be25224a7ea43bb0448,unchanged since capture,2026-10-01T03:19:20+00:00
schemas/base_schema/20_tables/content_classification.sql,SQL and data access,good,"Uses a narrow event-like request table with normalized name bounds, requester FK, timestamp ordering check, and open-state represented by resolved_at NULL.",20_tables/content_classification.sql:79-103,c626c6bc6476e918c46cde1dd7124e23e34e5f323a51c2503d3ca3ef38efa01c,c626c6bc6476e918c46cde1dd7124e23e34e5f323a51c2503d3ca3ef38efa01c,38a1332ec7eeeeb521fedd1fad4cbd55d054706163fb9b6e0f794d4e4c8bdf74,unchanged since capture,2026-10-01T03:19:20+00:00
schemas/base_schema/20_tables/question_pool.sql,SQL and data access,refine,R1: Pool provenance is correctly distinct from member Question metadata. License and source nevertheless occupy separate one-to-one tables while sharing save/load/clear/authorization lifecycle; one provenance row plus ordered authorship is simpler. The author-account column/index is unused by these commands; justify an actual requirement before retaining it. Its missing writer alone is not a defect during ongoing work.,20_tables/question_pool.sql:87-145; 40_indexes.sql:474-478; question_pools.sql:426-553,a6c7499684eee6fb59b2a271eb04c1f66e3b12adb1bbb3639614ee09a53b972a,a6c7499684eee6fb59b2a271eb04c1f66e3b12adb1bbb3639614ee09a53b972a,6b4c29d7d4d2e51ed69543778dbd547b43e33c8cd02ebdfeee11fa5e78501ea5,unchanged since capture,2026-10-01T03:19:20+00:00
schemas/base_schema/40_indexes.sql,SQL and data access,refine,"Open-request uniqueness and requester FK indexes support concrete workflows. The author-account FK index serves a currently unused provenance field; consider it together with the foundational provenance simplification in R1, rather than adding speculative machinery.","40_indexes.sql:31-40, 474-478",d2cd64f29df865e1bd68fe7a54ee8d9d55c28ee2b52bb5d340307e87ac6d2ec7,d2cd64f29df865e1bd68fe7a54ee8d9d55c28ee2b52bb5d340307e87ac6d2ec7,1c9ee7fe95c680166b08158c46c141bde8f6c9e424a20f3209e6200858a1d873,unchanged since capture,2026-10-01T03:19:20+00:00
schemas/base_schema/50_functions/accounts.sql,SQL and data access,neutral,"Enforces the stated institutional Student email predicate at Account creation. Email/login work is deferred, so no product-policy assessment is made.",50_functions/accounts.sql:307-315,274b472a331c33f6e992570a8d25b7cb801553a4c460167e44e3c72798820b27,274b472a331c33f6e992570a8d25b7cb801553a4c460167e44e3c72798820b27,55a6e47d2a4762380c7ff78099d0cca9a9f88ee96c333336e0d5d7a315960cce,unchanged since capture,2026-10-01T03:19:20+00:00
schemas/base_schema/50_functions/authentication.sql,SQL and data access,neutral,Restricts email/passkey consumption to Student/Instructor primary factors and applies the same Student-domain check. Authentication is deferred.,"50_functions/authentication.sql:13-21, 147-179",7c43e9cb269ed92cbcdb9a61d578925301d9084507d7972a09c551c2eb6e6be5,7c43e9cb269ed92cbcdb9a61d578925301d9084507d7972a09c551c2eb6e6be5,fc705c9015f7477a7790c29a14d5d0658d8ad5408da2db06fe30d8790d9d9cf8,unchanged since capture,2026-10-01T03:19:20+00:00
schemas/base_schema/50_functions/blueprint_operations.sql,SQL and data access,good,"Evolves the exact function signature, validates the optional exact tag, and performs membership matching without changing the hierarchy semantics.",blueprint_operations.sql:464-571,0cf2df8d900b75c9d98bbcf395965a123465869544770d9d9b0a5e5dbe5724ad,0cf2df8d900b75c9d98bbcf395965a123465869544770d9d9b0a5e5dbe5724ad,ff8784f6213c4b04ba935bc9092e6af672a8d9957b6e2b961203759009609d62,unchanged since capture,2026-10-01T03:19:20+00:00
schemas/base_schema/50_functions/content_classification_operations.sql,SQL and data access,good,"Preserves global Subject identity, returns an existing Subject for explicit later association, and implements idempotent per-actor Discipline requests with an atomic unique-race recovery.","content_classification_operations.sql:153-188, 235-252, 389-480, 563-591",d6b60ecf958a91b7e5cb54fbb9dea6d9aa98dc1a6f1ff638c995d6eafd9c6bd0,d6b60ecf958a91b7e5cb54fbb9dea6d9aa98dc1a6f1ff638c995d6eafd9c6bd0,d06de052d66d6163ca80e19b6da0970b754de03c08ad1c58aa5853f23f40fdad,unchanged since capture,2026-10-01T03:19:20+00:00
schemas/base_schema/50_functions/course_retention_notifications.sql,SQL and data access,good,Corrects comparison to the text output of course_retention_due_actions without altering receipt matching semantics.,course_retention_notifications.sql:86-89,370271cf6fbeb74f335e68c4561f6d1b72af104b68365aaff45e00e77f758217,370271cf6fbeb74f335e68c4561f6d1b72af104b68365aaff45e00e77f758217,70ad33c4380f9be7eb2b260b847d142c5ba775540db225f100ca2be02f2c3348,unchanged since capture,2026-10-01T03:19:20+00:00
schemas/base_schema/50_functions/course_roster.sql,SQL and data access,neutral,Extends the closed audit-event validator for restored access. The accompanying login/invitation lifecycle remains deferred.,course_roster.sql:73-82,e5650637fe9110e47702d2da9a83b0235adbd7d51234be1733ee1be2d2be3156,e5650637fe9110e47702d2da9a83b0235adbd7d51234be1733ee1be2d2be3156,057eae3b7a9f1f45a67145f2ac50dbdf76cdbd8068c81e7943cc6f48264496ea,unchanged since capture,2026-10-01T03:19:20+00:00
schemas/base_schema/50_functions/course_roster_access.sql,SQL and data access,neutral,"New reset/restore functions serialize on the Course row, derive actor and Student server-side, preserve Student Work, and audit state transitions. Invitation/login delivery is deferred and not assessed as finished behavior.",course_roster_access.sql:1-164,741c70ee854e76d7df65e2e11a751f020199479dc806c035ebdd31d14f8e60a6,741c70ee854e76d7df65e2e11a751f020199479dc806c035ebdd31d14f8e60a6,ad6ddb76c046ef28e475357d0f9c4728d6622d05d963dfe2d73bbb2631b0bc74,unchanged since capture,2026-10-01T03:19:20+00:00
schemas/base_schema/50_functions/published_question_metadata_operations.sql,SQL and data access,good,Extends the existing all-or-none metadata CAS command so title/description remain per-Question while tags/classification remain shared; locks precede writes and empty commands are refused.,published_question_metadata_operations.sql:4-207,fffe9c6924c1bfd1c4e87b85bd1bac73bc31fde7edd0921fc75171c9420d2a53,fffe9c6924c1bfd1c4e87b85bd1bac73bc31fde7edd0921fc75171c9420d2a53,cc95facd5c820e282c6208030cac80cbdf8ed8e203115906d1cdc40f269ee4b4,unchanged since capture,2026-10-01T03:19:20+00:00
schemas/base_schema/50_functions/question_library_operations.sql,SQL and data access,good,Rejects nonsensical partial hierarchy and cross-discipline filter combinations at the database query boundary.,question_library_operations.sql:176-186,00febfef46a2c66aef9279bb469bf46793e0e6d4092ad6ab2b099d24869e5636,00febfef46a2c66aef9279bb469bf46793e0e6d4092ad6ab2b099d24869e5636,191450913abf805a2ef270a80cebee9235325cb9eab03837983fe8f56f4b52eb,unchanged since capture,2026-10-01T03:19:20+00:00
schemas/base_schema/50_functions/question_pool_stewardship.sql,SQL and data access,good,"Clarifies that count and disclosed names share the same active, vetted set; this fixes an ambiguous stewardship contract comment.",question_pool_stewardship.sql:45-48,3c42071cce87aeb570422cf2c6376e17fae8e5bcc5646de687fcf91b82a8b57f,3c42071cce87aeb570422cf2c6376e17fae8e5bcc5646de687fcf91b82a8b57f,0ab688e6e2ffeedc1d0329d4deb430fb03cd53a4c402273e27219c67fb9f0165,unchanged since capture,2026-10-01T03:19:20+00:00
schemas/base_schema/50_functions/question_pools.sql,SQL and data access,bad,"New provenance save is a current-state destructive replacement with no expected edit number and no distinct provenance edit number. Row locking serializes writers but silently lets the later save erase the earlier one. It also authorizes every active Instructor for every Pool; that may be intentional global stewardship, but the ownership policy needs an explicit product decision. Its three-table replacement also adds avoidable persistence machinery where one provenance row plus ordered authorship would serve the single save/load lifecycle.","question_pools.sql:426-553, 838-865",4f254ce38667c4e18e6eaf7f0718c9d5279451c784578139b5a7ce39a72d55d3,4f254ce38667c4e18e6eaf7f0718c9d5279451c784578139b5a7ce39a72d55d3,6fa23e706bc9e9327d1bcedf546387a1d5534806b2acb32792fc5900934e630b,unchanged since capture,2026-10-01T03:19:20+00:00
schemas/base_schema/50_functions/question_stewardship.sql,SQL and data access,bad,"Adds a fixed 250-item Star list and a truncation bit but no keyset cursor or follow-up route, so personal collection records become unreachable after the first page.","question_stewardship.sql:205-244, 388-399",47f57f6468fbdbee6c646d020865c9babb1facdd4f48b2c0846cb421264c08da,47f57f6468fbdbee6c646d020865c9babb1facdd4f48b2c0846cb421264c08da,f78058a22b6867130da23733f26a5bb421275a82fd7ecccc9c17326dfe256660,unchanged since capture,2026-10-01T03:19:20+00:00
schemas/base_schema/50_functions/recognition_titles.sql,SQL and data access,good,"Uses session-derived Instructor authority, bounded unique input arrays, typed casts, and omission of missing lineages. It avoids persisting current titles into immutable Blueprint documents.",recognition_titles.sql:1-59,676ba89532e479916868529d913fe500976cf5ca3d0d2e24f0e6f5b89759a069,676ba89532e479916868529d913fe500976cf5ca3d0d2e24f0e6f5b89759a069,e52715a3d8a26595680b65fe46ffbba6ec6e64f8f9f82998a9b5597ec8748312,unchanged since capture,2026-10-01T03:19:20+00:00
schemas/base_schema/50_functions/student_course_response_stats.sql,SQL and data access,good,Adds only a current title join to the existing course-scoped response-statistics reader; the statistic identity stays pinned to Question ID and revision.,student_course_response_stats.sql:135-187,7e4f66f8420fbf098f510c207422953bddd2bcc1997aefe4b5adb0f1d8940605,7e4f66f8420fbf098f510c207422953bddd2bcc1997aefe4b5adb0f1d8940605,abd063f9f0dd5de36431b1ffed8f141720de377bd27beccac4be4391457648ea,unchanged since capture,2026-10-01T03:19:20+00:00
schemas/base_schema/60_policies/content_classification.sql,SQL and data access,good,Enables and forces RLS for the new request table with only the data-owner policy in this layer.,60_policies/content_classification.sql:12-39,bce9e5228c200d7fd1f3c4c34671947f7bd1eb7f2b513394009e970328895672,bce9e5228c200d7fd1f3c4c34671947f7bd1eb7f2b513394009e970328895672,10976a4d227b61e8c0964b405ffc8870b224bc07ae72ce9774e289ee6e3fe82f,unchanged since capture,2026-10-01T03:19:20+00:00
schemas/base_schema/60_policies/content_classification_operations.sql,SQL and data access,good,"Adds private-command RLS access for the request table, matching the SECURITY DEFINER operation owner.",60_policies/content_classification_operations.sql:5-11,74dfd10f6f8a505ff304da1e79c4ae8275f3361271bf6f8326c7b4aa0c566ed3,74dfd10f6f8a505ff304da1e79c4ae8275f3361271bf6f8326c7b4aa0c566ed3,12db229e1c95f73f339e534875d16e76277b39d33644d14b1d88c2d4fd130b17,unchanged since capture,2026-10-01T03:19:20+00:00
schemas/base_schema/60_policies/question_pools.sql,SQL and data access,good,Forces RLS on the three new provenance tables and limits API owner to read; mutation stays in the data-owner function boundary.,60_policies/question_pools.sql:27-59,7488c2dd0a65a856911e987a0e0cb9a9d2d23a4208a712cf82aeb61ea7cb23c9,7488c2dd0a65a856911e987a0e0cb9a9d2d23a4208a712cf82aeb61ea7cb23c9,a104b2c8fda6518c6a60bf3a7f608f45d95015df4fd2f42498d1e3ca9e3d542a,unchanged since capture,2026-10-01T03:19:20+00:00
schemas/base_schema/70_grants.sql,SQL and data access,good,Includes the recognition-title function grant module in the ordered install grant manifest.,70_grants.sql:42-45,252f73288207531fb52f7afe2a57183ba836fbcb088452f496717fa79b9aa6a4,252f73288207531fb52f7afe2a57183ba836fbcb088452f496717fa79b9aa6a4,47c027f51deebe30b3f0e168e51b3b6edfae0110df578135badc63a13e9b87ff,unchanged since capture,2026-10-01T03:19:20+00:00
schemas/base_schema/70_grants/blueprint_operations.sql,SQL and data access,good,Updates revoke/grant signatures atomically with the added Blueprint tag parameter.,70_grants/blueprint_operations.sql:21-31,e03c26ffc371dbe062175a6362a6e06f789c4fad5522e628c06e31bccef1b978,e03c26ffc371dbe062175a6362a6e06f789c4fad5522e628c06e31bccef1b978,99ea8c172096dc44a2657c2ab03ce64cbc493dfff9f4d4e209687d2691b15eb6,unchanged since capture,2026-10-01T03:19:20+00:00
schemas/base_schema/70_grants/content_classification.sql,SQL and data access,good,Revokes direct access to the new request table from application-facing roles.,70_grants/content_classification.sql:3-9,fe71fb9a9087bd3d3d1db87f78973e7839ca443ac7fd30b39d97455277625346,fe71fb9a9087bd3d3d1db87f78973e7839ca443ac7fd30b39d97455277625346,36b8c45327750dd4e7a1c9b82c5301ad1356ff9cef2f5f210cdb4f790f6b5f72,unchanged since capture,2026-10-01T03:19:20+00:00
schemas/base_schema/70_grants/content_classification_operations.sql,SQL and data access,good,Grants only command-owner table operations and exact private/public request functions; resolved_at is the sole directly updatable column.,"70_grants/content_classification_operations.sql:3-11, 92-187",515e24db409e00426efb5dec568835ac0b18f938e398060db98fb47378272b56,515e24db409e00426efb5dec568835ac0b18f938e398060db98fb47378272b56,7521204c0cf6b8842b4a9db850d7d122a81db168363761c2cc0cda18f055c592,unchanged since capture,2026-10-01T03:19:20+00:00
schemas/base_schema/70_grants/course_operations.sql,SQL and data access,neutral,Exposes reset/restore routines through the standard application grant boundary; related login/invitation behavior is deferred.,70_grants/course_operations.sql:23-45,954ffadac9edcfb9696f8843fa4162e5bde38ae10dd6f656602951dcd151f9ae,954ffadac9edcfb9696f8843fa4162e5bde38ae10dd6f656602951dcd151f9ae,e66924b6db1e07d1255400160a29172e8ffd7cdac6b667014986dd93651dd910,unchanged since capture,2026-10-01T03:19:20+00:00
schemas/base_schema/70_grants/course_retention_notifications.sql,SQL and data access,good,Supplies execute privilege for the lease CHECK helper to each insert/update role that invokes it.,70_grants/course_retention_notifications.sql:25-34,d61ca547a82b8710b8c62db3d9843dcc71f676fc21e89e0a197e766e2883b1e8,d61ca547a82b8710b8c62db3d9843dcc71f676fc21e89e0a197e766e2883b1e8,f36b9db0a700508a7cac9c90e37b8f70d4a0d2ea3bd3257a791fb297e79f6c79,unchanged since capture,2026-10-01T03:19:20+00:00
schemas/base_schema/70_grants/question_pools.sql,SQL and data access,good,"Revokes direct provenance table access, grants only required API-owner reads/function calls, and keeps public routine access revoked.",70_grants/question_pools.sql:6-60,983307ac5aeb3d434446d04378b7a2e33d6edbcb52f5e91329bb899c77d03818,983307ac5aeb3d434446d04378b7a2e33d6edbcb52f5e91329bb899c77d03818,5148e364822c4957434c3dac461d4e89b269298736fdb703655f174158ae73b9,unchanged since capture,2026-10-01T03:19:20+00:00
schemas/base_schema/70_grants/question_stewardship.sql,SQL and data access,refine,"Least-privilege grants correctly include the new personal-star list routine, but the granted route remains incomplete because its contract lacks continuation.",70_grants/question_stewardship.sql:24-49,680897f9d8cc73a93cd54a35e61a3655f6fdffff69849adddd4cfbb77f907045,680897f9d8cc73a93cd54a35e61a3655f6fdffff69849adddd4cfbb77f907045,af864cdbd03ee7d9e45953ca3ffff9c5050de3957c61fbd8d4efb8226350cda1,unchanged since capture,2026-10-01T03:19:20+00:00
schemas/base_schema/70_grants/recognition_titles.sql,SQL and data access,good,Minimal function-specific public revoke and ple_app execute grant.,70_grants/recognition_titles.sql:1-7,879dafda57308fd0e38392261c7fc55631d8c3733b97a928e49e43aa585ac506,879dafda57308fd0e38392261c7fc55631d8c3733b97a928e49e43aa585ac506,607a645362d4f6e389c44325c5be7ecd69045f7d57c625d341797f6edb05916d,unchanged since capture,2026-10-01T03:19:20+00:00
schemas/base_schema/install.sql,SQL and data access,good,"Installs both new function modules before their grant modules, preserving schema installation order.",install.sql:68-82,7cf892e687132677d7962da298fa80ff378b247bb7d7bea26bf715e106ac1c64,7cf892e687132677d7962da298fa80ff378b247bb7d7bea26bf715e106ac1c64,367e89686588924df55f104c879cd2be0b78de61062b02aaa278e8833200b720,unchanged since capture,2026-10-01T03:19:20+00:00
crates/adapters/ple/src/lib/question_json_source_tests.rs,Tests and maintainer gates,good,Permanent-worthy in-memory regression: author supplied JavaScript is retained as source but cannot alter server grading; repeated deterministic grading is also proven.,diff adds two tokio tests at lines 82-202,55c1973c43577881a90ecc4ec1f4dc6d55cb5069964f6d58d44f93b2b3dbe308,55c1973c43577881a90ecc4ec1f4dc6d55cb5069964f6d58d44f93b2b3dbe308,b1875f4f240d859cead0d7ed5b50d3fd302869d5dd7cdd4d3c791b969ea092b9,unchanged since capture,2026-10-01T03:19:20+00:00
crates/adapters/webwork/src/http_renderer/tests.rs,Tests and maintainer gates,good,"Narrow transport invariant: WebWork grading request explicitly sends isInstructor=0, protecting the Student rendering/grading boundary.",diff line 438,21a2490405d8ce7911b32ac4f11d2a0383f6e4d5f3ccb4c057827a22a2c39dab,21a2490405d8ce7911b32ac4f11d2a0383f6e4d5f3ccb4c057827a22a2c39dab,b6ab38206394c2f6a36a546f8c342c81de1738512a9fbbfc98ba62e7a9fa3b61,unchanged since capture,2026-10-01T03:19:20+00:00
crates/domain/src/effective_assessment_properties/tests.rs,Tests and maintainer gates,good,"Pure-domain tests cover attempt-limit boundary and default Reject policy across assessment types, including release and due/close transitions. These are stable policy invariants.",diff lines 122-376,ccef224d15f18a6af1e6d9bfc8b420d5464cafa0f23c942b08b362527e8b1ad7,ccef224d15f18a6af1e6d9bfc8b420d5464cafa0f23c942b08b362527e8b1ad7,aef41a7301eaa663e45b6a90861dfd872d4141af5a7083c465636f6f8c3b7a46,unchanged since capture,2026-10-01T03:19:20+00:00
crates/domain/src/student_feedback_release/tests.rs,Tests and maintainer gates,good,Narrow disclosure policy regression: Weekly and Bonus work can disclose correctness while correct answers remain hidden. This directly protects a Student-facing integrity rule.,diff lines 393-426,185f1f86c17d0556ccb07b400304b68406de69144a6c23500fbeaf178572c231,185f1f86c17d0556ccb07b400304b68406de69144a6c23500fbeaf178572c231,b5ab16fe732dac5622d63cae236392d7e7793dc0a028206c807f3678513d786d,unchanged since capture,2026-10-01T03:19:20+00:00
crates/learning-data-access/tests/assessment_access_postgres/access_reader.rs,Tests and maintainer gates,good,"Updates the asserted public wording from Assessment to Coursework, matching the Student vocabulary contract.",diff line 91,53862cbe529f71a3fe7ff02e6dc49190183a970d00c54bcde792c69ea95b55c5,53862cbe529f71a3fe7ff02e6dc49190183a970d00c54bcde792c69ea95b55c5,6d59f3b9e01134099f2c8c3ded754628c6ad29615e6bce14c7c419dcba8fe997,unchanged since capture,2026-10-01T03:19:20+00:00
crates/learning-data-access/tests/blueprint_course_postgres/discovery.rs,Tests and maintainer gates,neutral,Fixture initialization adds the required tag field; no behavioral assertion or policy change is introduced.,diff line 24,3634db66b61fd5cabe4fe6b08305acdf48f3f3e08da3ad0a7856e480a06d6747,3634db66b61fd5cabe4fe6b08305acdf48f3f3e08da3ad0a7856e480a06d6747,1818369fbe91c1ab5ae5327f8eac7d2fef75df4ab93e02192578c6f530ee63fd,unchanged since capture,2026-10-01T03:19:20+00:00
crates/learning-data-access/tests/blueprint_course_postgres/promotion.rs,Tests and maintainer gates,neutral,Fixture initialization adds the required tag field; this is a contract-shape update.,diff line 20,0c8b3e968f6ddd8c4b76ed33d56ca3281e91e52d61247f4559a81c6ed8409f23,0c8b3e968f6ddd8c4b76ed33d56ca3281e91e52d61247f4559a81c6ed8409f23,769787382ecda0abf70132be04d359def8ba4776939eb8a3c7ff4410e8da7371,unchanged since capture,2026-10-01T03:19:20+00:00
crates/learning-data-access/tests/course_instance_postgres.rs,Tests and maintainer gates,good,"Ignored acceptance test is permanent-worthy: it verifies that retention removes Student data while keeping Course metadata, which is a central FERPA lifecycle distinction.",diff lines 361-608,9fa2aa85616193cd3a632cc401a3dd951f6211be617506ec1c70f52c9837edc8,9fa2aa85616193cd3a632cc401a3dd951f6211be617506ec1c70f52c9837edc8,c10b6b5dc0704e5109acb12fd16bc99671361cf74107421a2c3536108fba70bf,unchanged since capture,2026-10-01T03:19:20+00:00
crates/learning-data-access/tests/grading_lifecycle_postgres.rs,Tests and maintainer gates,good,Adds reusable helpers plus acceptance coverage that grading outcomes are stored once and can be used independently of Instructor action. Important lifecycle behavior is exercised at the database boundary.,diff lines 631-850,c92383ea60ef71fbda0f544793354a67cb224db4873267bd89b32e7a8cce52e0,c92383ea60ef71fbda0f544793354a67cb224db4873267bd89b32e7a8cce52e0,a6f9ef904585be6be6706ae1e0c21b9c9935ef23625ae8c80904710e2777bd6c,unchanged since capture,2026-10-01T03:19:20+00:00
crates/learning-data-access/tests/grading_rescore_postgres.rs,Tests and maintainer gates,good,Permanent-worthy database acceptance test: changing current point values recalculates a score from stored normalized credit without re-grading or changing the immutable outcome.,new file lines 1-279,b32868e8cc5c11922c674b780f972182b3babfa85ad6bbf3cf2ee79190a224ff,b32868e8cc5c11922c674b780f972182b3babfa85ad6bbf3cf2ee79190a224ff,bbd88f969c2e306b0ae0e000c13df892c03228cc0623497aa9b07d2b7ea01685,unchanged since capture,2026-10-01T03:19:20+00:00
crates/server/src/auth/tests.rs,Tests and maintainer gates,refine,"The host/origin test is a strong LAN/Tailscale security boundary. The passwordless role test is acceptable only as current behavior; email/login work is explicitly deferred, so avoid treating its exact methods and Sysadmin refusal as a frozen product design.",diff lines 109-366,9b86ec09304f3afec3a075528e09379fd8448748e34ee352e8272d1978351f33,9b86ec09304f3afec3a075528e09379fd8448748e34ee352e8272d1978351f33,d5b3febff882aa68d9f7f74e31857ee0e5ed3dbf5a945ec60b62180932080e2b,unchanged since capture,2026-10-01T03:19:20+00:00
crates/server/src/question_library/tests.rs,Tests and maintainer gates,neutral,The fake store now verifies new query booleans default false. It is a small decoder/request-contract update.,diff lines 380-385,a75d694c871d8a4d0d9a6275fcbc20ff33a0d9457d9e684daf55518e51376412,a75d694c871d8a4d0d9a6275fcbc20ff33a0d9457d9e684daf55518e51376412,49d59e7c1c5e2760dac0092c874bd7e0dde07dd2d81d639d3010e80c8ef593df,unchanged since capture,2026-10-01T03:19:20+00:00
devel/capture_screenshots.py,Tests and maintainer gates,good,"Removes prohibited __future__ import, directly following Human Guidance without changing runtime behavior.",diff lines 1-8,60140daf9e392feb0609c68fdddf8632be1be0df84cb37beada4bedd3d97735d,60140daf9e392feb0609c68fdddf8632be1be0df84cb37beada4bedd3d97735d,755f564e77cf6b9d300d7ebbc49340ece7d1fe036155817b724ea281602c8260,unchanged since capture,2026-10-01T03:19:20+00:00
devel/change_scope.py,Tests and maintainer gates,good,"Removes prohibited __future__ import, directly following Human Guidance without changing runtime behavior.",diff lines 1-7,27f208eabc65e188c6ca79f4adfa31935829f3db2fb8d1203e3a2e3573f15328,27f208eabc65e188c6ca79f4adfa31935829f3db2fb8d1203e3a2e3573f15328,60f373848c86bad83652630dc97b40b5800d9258b3e85eaf8278f71a8c2cbf4d,unchanged since capture,2026-10-01T03:19:20+00:00
devel/human_guidance_checklist.py,Tests and maintainer gates,good,Moves the audit parts to archive and splits the shell manifest into actual Role badges and Themes headings. The manifest/root-level count stays internally aligned.,diff lines 12-38,2c24fbb7444ae5d541d1bc42f7d798037999bc3a1c49135a8fd03a2c7ba87e01,2c24fbb7444ae5d541d1bc42f7d798037999bc3a1c49135a8fd03a2c7ba87e01,9ed16d4155de00535957558f03b67f210a6faa6041caa329fb7e96726d17670f,unchanged since capture,2026-10-01T03:19:20+00:00
eslint.config.local.js,Tests and maintainer gates,good,Browser globals are scoped to Node test files that deliberately execute callbacks in a browser; this is narrower than making them project-wide globals.,diff lines 17-31,ee2b4813b941a9b577bfa133bfa24c646f6cc9aefad7f6df92c119533bdc216c,ee2b4813b941a9b577bfa133bfa24c646f6cc9aefad7f6df92c119533bdc216c,8d0911365d21de1b5b41dd5546238e2ade6592cad532da9cedb7cd4c66857b16,unchanged since capture,2026-10-01T03:19:20+00:00
launchers/run_fast_ui_checks.sh,Tests and maintainer gates,refine,"This promotes five independent esbuild+Chromium suites into the routine fast gate. No timing evidence proves this is slow, but it makes fast-check maintenance depend on the brittle visual suites below. Keep focused interaction tests here only after they earn permanent-gate status; run broad visual evidence explicitly.",diff lines 32-45,462f0a46f25049b5590231eb98554bcf96ae79f5da1820f13a029738e2937804,462f0a46f25049b5590231eb98554bcf96ae79f5da1820f13a029738e2937804,56bf66b872adcf98cdb53a3da5390653e3169da093a3ddfed5cfdcea2709f796,unchanged since capture,2026-10-01T03:19:20+00:00
local_stack_control/live_demo_target.py,Tests and maintainer gates,good,"Sets the Live Demo opt-in that accepts the actual request host, aligning LAN/Tailscale access with the local-only deployment boundary.",diff line 219,8e82668347657f6c8705b9be205ed8b975f1e44ce44ad7af19d55518331897a9,8e82668347657f6c8705b9be205ed8b975f1e44ce44ad7af19d55518331897a9,e0e3711e9e7b86e9ebdc70f04cb7cd4d67c83acc2ab7e9e70be211bd1469f732,unchanged since capture,2026-10-01T03:19:20+00:00
tests/e2e/assessment_attempt_expiry_oracle.sql,Tests and maintainer gates,good,"Focused disposable database proof for expiry-worker finalization: it checks saved response retention, submission attribution, and one grading result after deadline expiry.",new file lines 1-239,a02991cd9eddd1e8115f7199813956ae92f0f4225981d723990eebf63a4bdb56,a02991cd9eddd1e8115f7199813956ae92f0f4225981d723990eebf63a4bdb56,3ea1dc85e8900eab1da4a468cb128728ae57fef5d405bbaf7c8e7799e72c331b,unchanged since capture,2026-10-01T03:19:20+00:00
tests/e2e/assessment_duration_accommodation_oracle.sql,Tests and maintainer gates,good,"Focused oracle checks multiplier order, ceiling rounding, and 24-hour cap. These are stable calculation invariants and the SQL calls the shipped function rather than reimplementing it.",new file lines 1-118,605336882517a1a9f94228ce21311fc706b3d3a1b1caae46f18831a169551b55,605336882517a1a9f94228ce21311fc706b3d3a1b1caae46f18831a169551b55,fcbefb67713746a4761c66c69b16bb970de36418826d45230d127722d4f3a0c7,unchanged since capture,2026-10-01T03:19:20+00:00
tests/e2e/assessment_resume_expiration_oracle.sql,Tests and maintainer gates,good,Focused oracle verifies that resuming an open Attempt from a second browser session preserves its identity and deadline.,new file lines 1-324,2eeccdb178cc45f9bba0d67ced662a91098ead9efc32b415ec13f600d7bd2a74,2eeccdb178cc45f9bba0d67ced662a91098ead9efc32b415ec13f600d7bd2a74,a4bc2bb26171b39c27a74aab42b6882eecddc2ac37fdf1475e308effef9db488,unchanged since capture,2026-10-01T03:19:20+00:00
tests/e2e/assessment_saved_response_oracle.sql,Tests and maintainer gates,bad,"A 1,315-line file combines saved-response finalization with unanswered-item preparation, Blueprint ownership, Pool forks, FERPA access, and stewardship identity disclosure. One failure cannot identify a repair, and unrelated work blocks each other. Split these into independently named focused e2e proofs with their own fixtures; retain the underlying important behaviors.",new file header lines 1-19 and seven final notice checks,8e1e63ed5e94a0ff13ae64de684ed89145521eb70dc2b1a965eb99842046a7fe,8e1e63ed5e94a0ff13ae64de684ed89145521eb70dc2b1a965eb99842046a7fe,648c06076cdfc720d21ab6b122e6f88a5e91ba787e75e2834c85d3417ca1c74f,unchanged since capture,2026-10-01T03:19:20+00:00
tests/e2e/e2e_assessment_attempt_expiry.sh,Tests and maintainer gates,refine,The runner has safe cleanup and uses a read-only repository mount. It duplicates full disposable PostgreSQL bootstrap with the other three new runners; extract a small shared explicit runner only if these remain permanent.,new file lines 1-51,a1c366cdd983cca948b25fd462f25b19d684a94174f336a965b851fb3deb2d88,a1c366cdd983cca948b25fd462f25b19d684a94174f336a965b851fb3deb2d88,c9d5113bb78d1e97f178a087aca3a05166342404452081745a4a980f697ced35,unchanged since capture,2026-10-01T03:19:20+00:00
tests/e2e/e2e_assessment_duration_accommodation.sh,Tests and maintainer gates,refine,"The runner cleanly fails on oracle failure and prints evidence, but duplicates the same container/migration lifecycle as its sibling scripts.",new file lines 1-45,08f8a155e7a8f27b5432fa70ed7d186ecc79722dfb6bf203280fd473ab4c0b72,08f8a155e7a8f27b5432fa70ed7d186ecc79722dfb6bf203280fd473ab4c0b72,e14c1ff5259c07478d16f2042c463884cd05d9b4a06e986b33f8d4fbed1960d8,unchanged since capture,2026-10-01T03:19:20+00:00
tests/e2e/e2e_assessment_resume_expiration.sh,Tests and maintainer gates,refine,"The runner has safe cleanup and useful separate notices, but duplicates the same container/migration lifecycle as its sibling scripts.",new file lines 1-52,48290fc9b56e4ae21f3533621fd655ed13391946944a9c4a587bb757f5c83569,48290fc9b56e4ae21f3533621fd655ed13391946944a9c4a587bb757f5c83569,9d90587c0dfcf324f77502d0e15a5ef94847a0b84b849f6e6ae2c8c44fd47c99,unchanged since capture,2026-10-01T03:19:20+00:00
tests/e2e/e2e_assessment_saved_response.sh,Tests and maintainer gates,bad,"This single entry point asserts seven unrelated notices from the mega-oracle, so any unrelated stewardship or FERPA change blocks saved-response evidence. Split it with the SQL oracle.",new file lines 38-48,51036ddd97a40e2bae70f47f5d4c12cfcaf478261d228c73aed56b1cf038b5e5,51036ddd97a40e2bae70f47f5d4c12cfcaf478261d228c73aed56b1cf038b5e5,a1639c35ce8d130719367832e32e0deeef2cb89fe92469d0e90f1eb729a35ad7,unchanged since capture,2026-10-01T03:19:20+00:00
tests/e2e/e2e_live_demo_course_instance.sh,Tests and maintainer gates,good,"Updates the full-stack fixture to the canonical published_question_revision_tuple and accountId names, repairing a stale contract without adding an incidental gate.",diff lines 151-436,6707850b984f26abfc2e9bcb571a56961d0f8dee3b1c95cb145303a60af3dd58,6707850b984f26abfc2e9bcb571a56961d0f8dee3b1c95cb145303a60af3dd58,1e3882bc98aa0f7c55e228db0cca5a1709adb0da4e1eea9fedd5ca6225a3061e,unchanged since capture,2026-10-01T03:19:20+00:00
tests/e2e/e2e_ribbon_app_component.mjs,Tests and maintainer gates,refine,"The relaxed class-attribute assertion fixes an implementation-detail false failure, but it remains a regex over generated markup. Prefer an accessible DOM assertion when revisiting this test.",diff lines 166-173,dcc6667cb46d888104b36833fc64db0f2026bcbf531cf951f225146bbce5eb90,dcc6667cb46d888104b36833fc64db0f2026bcbf531cf951f225146bbce5eb90,79f28b8c2971b66df1f570a88ee3df5eb7732ad359feedde2808be2852460835,unchanged since capture,2026-10-01T03:19:20+00:00
tests/playwright/e2e_live_demo_course_seed_browser.mjs,Tests and maintainer gates,good,Updates live-demo assertions to Student-facing Weekly Assignment and Coursework language using accessible selectors.,diff lines 21-96,51c6dd5574c163740cc0730e7036f152ad1ffee223e55de60f19bef5ff80ae16,51c6dd5574c163740cc0730e7036f152ad1ffee223e55de60f19bef5ff80ae16,25cd8e8316c21c8122a02120eeab75f88c0ead2f3d3fba2bdcd8a304f3c637bb,unchanged since capture,2026-10-01T03:19:20+00:00
tests/playwright/e2e_live_demo_instructor_accounts_browser.mjs,Tests and maintainer gates,good,Adds the second visible confirmation click required by the destructive Instructor deactivation flow.,diff lines 56-60,b8bffe9a01c48ac80814e083ec73b79af0f1504941b8b6278ce590b52c033cbc,b8bffe9a01c48ac80814e083ec73b79af0f1504941b8b6278ce590b52c033cbc,e93f2fc4588c0eec9ec80e235e0dd02750ba2ac474c6e539cb8132999e3aa250,unchanged since capture,2026-10-01T03:19:20+00:00
tests/playwright/fast_ui_route_composition.mjs,Tests and maintainer gates,bad,"New assertions freeze CSS implementation details: square corners, no box shadow, exact row padding ceiling, grid column count, coordinate alignment, and viewport geometry. They test artificial rendering measurements rather than a stable user workflow and will reject legitimate redesigns. Keep one behavioral dense-list test and move visual judgment to screenshot review. Concurrent drift was also reviewed: similar action placement became a two-pixel cross-page inset assertion, reinforcing D6.",diff lines 10-321; assertions around added helpers assertSpreadsheetRecords/assertAlignedColumns/assertFactColumns,6cbb20efd201b4b3abfd62d321c5e7e6cc307ef095dea3004287aadf44f3875c,e0f4255721a9bc2859a51dd5d093b9f38387ea0348e1d61f87cdc89bcf3b0546,4571e7678f6322b08efe018b7890cce7a872665684ae109aade8018b72f07c74,subsequent diff read by coordinator,2026-10-01T03:19:20+00:00
tests/playwright/helper_record_list_harness.mjs,Tests and maintainer gates,neutral,Small harness update supports record-list browser exercises; it contains no product assertion itself.,diff lines 1-34,45131149a5cc7c2256841cef3c7624ba52a166070bf382f7aabeba6e749b14b4,45131149a5cc7c2256841cef3c7624ba52a166070bf382f7aabeba6e749b14b4,0dde63800e42f7088160a98dc4eaa5773212ee2a3ec3d3fc287a1b85b349736d,unchanged since capture,2026-10-01T03:19:20+00:00
tests/playwright/record_list_contracts.mjs,Tests and maintainer gates,good,Browser behavior coverage for RecordList sorting/reordering uses rendered controls and state rather than source scans. It is a plausible durable interaction contract.,diff lines 1-74,91be1228f1d88cf5cbf6195f3d774398f27fbff342683c9b24a4a78ae2403d88,91be1228f1d88cf5cbf6195f3d774398f27fbff342683c9b24a4a78ae2403d88,8cb216d222282f7cf467d307fba1fce09ccec65c93bd6f273c087aeb7ca07fc6,unchanged since capture,2026-10-01T03:19:20+00:00
tests/playwright/ribbon_narrow_routed_shell.mjs,Tests and maintainer gates,good,"Adds meaningful accessibility behavior checks: enlarged text remains reachable, disclosures reveal actual content, and tooltips work by pointer and keyboard. It measures user affordances rather than exact CSS values.",diff lines 10-398,df8f328b184bf7c32443631c09d35cf8a430fef10c139ed2c58e8fa0c55ec81b,df8f328b184bf7c32443631c09d35cf8a430fef10c139ed2c58e8fa0c55ec81b,21d047b100e23548789f0e0520c5074eeada4135145a0097482775088c596d38,unchanged since capture,2026-10-01T03:19:20+00:00
tests/playwright/ribbon_profile_menu_contract.mjs,Tests and maintainer gates,bad,"The 910-line browser gate recursively scans every CSS/TS(X) file and asserts exact radii, padding, font family, border widths, shadows, dimensions, grid tracks, and handcrafted DOM samples. These are style snapshots, not durable behavioral contracts; they will make visual iteration expensive while missing real route content. Replace with a small profile-menu accessibility test plus screenshots for visual review.",new assertions include sourceStyleFiles/fullyRoundedSelectors and lines 390-904,18a8ac70a3daffe55657b80b129f83f64cda5c74fa9945a5c05c741eb61d3dbe,18a8ac70a3daffe55657b80b129f83f64cda5c74fa9945a5c05c741eb61d3dbe,7c2e6bfe596d401a6579870e3ab75e552bfdc238f84af4d723ec9122d1582501,unchanged since capture,2026-10-01T03:19:20+00:00
tests/playwright/screenshot_corpus/hotspot_workflow.ts,Tests and maintainer gates,good,Updates stable accessible navigation name from Assessment questions to Coursework questions.,diff lines 88-161,2343d4bafe9fee52309bbc14eef01bdd1c1c5b2fc67bcc2d23fb2fe5a12d88c0,2343d4bafe9fee52309bbc14eef01bdd1c1c5b2fc67bcc2d23fb2fe5a12d88c0,9244cd7f9b0cb0ae68f24134382d482fbf3a906a2bb6d79da540ce5c2e084d66,unchanged since capture,2026-10-01T03:19:20+00:00
tests/playwright/screenshot_corpus/scenarios_student.ts,Tests and maintainer gates,good,Updates a stable accessible navigation name to Coursework questions.,diff lines 360-366,acbb6317d258c87d660e947e91ddd9809f53de6bdfb4649cb2c877d804ebde75,acbb6317d258c87d660e947e91ddd9809f53de6bdfb4649cb2c877d804ebde75,da57eab159cbb2b51eb366a43acf0e2ca78d69cb55b25e5ef2dbff44251b99cc,unchanged since capture,2026-10-01T03:19:20+00:00
tests/playwright/screenshot_corpus/scenarios_student_progress.ts,Tests and maintainer gates,good,Updates visible navigation terminology while retaining existing lifecycle evidence.,diff lines 131-162,94f25f1feb3218f005dc22ec6cc3eb619b04d6f0539a13133a0112f73732b2b6,94f25f1feb3218f005dc22ec6cc3eb619b04d6f0539a13133a0112f73732b2b6,ccccaf1a1bddc7a7130868aaf456dfc9a1f7fae365d0e2abf13b728e3e8e284a,unchanged since capture,2026-10-01T03:19:20+00:00
tests/playwright/screenshot_corpus/scenarios_student_types.ts,Tests and maintainer gates,good,Updates seeded type terminology and accessible selector names to Unit Review Assignment and Coursework questions.,diff lines 27-591,d2bb7b22b093f78d9e9c7ce140165b16cd5747db0c811948f7d18f216730ca8a,d2bb7b22b093f78d9e9c7ce140165b16cd5747db0c811948f7d18f216730ca8a,63d39e129f6eec6b3b50a71432472af917deae55d78b0474d191e3cdc39c3854,unchanged since capture,2026-10-01T03:19:20+00:00
tests/playwright/screenshot_corpus/scenarios_sysadmin.ts,Tests and maintainer gates,good,Makes the screenshot workflow perform the required visible deactivation confirmation.,diff lines 94-99,eeeaa91b929748b629be3e66db6ec6d66b93e56c37f0fa1d696f972fbfcb1d6f,eeeaa91b929748b629be3e66db6ec6d66b93e56c37f0fa1d696f972fbfcb1d6f,a56cd618b82ffe9abd89164b2671df502d8cce97e10da3c8f116963d2f443094,unchanged since capture,2026-10-01T03:19:20+00:00
tests/playwright/screenshot_corpus/screenshot_image.ts,Tests and maintainer gates,good,"Preserves the original encoder error message in the rejection, improving screenshot diagnosis without changing behavior.",diff lines 14-23,6ff51d63be218f076ea0e13caf0d8e9c2469467a58322f7926069fa0e8244db1,6ff51d63be218f076ea0e13caf0d8e9c2469467a58322f7926069fa0e8244db1,fd2cb227ec8eef33c94accc18a531019b3beb624034ceaf8d66307b8f2ea47c5,unchanged since capture,2026-10-01T03:19:20+00:00
tests/playwright/screenshot_corpus/visible_workflows.ts,Tests and maintainer gates,good,Updates the seeded Student wording to Unit Review Assignment.,diff lines 12-18,02cd2bbf1e04ce0f739f5fa3c89b8c743fa7962c9776631bd3d06e945215a846,02cd2bbf1e04ce0f739f5fa3c89b8c743fa7962c9776631bd3d06e945215a846,169b6b0be84a6a567584d285371cdd9f7362bf502114cff39e9aadb1771e2e50,unchanged since capture,2026-10-01T03:19:20+00:00
tests/playwright/student_course_entry_m6_evidence.mjs,Tests and maintainer gates,good,"Strong user-facing evidence: representative laptop/tablet/phone/square workflows fit, controls are hittable, and real Tab/Enter navigation reaches course actions. The 40-tab cap is a reasonable diagnostic bound for this fixed harness.",diff lines 9-335,c4db770762a247b7b00574eea75a12f60fe2288f52774efd4b8ed7c7c08b0826,c4db770762a247b7b00574eea75a12f60fe2288f52774efd4b8ed7c7c08b0826,282da0d1d74278fcdabd3be10f2b83db6edf100340c7de46e9dff95150106bad,unchanged since capture,2026-10-01T03:19:20+00:00
tests/playwright/test_assessment_attempt_delivery.mjs,Tests and maintainer gates,good,Browser test mounts the shipped Attempt page and proves answer-free initial delivery plus timed Attempt copy. It uses accessible selectors and waits for user-visible state.,new file lines 1-120,180d5af31f9756e75caa4e38a828945947411b29bad545bf5708d128fe8313a8,180d5af31f9756e75caa4e38a828945947411b29bad545bf5708d128fe8313a8,d12053bf8bc4fc755bac3a7e70574e95ceb44b3b11c2260a9a6b80bd8a0a190c,unchanged since capture,2026-10-01T03:19:20+00:00
tests/playwright/test_assessment_student_time.mjs,Tests and maintainer gates,good,Browser test exercises the shipped Instructor time-accommodation interaction through a focused harness; this is a meaningful stable teaching accommodation behavior.,new file lines 1-106,cb23ba5913bf450f7f748631793349911cdfc036f9019828d69589775a650b1a,cb23ba5913bf450f7f748631793349911cdfc036f9019828d69589775a650b1a,33deb48a29bb9456061164ed42f7d3d06604d5b8a4040eadb675a0617c4449ec,unchanged since capture,2026-10-01T03:19:20+00:00
tests/playwright/test_course_entry_banner.mjs,Tests and maintainer gates,good,Focused browser coverage for the visible Course entry/banner state through its harness.,new file lines 1-216,08912dfd2277ebd5ef46264f9f68dec24531892728a41b130f3b2341548585ee,08912dfd2277ebd5ef46264f9f68dec24531892728a41b130f3b2341548585ee,92d57de52def42853e8cc29127b675fc3a8834f5d77e9d2f53541e34a5882da9,unchanged since capture,2026-10-01T03:19:20+00:00
tests/playwright/test_course_instance_delivery.mjs,Tests and maintainer gates,good,Focused browser coverage that a Course Instance assessment delivery page carries released Student-facing settings.,new file lines 1-168,ea0600aecce19247570e7037d350394e42866107ab80936eca55f9c263e1b93f,ea0600aecce19247570e7037d350394e42866107ab80936eca55f9c263e1b93f,827e0001d3fff6a66c4675d40c1674972ed9716116cb69f63cce5dde498a59f9,unchanged since capture,2026-10-01T03:19:20+00:00
tests/playwright/test_student_assessment_presentation.mjs,Tests and maintainer gates,refine,"Most cases exercise useful presentation, responsive matching, and keyboard/pointer/touch behavior. Direct CSS-string/adaptive-grid assertions freeze implementation. The explicit legacy-duration test framing also reinforces inherited UI repair state; choose a coherent base-duration contract before making that behavior permanent. See D6 and R2.","new file lines 305, 737-806; moved/deleted predecessor tests/test_student_assessment_presentation.mjs",66ed18b00a941d1a472ebad9e72d1f5f5ca602050177471775c6c1f8f072bda2,66ed18b00a941d1a472ebad9e72d1f5f5ca602050177471775c6c1f8f072bda2,bc9c8d3a56bf00c01e6b6d815cee284e1063b5c147291d8e39b6bc0d3bd0cd0e,unchanged since capture,2026-10-01T03:19:20+00:00
tests/support/assessment_attempt_delivery_harness.tsx,Tests and maintainer gates,good,Purpose-built harness supplies only the APIs the shipped Attempt page needs and tracks requests. It keeps answer-bearing information out of its student presentation fixture.,new file lines 1-137,3db04bdda6814a30c646390d616fe9fce58a4d3715a8aab73f6d35ab68d3f771,3db04bdda6814a30c646390d616fe9fce58a4d3715a8aab73f6d35ab68d3f771,8d3c58e755f9ac787d10ab7e07b4602b119d6e80796e2f11b459a0d50e8bffe6,unchanged since capture,2026-10-01T03:19:20+00:00
tests/support/blueprint_incorporation_harness.tsx,Tests and maintainer gates,good,"Shared harness collects Blueprint update, policy, timing, release, and delivery scenarios in one typed mock surface. It lets browser tests drive real pages without a full stack.",new file lines 1-535,007ae1fb19037ddbcf04e1d8d5ba556f88f0c6cb3a38efd2f4572a946d3e3262,007ae1fb19037ddbcf04e1d8d5ba556f88f0c6cb3a38efd2f4572a946d3e3262,52f58529a39f23f043a5d76d07664a57870cd7e625615b56073f03883434b060,unchanged since capture,2026-10-01T03:19:20+00:00
tests/support/course_entry_banner_harness.tsx,Tests and maintainer gates,good,Focused support fixture for the Course-entry banner scenario; no production boundary is altered.,new file lines 1-73,37eba77266807aaf13adb0093bcd2b57ae2230c74e5353c1de3d2a31eb41584f,37eba77266807aaf13adb0093bcd2b57ae2230c74e5353c1de3d2a31eb41584f,990cfb9bb7e8a895b3cf4bf91e202e96f31944a290c65dc1e076a3eef2bf389d,unchanged since capture,2026-10-01T03:19:20+00:00
tests/support/instructor_account_approval_harness.tsx,Tests and maintainer gates,good,Focused support fixture enables visible account approval/deactivation browser behavior.,new file lines 1-124,ac72259944d5b2c5066bc905e9975fd138fab015b99567974acc2a93718d1cfb,ac72259944d5b2c5066bc905e9975fd138fab015b99567974acc2a93718d1cfb,02a59d8dced98156937eced80b297823ad6c059291f2f157971b0c1a17ced1ac,unchanged since capture,2026-10-01T03:19:20+00:00
tests/support/ribbon_design_fixture.tsx,Tests and maintainer gates,neutral,Minimal fixture updates support ribbon rendering tests; it does not introduce product policy.,diff lines 1-13,40bd66f544880a48f5e8a23320e56db2745a7ebbcc90e195e46f2c72a020001f,40bd66f544880a48f5e8a23320e56db2745a7ebbcc90e195e46f2c72a020001f,36b6b372326272bfa1407d8cbe04bedb503da1b4b732bb40323c361c184452b3,unchanged since capture,2026-10-01T03:19:20+00:00
tests/support/student_course_entry_m6_harness.tsx,Tests and maintainer gates,neutral,Minimal fixture update supports Student Course entry evidence.,diff lines 1-13,0de977361de3d3892433ff7dde1070f34708296253ef9f7c1d9b0a97d897cc40,0de977361de3d3892433ff7dde1070f34708296253ef9f7c1d9b0a97d897cc40,5808a1a62ce8b18c1c283e038583ab9d52eff7cfa357c2657499976da53d1f8e,unchanged since capture,2026-10-01T03:19:20+00:00
tests/test_assessment_attempt_history_decoder.mjs,Tests and maintainer gates,good,Decoder contract change tests the added Student-facing status/title fields and rejects malformed data.,diff lines 1-69,00788566cc2475dbccc08fb709f7272fd381c69bbe95e9be82098844ffd80044,00788566cc2475dbccc08fb709f7272fd381c69bbe95e9be82098844ffd80044,cdfdcc9a9f5d2d4e8d9c58451e784c3a9f976210fe1a50f6aaa49ff17b2ece9a,unchanged since capture,2026-10-01T03:19:20+00:00
tests/test_assessment_attempt_navigation.mjs,Tests and maintainer gates,good,Pure navigation model tests cover new Coursework terminology and Attempt position behavior without service setup.,diff lines 1-182,f8df110c2f11d2cdcd9836c6303993238aad824f6eb319f900fa52e49a8adc3d,f8df110c2f11d2cdcd9836c6303993238aad824f6eb319f900fa52e49a8adc3d,10b4c0b07b6722baf92dbf067c7f67e2504816b2fc858eea78e335c4a59e8071,unchanged since capture,2026-10-01T03:19:20+00:00
tests/test_assessment_duration.mjs,Tests and maintainer gates,refine,"The pure duration/display assertions are useful. The added test then reads the policies page and asserts it contains exact component/constant names, which freezes wiring rather than proving an Instructor sees the guidance. Replace that final source scan with one rendered-form behavior check, or keep only the pure constants test.",diff lines 1-89,07af4822cd11278f683a2ef4d7b2497cfa91d6ee5e7bd83ef4666d91f59387ab,07af4822cd11278f683a2ef4d7b2497cfa91d6ee5e7bd83ef4666d91f59387ab,065b30bcc8f3423e7adc8099a1de3df2c394345e98b2b3aa7ef34042d2d02f18,unchanged since capture,2026-10-01T03:19:20+00:00
tests/test_assignment_client.mjs,Tests and maintainer gates,good,Client request/decoder contract tests capture the assignment API shape change.,diff lines 1-54,15733c2e2c4eeea4298a60875db33ab7d4bc4917aa24e701ce16c8fa4bc4b5ef,15733c2e2c4eeea4298a60875db33ab7d4bc4917aa24e701ce16c8fa4bc4b5ef,ccc9bd7ce23a55a803a6b8641d5ad508332e008ef28fdeb8623b5b6d706acd97,unchanged since capture,2026-10-01T03:19:20+00:00
tests/test_assignment_workspace_questions.mjs,Tests and maintainer gates,refine,"The policy save, point-value, and Question-ID batch model cases are useful. The final readFileSync checks for addQuestionsById, resolveQuestionIdBatch, and exact labels in two components are a source snapshot; test one mounted add-by-ID workflow instead if permanent UI evidence is warranted.",diff lines 195-289,42053786227c2a3f366b54b7ce0dafc8c428c6b6106e3cbce82c465850789abc,42053786227c2a3f366b54b7ce0dafc8c428c6b6106e3cbce82c465850789abc,f27b68342d2c4c90a4c003b4c41df39cfe2ee1b1b3fe273f2cbd9d7392c09501,unchanged since capture,2026-10-01T03:19:20+00:00
tests/test_blueprint_course_model.mjs,Tests and maintainer gates,good,Pure model coverage protects direct/adopted Blueprint state and canonical revision tuples.,diff lines 1-246,4d6d708fb10b0ceceb06aedd7a7b43f475c78cd2a063f57584f3bac9c80c28b9,4d6d708fb10b0ceceb06aedd7a7b43f475c78cd2a063f57584f3bac9c80c28b9,382adcea3cebff7cc979bcd583a3b0969481807836b662c31254faa8e847a196,unchanged since capture,2026-10-01T03:19:20+00:00
tests/test_blueprint_instructor_browse.py,Tests and maintainer gates,bad,"This does not execute database behavior or inspect a returned result: it extracts SQL text with regex and asserts substrings in two function bodies. It freezes query spelling and clause arrangement while providing no authorization proof. Replace with a database acceptance test for owner/Public/Archived/private visibility, or keep it temporary during SQL design work.",new file lines 1-39,4253a0778021321f90461abde9b0e70537fad0343f01e120e306ad18c4351f51,4253a0778021321f90461abde9b0e70537fad0343f01e120e306ad18c4351f51,45cffba0812ebdfc04e7308040f252d752fde78f8c3dff8d134e81896ce7e9a0,unchanged since capture,2026-10-01T03:19:20+00:00
tests/test_blueprint_search_return.mjs,Tests and maintainer gates,good,Narrow test protects search-return state instead of source structure.,diff lines 1-20,18870f673d4ea191d1d89a60bb33e30aefea7303ce4cdaf37c14b62fe6a77d13,18870f673d4ea191d1d89a60bb33e30aefea7303ce4cdaf37c14b62fe6a77d13,7e76fcb10c2da0ee8fe549e926a095450dcbd2d04b1135f15af82ed0fb5ee733,unchanged since capture,2026-10-01T03:19:20+00:00
tests/test_change_scope.py,Tests and maintainer gates,good,Updates direct unit inputs for changed screenshot rebuild scope behavior.,diff lines 1-26,cf0d01968cbe1f39a193734ac452f2e0a68cd5969e03461ac7660e737194d2cb,cf0d01968cbe1f39a193734ac452f2e0a68cd5969e03461ac7660e737194d2cb,22a97d712483c04274592f3551190e8a82348d1da5710e1778916868e8f87843,unchanged since capture,2026-10-01T03:19:20+00:00
tests/test_course_retention_ferpa.py,Tests and maintainer gates,bad,"Despite its important subject, this is entirely a regex/substring inspection of SQL tables, functions, and policies, including statement order via index(). It is not an authorization or retention behavior test and will reject equivalent schema refactors. Retain the stated lifecycle requirements in focused database acceptance tests; do not make this a permanent source gate.",new file lines 1-96,abdeafc2e37105475564f3274381fd87f9fd67e6ecad4a7c034a0d1617eff708,abdeafc2e37105475564f3274381fd87f9fd67e6ecad4a7c034a0d1617eff708,11d10cdeae96b52ad2b02eacb74d3f4b066160007dd0a962b970013a96dd4c27,unchanged since capture,2026-10-01T03:19:20+00:00
tests/test_course_theme_scope.mjs,Tests and maintainer gates,refine,The theme-resolution assertions are useful. The added test also parses BIOME_THEME_PALETTES.md with a strict table regex and requires every catalog color/name/luminance to match the registry. Keep this only if that document is the explicitly maintained canonical palette artifact; otherwise it is documentation/source duplication that freezes palette evolution.,diff lines 88-162,5f5007c73876c8cce2d00a7b1dd10e33fd084a8d590799ef3c934ebddee76cc9,5f5007c73876c8cce2d00a7b1dd10e33fd084a8d590799ef3c934ebddee76cc9,c77749762484a887678c052fc88ddf1cd636731ce81348dd330780babffbece3,unchanged since capture,2026-10-01T03:19:20+00:00
tests/test_frontend_contract.mjs,Tests and maintainer gates,refine,"It has useful client and SSR behavior checks, but new source-text assertions freeze component wiring and exact help copy across multiple files (for example CompactShortNameField and star-control placement). Test rendered behavior/role boundary once; remove source regexes that turn a refactor into a gate failure.",diff lines 174-586,1b07fbe64a9f72c7fabdd36b9ac4222ea1206444232d414a15fd7f6d8feefd58,1b07fbe64a9f72c7fabdd36b9ac4222ea1206444232d414a15fd7f6d8feefd58,eeeee8fc1821f1e56cccd48d9002f1a31d67662967dc7d38328587c22cf5d58a,unchanged since capture,2026-10-01T03:19:20+00:00
tests/test_instructor_account_decoder.mjs,Tests and maintainer gates,refine,"The decoder assertion is useful, but the new test also spawns a process to inspect implementation source for a vetting decision. Keep request refusal/decoded behavior; remove the source inspection.",diff adds Sysadmin approval test around lines 46-80,f03a1f7fca752adee569dc94a7567fb1423e75c32ee200ed952614855dd1d2df,f03a1f7fca752adee569dc94a7567fb1423e75c32ee200ed952614855dd1d2df,cfce89b425a30c86c55e18db85b7ffa2a90d7a07f26e7a8a21d4ac305730b96a,unchanged since capture,2026-10-01T03:19:20+00:00
tests/test_library_classification_search.mjs,Tests and maintainer gates,good,"Comprehensive but coherent API-contract coverage aligns Questions and Pools on shared Discipline/Subject/Topic/Subtopic/Tag vocabulary, validates decoders, and checks search/filter request shape.",diff lines 80-296,ee25efc07e32c15252dcb8569563f46797d5f8f762bb7540a655345d9012d41f,ee25efc07e32c15252dcb8569563f46797d5f8f762bb7540a655345d9012d41f,799b5ff89fad4eba0369748eb6b8228717ce6ca90fa68b4de1eda3f2eef23c86,unchanged since capture,2026-10-01T03:19:20+00:00
tests/test_live_assignment_release_validation.mjs,Tests and maintainer gates,good,Tests decoded Course Instance delivery settings and release validation through the client contract.,diff lines 86-130,e9a544118bb6802cfe04abd96eb80d575833a09f4332fb13658112b38fa15d94,e9a544118bb6802cfe04abd96eb80d575833a09f4332fb13658112b38fa15d94,cb24a0cbd7109c23a2b201c0237c20157640ed3ad492e775cf4cd97f1e19dd94,unchanged since capture,2026-10-01T03:19:20+00:00
tests/test_live_demo_target.py,Tests and maintainer gates,good,"Validates the deliberate LAN-request-host Live Demo deployment configuration, including internal TLS and absence of an accidentally localhost-only Caddy site.",diff lines 156-168,7976b25f7fdf320b438eedb716a395daf0307f4ace26261c0cd682e182c6fdd8,7976b25f7fdf320b438eedb716a395daf0307f4ace26261c0cd682e182c6fdd8,750ddfa4e2a8b5e85cd336f6ea7ab202d9f5b467ca169c081d730d711e5b5250,unchanged since capture,2026-10-01T03:19:20+00:00
tests/test_nested_identity_contracts.mjs,Tests and maintainer gates,good,Decoder contract explicitly keeps UUID-only proposal identity under proposalId and rejects a parallel id field; that supports the hidden UUID route rule without exposing it in navigation.,diff lines 364-405,2b22cb90d93605309d14ce284c1679021560b85e770152ae7a3bf1543b585ce0,2b22cb90d93605309d14ce284c1679021560b85e770152ae7a3bf1543b585ce0,4d5bbeae4c431ca70f7d51e7018b29270c4908db0ecc39951245a763e8d14b24,unchanged since capture,2026-10-01T03:19:20+00:00
tests/test_no_future_imports.py,Tests and maintainer gates,good,"A small repo-wide style gate is directly grounded in Human Guidance, has a simple correction, and avoids subprocesses. It is permanent-worthy.",new file lines 1-33,a5629852db1bc6334d885a5aeb2b385d0d6611f9f8925fb02aa0ae30af5d530c,a5629852db1bc6334d885a5aeb2b385d0d6611f9f8925fb02aa0ae30af5d530c,689e201d1a599319c8c465371e8656323097176b412a68c3d420c829a3935685,unchanged since capture,2026-10-01T03:19:20+00:00
tests/test_ple_question_json_authoring.mjs,Tests and maintainer gates,good,Client contract accepts SVG upload transport and verifies publication metadata validation before network use. The SVG test is valuable at the authoring API boundary.,diff lines 78-578,81c161df4949a7ea333ba9cfa3c0a0365c7f69293d504475c1c1392747c0c5eb,81c161df4949a7ea333ba9cfa3c0a0365c7f69293d504475c1c1392747c0c5eb,7b7381c939dea5463a95a751ab78660b1cc65686355071d80830c679acdd8475,unchanged since capture,2026-10-01T03:19:20+00:00
tests/test_public_navigation.mjs,Tests and maintainer gates,refine,"The route-param parser cases usefully reject wrong ID kinds. The new exact uuidNames inventory is a route-taxonomy snapshot and does not prove the user clarification that UUIDs stay out of visible navigation/copyable links. Keep parser kind checks, derive allowed UUID parameters from one declared identity contract, and cover visible navigation separately.",diff lines 104-180,fdb82ae98ae4a912d25521d57a7b73dc8096a1958946c735d88f125aec0a48c8,fdb82ae98ae4a912d25521d57a7b73dc8096a1958946c735d88f125aec0a48c8,21e895824f6d27a154a884dc33085f641b865244311169376db8844faa223cb9,unchanged since capture,2026-10-01T03:19:20+00:00
tests/test_question_picker.mjs,Tests and maintainer gates,good,SSR test verifies an answer-free Question inspection surface and checks that inspecting does not add a Question. This is meaningful Student/content integrity behavior.,diff lines 246-375,721dea88a1ad6a68259d5f97e0a6be8cee98cac8606b63d1ce841a4d1be3402e,721dea88a1ad6a68259d5f97e0a6be8cee98cac8606b63d1ce841a4d1be3402e,4f1e7a462707c292c51ec38e864043220b6430285d2b09bcc0538163567cc4ee,unchanged since capture,2026-10-01T03:19:20+00:00
tests/test_question_pool_creation_client.mjs,Tests and maintainer gates,good,Narrow client validation extends required Pool metadata tags and rejects noncanonical tags before network activity.,diff lines 34-99,e9972f0114e677a7d5426e32f282a15fbc49dd86ba9bdc281461ab887ade34eb,e9972f0114e677a7d5426e32f282a15fbc49dd86ba9bdc281461ab887ade34eb,9d9880f47cbc937ef228e26db815e300492baaf92a50155c5940629b44589933,unchanged since capture,2026-10-01T03:19:20+00:00
tests/test_question_pool_metadata.mjs,Tests and maintainer gates,good,Tests the shared metadata decoder contract and required Discipline/Subject values for Pool publication.,diff lines 95-121,7a32573eccdafbe1c572bcf6803b4a1bb9b7652308176046a87c72a00c9538a9,7a32573eccdafbe1c572bcf6803b4a1bb9b7652308176046a87c72a00c9538a9,ac9e75ee96dc8486cd70c77b925921f8f75a58760fb55d1ee8dd1411468f092f,unchanged since capture,2026-10-01T03:19:20+00:00
tests/test_question_response_controls.mjs,Tests and maintainer gates,good,SSR behavior checks distinguish Save/Clear/Submit language and ensure one concise persistence status. These map to direct Student interactions rather than source structure.,diff lines 535-638,cb90fedb8ef42f0ff331f19ec0dfd6684ecb8e8f9d2198559fe88b61e8daa1c8,cb90fedb8ef42f0ff331f19ec0dfd6684ecb8e8f9d2198559fe88b61e8daa1c8,f6c1798bcdec378e0c37a0e689e3e959159b05f7d2fe051218444f29d4c95607,unchanged since capture,2026-10-01T03:19:20+00:00
tests/test_question_watch_client.mjs,Tests and maintainer gates,refine,"The client disclosure contract is valuable, but the added SSR/source inspection uses a large ad hoc bundle and reads source to prove control placement. Retain the decoded request/visible disclosure behavior; remove the implementation scan.",diff lines 44-254,52dcd991c0f56b0d30c99730f5eb3d1f42cbdd22b552d02326f133d381dd216c,52dcd991c0f56b0d30c99730f5eb3d1f42cbdd22b552d02326f133d381dd216c,77980226de4644ac614651d6912394b941ded241fd1e051540862f177f0961d6,unchanged since capture,2026-10-01T03:19:20+00:00
tests/test_record_list_reorder.mjs,Tests and maintainer gates,good,"Direct helper boundary tests cover legal/illegal drag destinations, and SSR checks only user-accessible drag text and draggable state.",diff lines 21-95,e6a18864b179ae6fcc1f6aaeb8d5f6c9885139e39dea25244176737e6f36d9e2,e6a18864b179ae6fcc1f6aaeb8d5f6c9885139e39dea25244176737e6f36d9e2,763bf390269cc11c338aeff7d52fcaaa217c2205ea010a5d4cbf0e112f04bfed,unchanged since capture,2026-10-01T03:19:20+00:00
tests/test_ribbon_contract.mjs,Tests and maintainer gates,bad,"The new Student navigation test hard-codes the complete student route/component inventory and rejects pages by a broad forbidden-text regex. Route access/model assertions are valuable, but this source snapshot will block harmless page composition and is neither a complete authorization proof nor a durable UI contract.",diff lines 731-858,85cda103d63c786e4936d8f155ce7a93b8f47bfeb070846370fc9385ee0bfbba,85cda103d63c786e4936d8f155ce7a93b8f47bfeb070846370fc9385ee0bfbba,8e52f52272d82a4b0ddea29cd2ab91619d6192c484b209d28eedbd1e56917e13,unchanged since capture,2026-10-01T03:19:20+00:00
tests/test_ribbon_route_contract.mjs,Tests and maintainer gates,bad,Recursively scanning src and asserting exactly three file-upload source files plus exact textarea markup freezes an implementation inventory. It can reject a legitimate Instructor feature or miss authorization behavior. Test role-gated upload flows at their API/route boundary instead.,diff lines 81-134,2df3da75b56a00c0a627618afc09a0f5705895dc264d744b6114da2d1c1a8fe9,2df3da75b56a00c0a627618afc09a0f5705895dc264d744b6114da2d1c1a8fe9,16a4e575b134e8df01e77409141d53f4e1a510964ffda9ba3972a2ed144eac77,unchanged since capture,2026-10-01T03:19:20+00:00
tests/test_student_assessment_presentation.mjs,Tests and maintainer gates,neutral,Removed old Node/SSR test file because its coverage was migrated to the Playwright presentation suite. No lost unique behavior is evident from the moved tests.,deleted file lines 1-158,,,29b6c0aa23822188075da5c5b9ab9f1f8cb446e79dd7cd42b5f8ed9f0d406261,unchanged since capture,2026-10-01T03:19:20+00:00
tests/test_student_course_response_stats.mjs,Tests and maintainer gates,neutral,Fixture adds required questionTitle to match the decoded response-stats contract.,diff lines 7-61,f5ea7d31a386c68f130a8dbe569d5b33b75bc2e84864556e6d58e2bfa2b34f25,f5ea7d31a386c68f130a8dbe569d5b33b75bc2e84864556e6d58e2bfa2b34f25,f104331d138d86450a285f5a8019ca65d0feba50b7b4e4314c2eab6ec49acf8d,unchanged since capture,2026-10-01T03:19:20+00:00
tests/test_student_coursework_presentation.mjs,Tests and maintainer gates,good,"Compact state table distinguishes upcoming, available, completed, and missed Coursework; this is a durable Student-facing mapping.",diff lines 55-75,4dd4d2449120611ee97fb91e9dff9529307e0b786832f6e5a5c844b4ad790876,4dd4d2449120611ee97fb91e9dff9529307e0b786832f6e5a5c844b4ad790876,af90661c9a7e11bc34330d7a35fdaeafbbdc70ffc30f24e383ade95db23aff44,unchanged since capture,2026-10-01T03:19:20+00:00
tests/test_student_progress.mjs,Tests and maintainer gates,good,Refines the withheld-score fixture so it represents a completed Attempt and checks Student vocabulary does not leak Assessment jargon.,diff lines 115-135,a916872c1f24ff4e83cb8916944c93066ea5f4310eb907b43db7c59e186f8160,a916872c1f24ff4e83cb8916944c93066ea5f4310eb907b43db7c59e186f8160,82693d5ec99c1f5ea43dcbccf4a8d7d36e130a783af86cfbd7d81f09cc318bee,unchanged since capture,2026-10-01T03:19:20+00:00
tests/test_student_signup_reset.py,Tests and maintainer gates,bad,"This is a source-text snapshot of SQL tokens and exact INSERT counts, not a behavior test. It also freezes unfinished invitation/email/login implementation despite that work being deferred. Move it to temporary verification or replace after the email boundary exists with an integration test of revocation and record reuse.",new file lines 1-42,cff9c3cc21019d92b34595b06ec7e811e8b91bb9c4d5bc9843d1c77dd20d76aa,cff9c3cc21019d92b34595b06ec7e811e8b91bb9c4d5bc9843d1c77dd20d76aa,601215c31206f06b11bb83dd13c9f1b63a236331c00b5bd7228718baa2ed31e5,unchanged since capture,2026-10-01T03:19:20+00:00
tests/test_student_time_zone.mjs,Tests and maintainer gates,good,Pure context test proves selected Account timezone formats the same instant differently without displaying implementation timezone names.,diff lines 78-132,546ab8eeb85c3d688d0455561dc97a155773529d4840cb181d83187688ce514b,546ab8eeb85c3d688d0455561dc97a155773529d4840cb181d83187688ce514b,07ef55d352c394f530bda26abd2396c484437778e777962f89556837faec2a8c,unchanged since capture,2026-10-01T03:19:20+00:00
src/components/bloom_classification.css,Components and pages,good,"Uses the shared surface radius for the self-contained Bloom editor, consistent with the compact panel hierarchy.",diff:2-7; docs/HUMAN_GUIDANCE.md:280-287,e91d35ca81a9a4f2ca48775cd22af5b0256cca8ec9499633b19e1e54dbe31701,e91d35ca81a9a4f2ca48775cd22af5b0256cca8ec9499633b19e1e54dbe31701,8bb07d35edc912da00713e9370fb51d4a4172eb23c8419e68a815c37ce360bf2,unchanged since capture,2026-10-01T03:19:20+00:00
src/components/course_classification.css,Components and pages,good,Places the new Discipline-request control in the existing full-width classification field group rather than adding a parallel layout system.,diff:14-20,3e8647e4f7d3343da5d024c449c7a44d8dd133ef811c6adb78223a4faaa80d28,3e8647e4f7d3343da5d024c449c7a44d8dd133ef811c6adb78223a4faaa80d28,671968e4653c09048f85c6a73dc27d8e11d4e2a7396aa4f08623419afac8d489,unchanged since capture,2026-10-01T03:19:20+00:00
src/components/course_classification_fields.tsx,Components and pages,good,Adds the requested new-Discipline path adjacent to the selector and keeps creation authority with Sysadmin; native controls and status/error semantics are appropriate.,diff:48-164; docs/HUMAN_GUIDANCE.md:456-458,e7441e22bdcc99accec70859a7195d38ff8a8150369da601fb90f87b4e7c4699,e7441e22bdcc99accec70859a7195d38ff8a8150369da601fb90f87b4e7c4699,3e19d8918e3b29b39d15965f18ebbb43070a66fb149394e1ebfe4144f44ccd1f,unchanged since capture,2026-10-01T03:19:20+00:00
src/components/course_student_work_recovery.tsx,Components and pages,good,Improves recovery evidence recognition with titles plus labeled public IDs while preserving exact revision identity and inert retained evidence treatment.,diff:67-371; src/features/recognition_titles_load.ts:16-51,d506feab2407a2cafa12bb109c25c36ff0b089873898c79729f4e990fac986bf,d506feab2407a2cafa12bb109c25c36ff0b089873898c79729f4e990fac986bf,04399bc5de5c4e399c42a0381ccb59173d77f7def1219d6b18faa4e508aceefd,unchanged since capture,2026-10-01T03:19:20+00:00
src/components/discipline_request.ts,Components and pages,refine,"F-S4: the stored request is proportionate while email is deferred and Course classification needs a clear request path. But createDisciplineFromRequest composes create and resolve as two browser requests. If creation commits and resolving fails, the UI reports failure although the Discipline exists and the open request remains. Fulfillment is one domain transition and belongs in one server/database transaction with an idempotent receipt.",diff:48-55; src/pages/content_disciplines_page.tsx:66-83; schemas/base_schema/50_functions/content_classification_operations.sql:460-475,8ad099f34181b79a23cc4becaffda9bcc4251ef495662ad3fb486e7ff6a47565,8ad099f34181b79a23cc4becaffda9bcc4251ef495662ad3fb486e7ff6a47565,4afe4a655172780c55c92eca7d51dc020a16ae210ac6add83e4179277b4a8e31,unchanged since capture,2026-10-01T03:19:20+00:00
src/components/library_discussion_panel.tsx,Components and pages,good,"Moves library timestamps to the account-selected display-zone formatter, matching the profile-owned time-zone rule without exposing zone names here.",diff:5-10; src/selected_display_zone.ts:9-21,7ed25abfd34e0c4de70edf88b4a07e5836264eb2b24154af97728ef11b242d2a,7ed25abfd34e0c4de70edf88b4a07e5836264eb2b24154af97728ef11b242d2a,d9ef08e5f0e595fb9bd3349dfa07afaef1eb20ac0cb590a3918345926e8c98df,unchanged since capture,2026-10-01T03:19:20+00:00
src/components/page_frame.css,Components and pages,good,Makes long page titles shrink and wrap instead of widening the route layout.,diff:97-102; docs/HUMAN_GUIDANCE.md:311-316,3ab422cb789d8dce1d6a89b573937f0ce8a5ac4bf28e680a94bd7d42a77ab3da,3ab422cb789d8dce1d6a89b573937f0ce8a5ac4bf28e680a94bd7d42a77ab3da,efb746f9741a6f34713697354b2d22a4827ea8e6da0fb7941690ea1641956933,unchanged since capture,2026-10-01T03:19:20+00:00
src/components/question_bulk_metadata_editor.css,Components and pages,good,Uses the shared surface radius for the editor panel; no new visual exception is introduced.,diff:6-11,af0cf760617a41611c64b4ec56c90553fdc70b98ba2d7a6e83587769812625a5,af0cf760617a41611c64b4ec56c90553fdc70b98ba2d7a6e83587769812625a5,7d6523c256035e411a1cbd59c6ec37011162a357998790fb1a2e7270e2e7e9fa,unchanged since capture,2026-10-01T03:19:20+00:00
src/components/question_bulk_metadata_editor.tsx,Components and pages,good,Shows a Question title as the record heading and retains the public Question ID as a labeled supporting identifier.,diff:43-51; docs/HUMAN_GUIDANCE.md:318-320,4d505e2a80263cbc1d3f2ff0d0b2119c5ae9f26c827937ac1ed1065380259719,4d505e2a80263cbc1d3f2ff0d0b2119c5ae9f26c827937ac1ed1065380259719,7d1ea9e973a615f142e29c12d342ddcd5c366c3e363eabb35d325b08b069f978,unchanged since capture,2026-10-01T03:19:20+00:00
src/components/question_pool_star_control.css,Components and pages,good,"Keeps the Star control compact, focus-visible, and stateful without adding profile-like treatment for verified names.",diff:1-46; docs/DESIGN_DECISIONS.md:213-225,7338e1bc859d30a6aa7d2b43f60f7b4bea18de63282ad88697efdac1b11a1f36,7338e1bc859d30a6aa7d2b43f60f7b4bea18de63282ad88697efdac1b11a1f36,6aa8aaf9d6ffa66b14910323dec17ec19300e0c94763018d58dd3bdae3ba9148,unchanged since capture,2026-10-01T03:19:20+00:00
src/components/question_pool_star_control.tsx,Components and pages,refine,"R3: the projected Star state has one server owner. Mutation uses try/finally with no local error handling and a void click handler; failures lack a recoverable local explanation. Initial resource errors may reach an ancestor boundary, so this review does not claim they always silently hide the control. Add a small local failure state using existing UI patterns.",diff:47-93; src/pages/library_pool_discovery.tsx:595-600,d49cb6d3c11c9ff6f615ffee2b6a6cc1dd96021323c6ffe4ef90652be7825b06,d49cb6d3c11c9ff6f615ffee2b6a6cc1dd96021323c6ffe4ef90652be7825b06,b7a06859701dafa286ecbc82c4376e09d13835a0b6101363b1cdb7be19f1cfb3,unchanged since capture,2026-10-01T03:19:20+00:00
src/components/question_response_control_styles.ts,Components and pages,good,Adds a distinct saved state while retaining existing status/error styling and theme variables.,diff:43-54,3bd7149224707d601cfd15602de99fad2c9af51a681fa1368c230dc9e95f866a,3bd7149224707d601cfd15602de99fad2c9af51a681fa1368c230dc9e95f866a,71d27bcf66b9ff90eafa855477f79f8b8fe023ae36ec91cd916d77bdf3c04bbf,unchanged since capture,2026-10-01T03:19:20+00:00
src/components/question_response_controls/common.tsx,Components and pages,good,Centralizes persistence status in the response-control boundary and gives save failures alert semantics; it does not change grading or response ownership.,diff:30-65; diff:221-285; docs/NO_MOUSE_ACCESSIBILITY_CONTRACT.md:51-63,af50526cef9f78ccae52bd794e6bb13b037bf39c804c80633133e78c167154c3,af50526cef9f78ccae52bd794e6bb13b037bf39c804c80633133e78c167154c3,e4f6c02d8b7e2819cf72593d4a37cff5d3cefa2102fca6956c3b2cffbe25e504,unchanged since capture,2026-10-01T03:19:20+00:00
src/components/question_response_controls/matching.tsx,Components and pages,good,"Clarifies the destructive local action as Clear response, which is more precise for keyboard and screen-reader users.",diff:250-256,895b17ccfb5cece019ebfdcd62ef7ea9d8fb24934eab59ceefc03a7485b54e60,895b17ccfb5cece019ebfdcd62ef7ea9d8fb24934eab59ceefc03a7485b54e60,7a954ad01baa8e983c27d2ba757f1ce8029ac28d9b685f3e1705ef5e95094380,unchanged since capture,2026-10-01T03:19:20+00:00
src/components/question_response_controls/question_response_control.tsx,Components and pages,good,"Installs the persistence provider once around the format dispatcher, preserving one common status treatment across native response controls.",diff:14-20; diff:171-182,92a4bba5897c388c880e51c4d83411bfdafbd279d097a6ecf421193530c3bdf0,92a4bba5897c388c880e51c4d83411bfdafbd279d097a6ecf421193530c3bdf0,6b13aefd7f38f935f462ab3d36fe6048ff0c595b273cc39db6493ddf1298f033,unchanged since capture,2026-10-01T03:19:20+00:00
src/components/record_list/record_family.css,Components and pages,good,"Applies the shared surface radius to the scrollable table container, matching other self-contained record surfaces.",diff:82-87,130db1ac3b531c62424ce9171deed9b0c4edf1b09d849a22f1a4c8b2d677433a,130db1ac3b531c62424ce9171deed9b0c4edf1b09d849a22f1a4c8b2d677433a,c24a14b331464b1bb98d76347263740ad9b36052a76a1831fdec88ef401ed75f,unchanged since capture,2026-10-01T03:19:20+00:00
src/components/record_list/record_list.css,Components and pages,good,"Moves facts to an adaptive compact grid and keeps classification full-width, improving dense scanning and narrower reflow through the shared record owner.",diff:130-164; docs/HUMAN_GUIDANCE.md:293-320,2ad85a155d1dcf60a6e49061000ab14a8ccf5319d617eb8a4368acfd8115e6e8,2ad85a155d1dcf60a6e49061000ab14a8ccf5319d617eb8a4368acfd8115e6e8,807b5637a78bb2ba85c0d80b6f7b2f2b9705fbdb5d7c7d981150479fe57c3777,unchanged since capture,2026-10-01T03:19:20+00:00
src/components/record_list/record_list_reorder.tsx,Components and pages,good,"Validates native drops against current IDs and disabled policy before moving; keyboard controls, focus restoration, and live announcements remain owned by the shared reorder component.",diff:22-67; diff:181-235; docs/NO_MOUSE_ACCESSIBILITY_CONTRACT.md:171-179,6a9555ac6367c623054d524d19ad408dce66a193014a1a7b2ef33c2ca279a8f3,6a9555ac6367c623054d524d19ad408dce66a193014a1a7b2ef33c2ca279a8f3,110d114e4271e7c81539f49f8c3010ac7f95012bde2e41527b543a62bc9a4b00,unchanged since capture,2026-10-01T03:19:20+00:00
src/components/record_list/record_sequence.tsx,Components and pages,good,Reuses the shared native drag destination validation instead of duplicating reorder policy in sequence lists.,diff:6-21,0b05d82a5af273c854e59578eb468f71963e293df102e96ca398923acb14c039,0b05d82a5af273c854e59578eb468f71963e293df102e96ca398923acb14c039,c548aa688117572026ba6b20c77450e13093a136f8daee58eb9ada9b385306f4,unchanged since capture,2026-10-01T03:19:20+00:00
src/components/student_assessment_attempt_navigation.tsx,Components and pages,good,Uses the student-facing Coursework vocabulary for the question-navigation landmark.,diff:106-112,c6469c51cc7cef2207f0846ff1be6c82d508584e2d7c117ae2c767605147ef77,c6469c51cc7cef2207f0846ff1be6c82d508584e2d7c117ae2c767605147ef77,1871da9e76bef79965aa4b94fddcd8ef98294d325fc7e6adcdd722323b84b882,unchanged since capture,2026-10-01T03:19:20+00:00
src/components/student_assessment_presentation.css,Components and pages,good,Groups high-value start facts into compact sections and leaves secondary timing detail in native details disclosure.,diff:27-92; docs/HUMAN_GUIDANCE.md:309-324,8059d69fd96a1870703dba5937da82000647ed96f7333d86ef5ba39a1fea8622,8059d69fd96a1870703dba5937da82000647ed96f7333d86ef5ba39a1fea8622,54ca0467c4fc54940212f00d765999120a84c1216885e203a7185396a00062c3,unchanged since capture,2026-10-01T03:19:20+00:00
src/components/student_assessment_presentation.tsx,Components and pages,refine,F-S6: the expanded late-work subsection is labeled Attempt rules even though its sole fact is Late work. This produces an ambiguous repeated heading for navigation and assistive technology. Rename it Late work or fold it into the existing Attempt rules group.,diff:122-180; src/components/student_assessment_presentation.tsx:151-174,ca770268110dcedbe84cdb1c46a0f5c293e6a7847e41f74fb479f88896fecc40,ca770268110dcedbe84cdb1c46a0f5c293e6a7847e41f74fb479f88896fecc40,f808b0ab4fc12a755b5386f7d715ebbca41d7fc18cc84c3725a4a95ff0e2d722,unchanged since capture,2026-10-01T03:19:20+00:00
src/components/sysadmin_course_creation.ts,Components and pages,good,Keeps Sysadmin course creation explicitly assigned to an Instructor and validates the current Course-term lifetime before transport; it does not imply Sysadmin membership.,diff:1-80; docs/HUMAN_GUIDANCE.md:237-244,14ee9830b4a203710c12586b7779f653201a62efda1ce0d3d47e0cf9891fec57,14ee9830b4a203710c12586b7779f653201a62efda1ce0d3d47e0cf9891fec57,5b492e482f47b48ba37c1e855edebee393b52a98b209a6f77c64ad73b81c5cbc,unchanged since capture,2026-10-01T03:19:20+00:00
src/components/sysadmin_course_creation_form.tsx,Components and pages,good,Uses a bounded account-ID selector and makes the teaching-role consequence explicit before the creation action.,diff:20-216; docs/HUMAN_GUIDANCE.md:810-820,ac067910c55abec20ecd06cf13604cf2d6e288d9660791ac56f16e69e6daab14,ac067910c55abec20ecd06cf13604cf2d6e288d9660791ac56f16e69e6daab14,9469f109cd86008802aec32be570f2ccba8713b4d252df4520c53fdcba3fb103,unchanged since capture,2026-10-01T03:19:20+00:00
src/pages/assessment_attempt_finish.ts,Components and pages,good,"Separates whole-Attempt submission naming from one-response saves, preserving the distinct domain actions.",diff:2-13; docs/NO_MOUSE_ACCESSIBILITY_CONTRACT.md:47-55,0d5e05a7e816131cf4b13ace7c3f7963ea8f2f33cfba705179c58183e5128def,0d5e05a7e816131cf4b13ace7c3f7963ea8f2f33cfba705179c58183e5128def,7ddadd741644948c914b98eb93fd68420bf24f7db6a8584397197bb48a78fbec,unchanged since capture,2026-10-01T03:19:20+00:00
src/pages/assessment_attempt_page.tsx,Components and pages,good,"Moves the current response save state into its own response control, avoiding duplicate visible status messages and leaving final submission distinct.",diff:606-648; src/components/question_response_controls/common.tsx:408-437,c9259709b0d86d74dd450586ac818873efec61d00f29df6c6dd2b93d878b9b1a,c9259709b0d86d74dd450586ac818873efec61d00f29df6c6dd2b93d878b9b1a,ebadbb383d2a7ae908c33c818d8ea6f4393e18120eb4b3843088e163796435ca,unchanged since capture,2026-10-01T03:19:20+00:00
src/pages/assessment_attempt_summary_page.tsx,Components and pages,good,Exports the content component for isolated evidence while leaving route-owned loading and retry behavior in the page boundary.,diff:41-47,75f1ab3b81bbf52beb5a9c92680ea0ab44a5d5ba752c1a80bdde21c83de71f7e,75f1ab3b81bbf52beb5a9c92680ea0ab44a5d5ba752c1a80bdde21c83de71f7e,bb4afaf370ff5e4abe45ddac5e78e2259d59e647e8b96bb483225bbbd29a61a7,unchanged since capture,2026-10-01T03:19:20+00:00
src/pages/assessment_attempt_summary_styles.ts,Components and pages,good,"Scopes summary styling to the actual page content class, avoiding accidental styling of unrelated attempt-history content.",diff:1-75,089c41a2790e2f9f2d30383501155390f73f7192c9b4953e0e668d53e4f1d7b3,089c41a2790e2f9f2d30383501155390f73f7192c9b4953e0e668d53e4f1d7b3,00ce7750fa5cf88e7e2f318f2fad10aa5a129e49b2fc64467c51397cdad66e1a,unchanged since capture,2026-10-01T03:19:20+00:00
src/pages/assessment_templates_page.css,Components and pages,good,Normalizes self-contained template panels to the shared surface radius without altering template behavior.,diff:20-141,25ed8b1f60cb9235f065372d775575da92ce98e8f03abebfbbbaec722f5167ab,25ed8b1f60cb9235f065372d775575da92ce98e8f03abebfbbbaec722f5167ab,d5eb5f67a58df529e3c801e7d2a26b83b04aef9b659b8d3f05e707194763b3c3,unchanged since capture,2026-10-01T03:19:20+00:00
src/pages/assessment_workspace/assessment_blueprint_update_review.tsx,Components and pages,good,Uses recognition titles as headings while retaining public Question/Pool IDs and immutable revision/edit facts as labeled details for update review.,diff:38-208; docs/HUMAN_GUIDANCE.md:318-325,fe3691f980c11e00f798a667a0c370271945a94d864393c6a60c5e8bbb812de6,fe3691f980c11e00f798a667a0c370271945a94d864393c6a60c5e8bbb812de6,8abf3fe8ea833aa8e446851d9f7997969c0663e3bec60491db2b9b86dc2b678f,unchanged since capture,2026-10-01T03:19:20+00:00
src/pages/assessment_workspace/assessment_fixed_question_points_editor.tsx,Components and pages,good,Makes fixed-question point editing recognizable by title plus exact ID/revision rather than a bare identifier.,diff:107-126,1321ce94c39aa2013f55e9d1a111354ebf083e71c698768666e19c64b54f341f,1321ce94c39aa2013f55e9d1a111354ebf083e71c698768666e19c64b54f341f,394b66ef8256f8b463e7de82e3751bbdc061c9410b4f914f4707ef834b6d0251,unchanged since capture,2026-10-01T03:19:20+00:00
src/pages/assessment_workspace/assessment_pool_entry_editor.tsx,Components and pages,good,Keeps assessment-owned Pool mutation guarded by explicit interchangeability attestation and shows exact member identity in the shared sequence component.,diff:24-183; src/pages/assessment_workspace/assessment_pool_entry_editor.tsx:83-237,2c21d242ad2998023a71517857ff15fb3f4cfe04200e1c88be68dd63d4dcea62,2c21d242ad2998023a71517857ff15fb3f4cfe04200e1c88be68dd63d4dcea62,448308be4f300e110d637b226ec05e22456d619aac2706e0527af63c9a4ac0c8,unchanged since capture,2026-10-01T03:19:20+00:00
src/pages/assessment_workspace/assessment_question_id_batch.ts,Components and pages,refine,"R3: canonicalization, deduplication, capacity checks, and ordered results are useful. Resolution awaits up to 250 per-ID calls sequentially, multiplying network round trips. Prefer bounded bulk resolution at the existing API/store boundary if this workflow remains. No measured latency claim or unbounded browser fan-out is proposed.",diff:50-82; src/pages/assessment_workspace/assessment_workspace_questions_page.tsx:338-385; docs/HUMAN_GUIDANCE.md:588-591,17a5238d842c5d30eb31552f4a50b179934c3291588026a20c7bd57d424e46f3,17a5238d842c5d30eb31552f4a50b179934c3291588026a20c7bd57d424e46f3,12bcf9e2ef960711f0b6b7c75c1fbc75377cfc3f63b7e38d2b0a605ec6d18331,unchanged since capture,2026-10-01T03:19:20+00:00
src/pages/assessment_workspace/assessment_workspace.css,Components and pages,good,Applies compact shared surface radii consistently across workspace panels and notices.,diff:9-338,8fcdb0d102ce74afc24cd741ba4773d16fefd8363d3e30362ca27ba50cdc4ae9,8fcdb0d102ce74afc24cd741ba4773d16fefd8363d3e30362ca27ba50cdc4ae9,fc4fa3d49135039391d8d0f186dfdf7e824649686fc928d865d63e48dd279340,unchanged since capture,2026-10-01T03:19:20+00:00
src/pages/assessment_workspace/assessment_workspace_authoring.css,Components and pages,good,Uses the same compact panel radius hierarchy as the workspace shell.,diff:13-111,0cae22a2a83a995b346b5faff46dcf4e93c6df1affee11471f669c45e9024319,0cae22a2a83a995b346b5faff46dcf4e93c6df1affee11471f669c45e9024319,6b0a6638997f71b684a2876c0e251c2332c6df2ee7023a162e7bf8d00a3eb59c,unchanged since capture,2026-10-01T03:19:20+00:00
src/pages/assessment_workspace/assessment_workspace_policies_page.tsx,Components and pages,refine,The changed policy guidance makes blank values explicit. Surrounding code retains legacyTimeLimitSeconds and blocks unrelated saves until the value is repaired. This debt predates the baseline; R2 recommends aligning the base override contract through schema/domain/editor rather than preserving legacy state in a pre-production product.,diff:1-18; diff:557-703,8f55d9e5319c9fc8e152e99ef1056e730d921bb503a90fab5d8619af00f524ec,8f55d9e5319c9fc8e152e99ef1056e730d921bb503a90fab5d8619af00f524ec,6df07898ecb9cc3a0376e45b40d6c2db656e23dea8a077d510140c8dcb5e3302,unchanged since capture,2026-10-01T03:19:20+00:00
src/pages/assessment_workspace/assessment_workspace_questions_page.tsx,Components and pages,good,"Maintains exact revision pins and title facts for both picker and ID-added Questions, then delegates the UI to the focused QuestionsView.",diff:47-365; src/pages/assessment_workspace/assessment_workspace_questions_view.tsx:289-407,e00213274fd059916b7679a7c665918b1b57f0aaf4fb38511ef23ea288dab6e8,e00213274fd059916b7679a7c665918b1b57f0aaf4fb38511ef23ea288dab6e8,e5dba860fb6663cd41b93a5497d65ad77fafa78a13f7748d2be6717a54bf8c41,unchanged since capture,2026-10-01T03:19:20+00:00
src/pages/assessment_workspace/assessment_workspace_questions_view.tsx,Components and pages,good,"Keeps assessment content editing, Pool import, and Properties navigation distinct, with inspection available before adding a Question.",src/pages/assessment_workspace/assessment_workspace_questions_view.tsx:288-522; docs/HUMAN_GUIDANCE.md:573-590,9cb662d4ca02373dbe71339b1f9dc41bb853c68239eff01cf8347b3288d75716,9cb662d4ca02373dbe71339b1f9dc41bb853c68239eff01cf8347b3288d75716,d034ccd2d20f44703882b06e2b86e4044c79bdd0f67dca136acf81d9ce665ab4,unchanged since capture,2026-10-01T03:19:20+00:00
src/pages/assessment_workspace/assessment_workspace_selected_entry.ts,Components and pages,good,"Extracts dense, title-first Assessment Entry presentation into a pure mapping function with delivery facts and controlled removal action.",diff:1-117,b954c12d28bd20035e11f467f45fc58f08fb97a34a1aae481f95c9ca382acc3b,b954c12d28bd20035e11f467f45fc58f08fb97a34a1aae481f95c9ca382acc3b,38ed0d687900271b4d2f752c3b9edea0659a7d43932981c37febe30c70a516c8,unchanged since capture,2026-10-01T03:19:20+00:00
src/pages/assessment_workspace/assessment_workspace_student_view_page.tsx,Components and pages,good,Uses Coursework wording in the answer-free Instructor Student View without changing its no-Student-Work boundary.,diff:110-136; docs/HUMAN_GUIDANCE.md:428-429,aa702b55d985dae86d89b526f724614753b7e63e513ad1572fba9aef0527b60b,aa702b55d985dae86d89b526f724614753b7e63e513ad1572fba9aef0527b60b,d756a20d9f7e3d2540cf15fc55ead850d7ebcb02cd6231b99d4f9a60c7dce85e,unchanged since capture,2026-10-01T03:19:20+00:00
src/pages/blueprint_course_search_page.tsx,Components and pages,good,"Adds a persistent tag filter to the same search snapshot, request, applied-search description, pagination, and return-state path rather than creating a separate search workflow.",diff:50-474; docs/HUMAN_GUIDANCE.md:463-482,94f8f8082abf96fd9b0395321a7246d522c61387043bb20b094eb031a06c6865,94f8f8082abf96fd9b0395321a7246d522c61387043bb20b094eb031a06c6865,19c41355f0ee216bb6eaaa2bd4b15efd171359125492cb7de6962ca6f6739b3f,unchanged since capture,2026-10-01T03:19:20+00:00
src/pages/blueprint_course_search_return_state.ts,Components and pages,good,Extends the return snapshot with tag state so opening and returning from a result preserves the whole search.,diff:12-19,8c2a1c1cdecc24a4ff44ab7a8d687699b2059071a3616bbfd7c841775ccc4b09,8c2a1c1cdecc24a4ff44ab7a8d687699b2059071a3616bbfd7c841775ccc4b09,8bae9b7abf3c111c103d26bda5fdda92aec51e669d07be27392163ba56f29524,unchanged since capture,2026-10-01T03:19:20+00:00
src/pages/compact_short_name_field.tsx,Components and pages,good,Creates one small reusable field for the explicit compact-navigation guidance while retaining caller control of form state and focus.,diff:1-34,d7f3d2b51c5656953fcdf27780b234c1cdec61e6a9a201765165ecbf0a27d3c5,d7f3d2b51c5656953fcdf27780b234c1cdec61e6a9a201765165ecbf0a27d3c5,eea42a38df0e1d7e7fffdb3ee9f3d33dca9fb35965cd6b28aa8c858564cd1a7c,unchanged since capture,2026-10-01T03:19:20+00:00
src/pages/content_disciplines_page.tsx,Components and pages,refine,F-S4: the page treats fulfillment as a create-then-resolve browser sequence. The client-side local mutation cannot repair the partial-success state; call one atomic fulfillment operation instead. The request list and Sysadmin-only UI are otherwise well separated.,diff:33-104; diff:186-236; src/components/discipline_request.ts:48-55,17c5a73ab99198706b324b7152090bd06d5c615d0d11ecafe0fa25b2a0c6d41f,17c5a73ab99198706b324b7152090bd06d5c615d0d11ecafe0fa25b2a0c6d41f,19addc2867f3a9873867e44ca818a8d35775bbdbdecc51f88d9a40106f3c4b4c,unchanged since capture,2026-10-01T03:19:20+00:00
src/pages/course_instance_page.tsx,Components and pages,good,Reuses the compact short-name field in Course-to-Blueprint creation rather than duplicating instructional copy.,diff:180-211,f0805958708aecd6a9aacd8590025be4aea322b5d23a7ddb0d46d439f3737513,f0805958708aecd6a9aacd8590025be4aea322b5d23a7ddb0d46d439f3737513,1a88841299f924111f41c387cbba86507d0c4ce3d65e976bd4a734b9f43af5de,unchanged since capture,2026-10-01T03:19:20+00:00
src/pages/course_list_page.tsx,Components and pages,good,Adds the active-Course maximum-lifetime check at the creation form boundary with direct user-facing explanation.,diff:261-274; docs/HUMAN_GUIDANCE.md:496-497,c936f6e8450b978d1ce32dc9910862593aface5b23bd33b9c8e7e75cdcea39c7,c936f6e8450b978d1ce32dc9910862593aface5b23bd33b9c8e7e75cdcea39c7,93b4af2df74cb74926a89132f08040ad32ed33ae8db56b2255ef4fcacc95d4b3,unchanged since capture,2026-10-01T03:19:20+00:00
src/pages/instructor_accounts_page.css,Components and pages,good,Gives Instructor deactivation a distinct consequence treatment without boxing ordinary account facts.,diff:1-17; docs/HUMAN_GUIDANCE.md:641-648,80ab0721eec9c1d2cafec422b285e185fa9723f4ee80abcc907c6b3d8dc58268,80ab0721eec9c1d2cafec422b285e185fa9723f4ee80abcc907c6b3d8dc58268,fe4b89fe339907e15e7682d267c124abcca676fc4cf78ec18c3ad046f942762d,unchanged since capture,2026-10-01T03:19:20+00:00
src/pages/instructor_accounts_page.tsx,Components and pages,good,"Adds a reason check and confirmation dialog before deactivation, clearly states the sign-in/session consequence, and keeps reactivation a separate ordinary action.",diff:59-376; docs/HUMAN_GUIDANCE.md:199-200,054f231268174ebf396a6972e98ef6a6449e56f3853281f0f2140830372f4468,054f231268174ebf396a6972e98ef6a6449e56f3853281f0f2140830372f4468,fe7fc4724be89bb93f49db9bec219a9b487954c24ea73ec9c7f70687ddee2412,unchanged since capture,2026-10-01T03:19:20+00:00
src/pages/library_browse_rows.tsx,Components and pages,good,"Limits Draft Question creation to users allowed to mutate the Library, while keeping the empty-state explanation useful to all readers.",diff:243-260,29a6b3eb8c4c9c7757debd0a8b5596e42431dc73ace00e4a24611a788e0c5b5c,29a6b3eb8c4c9c7757debd0a8b5596e42431dc73ace00e4a24611a788e0c5b5c,6d9629777493ede8cd0e87dd3234f729e459de5834990b02b6bfdbdb938a3474,unchanged since capture,2026-10-01T03:19:20+00:00
src/pages/library_page.css,Components and pages,refine,"F-S7: this is a layout refinement, not an unjustified workflow. The new desktop grid locates controls by a long negated-child selector tied to current page child classes. It will silently misplace newly added direct children. Give LibraryPage explicit semantic regions/classes and grid those regions instead.",diff:448-487; src/pages/library_page.tsx:1-140,619686223df673ab1d970c0f091452831ddf10d3e3dc6fdf4b56cc7b1800dab7,619686223df673ab1d970c0f091452831ddf10d3e3dc6fdf4b56cc7b1800dab7,6e0514dbc71e7406a3150ba0425de505907bade3a82bb747e82272dc90430a19,unchanged since capture,2026-10-01T03:19:20+00:00
src/pages/library_page.tsx,Components and pages,good,Accumulates titles from displayed results so a later bulk metadata editor can recognize selected Questions after result changes.,diff:124-211; diff:788-809,194e9cf44a9419fcb91fa60e2a72ed351e750faf16667fb5b3a6ade05a4f1aa4,194e9cf44a9419fcb91fa60e2a72ed351e750faf16667fb5b3a6ade05a4f1aa4,f2bc7f44e447c10ab25dec152a15dc5f5dd664da4e7954db2508596fab6f451a,unchanged since capture,2026-10-01T03:19:20+00:00
src/pages/library_pool_discovery.tsx,Components and pages,good,"Adds the Pool Star control only inside the existing vetted-Instructor stewardship capability gate, preserving Sysadmin read-only inspection.",diff:27-96; diff:595-600; docs/HUMAN_GUIDANCE.md:1259-1265,3543cde30ce620b8eacce4c02bd38f82338a08331eadb50ec3b2e1ea3d50c91c,3543cde30ce620b8eacce4c02bd38f82338a08331eadb50ec3b2e1ea3d50c91c,6348d9959b35cd4c02b50d945c74425a373ef045f0f0f7a895acf95d210d4b06,unchanged since capture,2026-10-01T03:19:20+00:00
src/pages/library_watch_notifications_page.tsx,Components and pages,good,Uses the account-selected formatter at render time so a changed Profile time-zone preference updates Watch timestamps.,diff:5-145,f441482ba1b1a649452a43068ee87ae61c63a0135e359fdb4771166d6316d2bc,f441482ba1b1a649452a43068ee87ae61c63a0135e359fdb4771166d6316d2bc,e601ec81167e8603b55a4cbc930483b9e459d7cd643d8ab4c6e9ccc2a56c7a43,unchanged since capture,2026-10-01T03:19:20+00:00
src/pages/my_questions_model.ts,Components and pages,refine,"F-S2: My Questions is a direct teaching need, but this model always requests the first 50 authored Questions and exposes the server nextCursor without a position or next-page operation. Reuse the existing cursor-page model rather than embedding a first-page-only convenience request.",diff:1-27; src/pages/library_page_model.ts:110-157,525e8a4b0fd13e251eacd417c2ed3cee742825a1f1d79348583cf21702ce4aeb,525e8a4b0fd13e251eacd417c2ed3cee742825a1f1d79348583cf21702ce4aeb,6fc0dcafc0d9c43a04164c07b96a57d711d30d8494e2cdf6e40b1a24885aa214,unchanged since capture,2026-10-01T03:19:20+00:00
src/pages/my_questions_page.tsx,Components and pages,refine,"D3: the current page notices nextCursor but offers no continuation, while the backend already supports it. Finish this ongoing page by reusing shared paging controls. Unlike Starred, this does not require a new store contract.",diff:45-99; docs/HUMAN_GUIDANCE.md:510-512,d7839ab9fe0a936f91771015abb5755274b1e6bd486165b559bcd49c3cab5a8d,d7839ab9fe0a936f91771015abb5755274b1e6bd486165b559bcd49c3cab5a8d,85673179e9d9f4aea3f1fc1660e9dcd34e7b0d7c5c7a68a52e6d1d7484a71035,unchanged since capture,2026-10-01T03:19:20+00:00
src/pages/profile_account_id.tsx,Components and pages,good,"Shows and copies only a validated public Account ID on Profile, which is the explicit narrow exception for Account ID exposure.",diff:1-46; docs/HUMAN_GUIDANCE.md:810-820,a9b0b1aaa640ef445091c474e1c49b4d4df5acc62a07e0c18fc3cb01b3342d15,a9b0b1aaa640ef445091c474e1c49b4d4df5acc62a07e0c18fc3cb01b3342d15,0e80b49f81d21a44394d680fab03799ad90af5a4995788716d14ade9d092bb84,unchanged since capture,2026-10-01T03:19:20+00:00
src/pages/profile_page.tsx,Components and pages,good,"Places the Account-ID component only on the signed-in Profile page, alongside the account-owned time-zone settings.",diff:27-143,bdb22ccf918c5ff39bc3fc786137f21984a3ab9f343c08686a55c564a449c5c3,bdb22ccf918c5ff39bc3fc786137f21984a3ab9f343c08686a55c564a449c5c3,03ad8cce9a8bf135416a8f7bcd5f213b6aaeaa65242d2c727b57cd1879bf9e33,unchanged since capture,2026-10-01T03:19:20+00:00
src/pages/question_detail_page.css,Components and pages,good,Normalizes question-detail panel radius to the shared surface token.,diff:93-165,ec440a351f85950c21e2aca6eae948b5bac4a58f30b2e8119f99140dd8784948,ec440a351f85950c21e2aca6eae948b5bac4a58f30b2e8119f99140dd8784948,9a6d66447e3a865127ee14daccb1619dd96894e86049e226508cb311aa66bf08,unchanged since capture,2026-10-01T03:19:20+00:00
src/pages/question_statistics_panel.css,Components and pages,good,Normalizes the statistics panel radius to the shared surface token.,diff:4-11,ab1ff729be20e0421ae177ed62e2b52cfb13bbc5173eb03bc3dc7480f1300a70,ab1ff729be20e0421ae177ed62e2b52cfb13bbc5173eb03bc3dc7480f1300a70,5a7a0a5856b6eb99c295cc7d598a86b78b686998b81afd3aab3ef07402d70b0c,unchanged since capture,2026-10-01T03:19:20+00:00
src/pages/role_home_pages.tsx,Components and pages,good,Makes Sysadmin Course creation available from the appropriate role dashboard and explains that it assigns an Instructor rather than granting teaching access.,diff:9-97; docs/HUMAN_GUIDANCE.md:237-244,14c6bf3d7fb7f2bb3c42d6d4ab54050756e46d6b5dd767095768f85c1d3ecf61,14c6bf3d7fb7f2bb3c42d6d4ab54050756e46d6b5dd767095768f85c1d3ecf61,aaae2f10b51d7913ef6ca1e01a3205f6cbef142630b0f05020914b859398bcf0,unchanged since capture,2026-10-01T03:19:20+00:00
src/pages/starred_questions_model.ts,Components and pages,refine,"F-S3: Starred is a small, justified personal collection, yet its contract exposes a truncated flag but no cursor, limit, or alternate search path. The model therefore has no durable way to load older Stars.",diff:1-11; src/api/question_star.ts:30-42; schemas/base_schema/50_functions/question_stewardship.sql:218-250,cad0a8d818efd111e983dab780b1fc3ddbd2255916f473091be8f0de09c6caa1,cad0a8d818efd111e983dab780b1fc3ddbd2255916f473091be8f0de09c6caa1,fe6e74f207dad3b4c6a5e12af87b557752dcbe6f009a7fe230622a796fa08fa6,unchanged since capture,2026-10-01T03:19:20+00:00
src/pages/starred_questions_page.tsx,Components and pages,bad,"F-S3: when the server reports truncated, the UI only states that more Starred Questions exist. It gives no route to those records. Replace the hard 250-item endpoint with cursor pagination or an explicit complete searchable collection.",diff:45-91; docs/HUMAN_GUIDANCE.md:509-513,0e37909dfa2a44ba4d96abbab3e807954539e1f8721021031954c7d235f24d9a,0e37909dfa2a44ba4d96abbab3e807954539e1f8721021031954c7d235f24d9a,a1391f2938af149d90174507d824c0959bbc05f510c014c663f067772521dffa,unchanged since capture,2026-10-01T03:19:20+00:00
src/pages/student_course_landing_page.tsx,Components and pages,good,"Adds a textual Coursework status fact in each row, so assessment type and state do not rely on color or action wording alone.",diff:67-112; docs/HUMAN_GUIDANCE.md:359-365,96cac34b69f961718a57a95eabd6de1c5ded10a4246370f0e805a615eb2d2289,96cac34b69f961718a57a95eabd6de1c5ded10a4246370f0e805a615eb2d2289,82a11c7b7d343bad0446ecc5a57d14694ef9ed978889f6bfa806a2470fc27171,unchanged since capture,2026-10-01T03:19:20+00:00
src/pages/student_course_response_stats_page.tsx,Components and pages,good,Makes outcome rows title-first while retaining public Question ID/revision context and clearer duration wording.,diff:10-73,2d5f17e3f3d4b74124ef90497d44ab3356dd807fb209b1b3a2c7b6d14a6263e3,2d5f17e3f3d4b74124ef90497d44ab3356dd807fb209b1b3a2c7b6d14a6263e3,e2c8d943ecc22fe69a7805a4bdc19d6ffcc426ebd2571fd90ac06d5e37969545,unchanged since capture,2026-10-01T03:19:20+00:00
src/pages/student_work_inspection_page.css,Components and pages,good,Normalizes the Student Work inspection surface radius with the rest of the compact panel system.,diff:26-33,de8a19d6382ef2b95f381af5c24b4389107d288921ee0bea5de22465bd424387,de8a19d6382ef2b95f381af5c24b4389107d288921ee0bea5de22465bd424387,91a973e11eda2ca7c1774c9de278bba7fbcb53c0e288a6fd1d33ae043e2e1f2a,unchanged since capture,2026-10-01T03:19:20+00:00
docs/API_CONTRACTS.md,Documentation and manifests,good,The sole contract edit renames the two retired Assessment Types in the response-statistics scope. It keeps the endpoint's per-Course privacy boundary and does not add new API behavior.,diff docs/API_CONTRACTS.md:235; HUMAN_GUIDANCE.md Assessment Type specifications,ab6fa7f69c93e739d8da19d25522e34ce8feaa2157b9d7c587566c34188c0121,ab6fa7f69c93e739d8da19d25522e34ce8feaa2157b9d7c587566c34188c0121,b00a4264cba65322e5e6cf9d6b417d857ee8c482700f196d9cae0f06f41225d9,unchanged since capture,2026-10-01T03:19:20+00:00
docs/CHANGELOG-2026-09o.md,Documentation and manifests,good,Adds a precise archive pointer for the September 18 block; it preserves rather than rewrites the historical entry.,diff docs/CHANGELOG-2026-09o.md:1-7,a5bced0d7d6378e7be5432e76236563e87bb03f12d4f2796e673d83b4c9745c7,a5bced0d7d6378e7be5432e76236563e87bb03f12d4f2796e673d83b4c9745c7,3fbe8bace10459a26f2ffe94bd50774b9ff5114452977cbd882564e0b277197a,unchanged since capture,2026-10-01T03:19:20+00:00
docs/CHANGELOG-2026-09p.md,Documentation and manifests,refine,"The new archive preserves the September 22-27 day blocks, but its imported receipts repeatedly describe source/fixture checks as behavior changes. Keep the historical receipts, while labeling fixture and static evidence as evidence rather than completed product behavior.",diff docs/CHANGELOG-2026-09p.md:1-815; REPO_STYLE.md Changelog rotation,e3093b8ee94d65d3e02fe024d47030d70bd3400347f35d6456e6e68ce58a157c,e3093b8ee94d65d3e02fe024d47030d70bd3400347f35d6456e6e68ce58a157c,c3d7b7cf170a75edffe3f2e54129876fff9d1d606eacbfcdbdf63f5374a06a65,unchanged since capture,2026-10-01T03:19:20+00:00
docs/CHANGELOG-2026-09q.md,Documentation and manifests,good,Archives the September 22 block intact and explicitly distinguishes fixture evidence from Live Demo proof. That preserves useful scope limits for an active implementation period.,diff docs/CHANGELOG-2026-09q.md:1-89,06a29c2721a675c368001135c71dcbc70cc3d6c5ce78538dcd7c297b8fffc7cc,06a29c2721a675c368001135c71dcbc70cc3d6c5ce78538dcd7c297b8fffc7cc,67e05c30bd28476c6b975a23d7bd5e7d0014b54abf8e0413e327d0c74eb38428,unchanged since capture,2026-10-01T03:19:20+00:00
docs/CHANGELOG.md,Documentation and manifests,refine,The added 2026-09-29 block is a 900-line second Human Guidance checklist embedded as changelog prose. It makes later historical reconstruction and meaningful change review much harder. Record the concrete implementation changes and link to one evidence report instead of restating each HG sentence and test recipe.,diff docs/CHANGELOG.md:4-933; REPO_STYLE.md Changelog rotation and category guidance,bf724913592f3d14134b1ece1a2c054582b9fbfce5148d861b11ec24ce0be3a7,44dc80e28427416573f33d7cc48c906a6313ba6d8f8d035fcc9289be7cdf4430,7303658ccd781b94fde695290be14ca4f0b80357d0edd214dcb52ec4d7ce3577,subsequent diff read by coordinator,2026-10-01T03:19:20+00:00
docs/DESIGN_DECISIONS.md,Documentation and manifests,good,The direct preproduction terminology cutover consistently changes Regular/Practice names to Weekly/Unit Review and retains the deferred H5P boundary. It does not introduce a compatibility alias.,"diff docs/DESIGN_DECISIONS.md:30-61,682-688; HUMAN_GUIDANCE.md Deferred product behavior",3c187a3087b2e99ca02193b897d96cd8ad0822c71fa068284c5af3be901da30a,3c187a3087b2e99ca02193b897d96cd8ad0822c71fa068284c5af3be901da30a,72124dc31f77708e9ff853e36d70d47c6b19c685fc60790aa106ac9eb01c2720,unchanged since capture,2026-10-01T03:19:20+00:00
docs/NAMING_CONVENTIONS.md,Documentation and manifests,good,"Updates the Assessment Type naming rule directly, maintaining the single generic Assessment boundary without legacy terminology.",diff docs/NAMING_CONVENTIONS.md:19-25,ff9fd8eb4f1994b801d4e7feb1a2489b939b63460f30bd7bc4622c72d2096559,ff9fd8eb4f1994b801d4e7feb1a2489b939b63460f30bd7bc4622c72d2096559,ef671a6a08086d068da2a5acab85c61c32391f73ee5b49fcbf3acdb22a3245e8,unchanged since capture,2026-10-01T03:19:20+00:00
docs/SCHEMA_TABLES.md,Documentation and manifests,refine,"The generated table descriptions correctly document the new Discipline-request and Pool metadata shapes. They do not state who may replace Pool-owned authorship, license, and source metadata; that ownership policy must be explicit at the schema/API boundary rather than inferred from active-Instructor status.","diff docs/SCHEMA_TABLES.md:2215-2250,4815-4912; HUMAN_GUIDANCE.md Question Pool metadata",2af412b9e4197f586f7a05e7f37b9b1ffc42c66348ab2da13ab5437489dc59ba,2af412b9e4197f586f7a05e7f37b9b1ffc42c66348ab2da13ab5437489dc59ba,33b9e123eb5412f76985f7fe14599e6b033c43e32f80a6e7341d711958c29059,unchanged since capture,2026-10-01T03:19:20+00:00
docs/SCREENSHOT_ATLAS.md,Documentation and manifests,neutral,The small atlas edit is a capture-reference maintenance change; no current product claim or authority shift appears.,diff docs/SCREENSHOT_ATLAS.md,bf36d2100190c4d63515e6ebb1eb236f53c207546a23493f844332876b40c88f,bf36d2100190c4d63515e6ebb1eb236f53c207546a23493f844332876b40c88f,f5c4da819dfd19e6afb4714df79a3bfbfd4fdac7b992650ac6c0020d2e9ae235,unchanged since capture,2026-10-01T03:19:20+00:00
docs/STUDENT_GUIDE.md,Documentation and manifests,good,The terminology update adopts Weekly and Unit Review consistently in student-facing copy without expanding unfinished login/email behavior.,diff docs/STUDENT_GUIDE.md; HUMAN_GUIDANCE.md Assessment Type specifications,4e7eecd87984059afe732841882b9b299ceafbcff981b086c08719a390fd6649,4e7eecd87984059afe732841882b9b299ceafbcff981b086c08719a390fd6649,9e17be9995e7b9f935e94f6b9cafe7d843c63a810c9b6a44feb6adc4e8e0f5c3,unchanged since capture,2026-10-01T03:19:20+00:00
docs/TERMINOLOGY_CONTRACT.md,Documentation and manifests,good,"The contract makes the direct Assessment Type rename in definitions, icons, and disclosure language. It maintains the prohibition on generic Assignment and avoids a legacy synonym layer.",diff docs/TERMINOLOGY_CONTRACT.md:525-630,98f61fc47b9efe70748009aef0eaea17ba99a9ead575165d42493b27f53b1e79,98f61fc47b9efe70748009aef0eaea17ba99a9ead575165d42493b27f53b1e79,4f872e4c7986f6d4022424ba7cd96a375594ced8645f02e52d0401ea475d02d2,unchanged since capture,2026-10-01T03:19:20+00:00
docs/active_plans/audits/UI_UX_USABILITY_AUDIT.md,Documentation and manifests,bad,"The edit removes dozens of clickable screenshot evidence links and leaves bare filenames such as `overview_history.png` and `draft_list.png`. The old relative targets are now missing, but deleting the locator makes the audit less reproducible. Repair targets or state the archival location; do not turn evidence into unresolvable labels.",diff UI_UX_USABILITY_AUDIT.md:159-682; current docs/screenshots paths; missing screenshots/instructor/course_list.png,93843973bbdb6b414d262faa8e169ac63bd63fa416a19e0649fc5f52cb1848ff,93843973bbdb6b414d262faa8e169ac63bd63fa416a19e0649fc5f52cb1848ff,c1f2e038c447363d9d09f0a233cb0d4c68d44eeb1184b3b61dc6824fb730f96c,unchanged since capture,2026-10-01T03:19:20+00:00
docs/active_plans/audits/human_guidance_gap_map.md,Documentation and manifests,good,Repairs relative Markdown links from this nested document to the owning durable docs. The edit is narrow and does not change the stated gaps.,diff human_guidance_gap_map.md:125-191,11fd4c6a681f5e0b03dd949949614f163a2e9e40effb69f2e26739607055e2e7,11fd4c6a681f5e0b03dd949949614f163a2e9e40effb69f2e26739607055e2e7,d4e90f27b17ac5ed9479e2c69a6394c12053dae82e9d441d541f5f31fd1a50d9,unchanged since capture,2026-10-01T03:19:20+00:00
docs/active_plans/audits/human_guidance_implementation_checklist.md,Documentation and manifests,bad,"A very large set of broad HG rows changed from open to [x] based on narrow source assertions, isolated tests, or source-text tests. Examples mark FERPA treatment complete from retention definitions, visual/interface universals complete from selected fixture measurements, and absence claims complete without bounded inventory. This converts an uncertainty ledger into an overclaiming compliance ledger and motivates implementation-specific gates instead of real product invariants. Keep [x] only for claims whose stated scope is actually covered; use partial/source-evidenced status for the rest.","diff human_guidance_implementation_checklist.md:117-169,241-437,485-611,6111-6179; HUMAN_GUIDANCE.md Development principles; REPO_STYLE.md Ground requirements in actual needs",917e0ee3245939d8be3e4af1aa60735e25027d06a6f6bb792abe8bcfe62cd818,af18514c4e58caa0bf07d778ddfd8a69634a9fe63c709aaf906d89133a5ffa71,80b9ebb3cf4a8f6836c3763693337a11a74f35e17eeed9a47e4ce795d784a1ff,subsequent diff read by coordinator,2026-10-01T03:19:20+00:00
docs/active_plans/audits/record_list_caller_investigation_2026-09-25.md,Documentation and manifests,bad,"Replaces two screenshot links with bare names, removing the audit's direct evidence path. Retain corrected links or a clear archival reference.",diff record_list_caller_investigation_2026-09-25.md:187-193,f2b71a38bf7d6e571e10818de8352a959caf28febac43a89c49cdfe9ace2dc0d,f2b71a38bf7d6e571e10818de8352a959caf28febac43a89c49cdfe9ace2dc0d,d59aef6d1af113c5be2a6fcbfae0da97f172e011dcd88946879d19c91c541e57,unchanged since capture,2026-10-01T03:19:20+00:00
docs/active_plans/audits/record_list_page_frame_standardization_audit_2026-09-25.md,Documentation and manifests,refine,The changed source citation becomes a bare filename while surrounding citations remain links. It weakens a design audit's traceability without improving its claim.,diff record_list_page_frame_standardization_audit_2026-09-25.md:41-48,e1eeaced2b34083a908ee0c486be5d810363012dd34b6026fd9afa6d127fd451,e1eeaced2b34083a908ee0c486be5d810363012dd34b6026fd9afa6d127fd451,f763f0faa049817afd08d118b4bdae186da15f1b7f1636c3c8a34bbac853fd97,unchanged since capture,2026-10-01T03:19:20+00:00
docs/active_plans/audits/ribbon_route_scope_audit_2026-09-23.md,Documentation and manifests,bad,"Historical screenshot paths are stripped from the route-scope evidence table. The supersession note is good, but historical evidence needs a locatable archived or current capture reference rather than repeated ambiguous filenames.",diff ribbon_route_scope_audit_2026-09-23.md:25-37; current file lines 1-80,cdc8fdf823b89208287acaa094a3414e06f9c561137e06ab381ff51ce25e0b32,cdc8fdf823b89208287acaa094a3414e06f9c561137e06ab381ff51ce25e0b32,65d494f8cc9fb0e40a4ed25910d4b2c4420104b5560548ae3cb912b65f5a5c28,unchanged since capture,2026-10-01T03:19:20+00:00
docs/active_plans/audits/student_screenshot_breakdown_appendix_2026-09-21.md,Documentation and manifests,bad,"The document's purpose says its links point to role-owned evidence, while new rows replace those links with filenames. That is an internal contradiction and loses the ability to inspect an observation.",diff student_screenshot_breakdown_appendix_2026-09-21.md; current file Purpose and reading notes,1357e190f89b1ad5a0e79517b315dc19abe004988667477f53aafd77ebf8663e,1357e190f89b1ad5a0e79517b315dc19abe004988667477f53aafd77ebf8663e,d483a9cdf103886d83c1c0441a6a8db8d106c483e5d1a2dc56165090835ea4d4,unchanged since capture,2026-10-01T03:19:20+00:00
docs/active_plans/audits/student_ui_stability_and_density_audit_2026-09-21.md,Documentation and manifests,bad,"The diff systematically removes screenshot links from findings and evidence limits. This turns a usable visual audit into unlinked prose and should be repaired at the documentation layer, not accepted as link cleanup.",diff student_ui_stability_and_density_audit_2026-09-21.md,eea972243628c1adbe53f77893be3591352c11bef3334f64985658637f489719,eea972243628c1adbe53f77893be3591352c11bef3334f64985658637f489719,c68112c6b7852e644265a581a04ad25ffa91990b3ed66bf737658e1eb1ec9f7a,unchanged since capture,2026-10-01T03:19:20+00:00
docs/active_plans/review-the-content-of-merry-hickey.md,Documentation and manifests,refine,"The plan edits many repository citations from clickable Markdown links to code literals. This plan is still active, so traceability matters; preserve direct links to source and durable docs.",diff review-the-content-of-merry-hickey.md:18-284,70fea7cecc144f7b613b6b53a4756a27052c86d7b3c4b4600c877a28821dcce9,70fea7cecc144f7b613b6b53a4756a27052c86d7b3c4b4600c877a28821dcce9,5b9900a9c9f558e82d961cbb5fa38e258327cad76d8c483c13cb3a2b6ed3eed8,unchanged since capture,2026-10-01T03:19:20+00:00
docs/archive/audits/hg_checklist_parts/01_development.md,Documentation and manifests,refine,"Reviewed the full changed checklist input. The generator actively reads these parts from an archive directory, so edits are not inherently improper historical rewriting. Clarify active ownership/location and scope completion claims to their actual evidence. This is live generator input, not an immutable historical receipt. See R4.",diff archive/audits/hg_checklist_parts/01_development.md:1-185; REPO_STYLE.md Human guidance and design decisions,953a17042166e33388af3bb2124276d9e1267c3ac7fd36fa08a96d83b3af389a,953a17042166e33388af3bb2124276d9e1267c3ac7fd36fa08a96d83b3af389a,d82a158ffd7af81e7208f218db7b79834893c9f3068792508ce33382cf3e0631,unchanged since capture,2026-10-01T03:19:20+00:00
docs/archive/audits/hg_checklist_parts/02_accounts.md,Documentation and manifests,refine,"Reviewed the full changed checklist input. The generator actively reads these parts from an archive directory, so edits are not inherently improper historical rewriting. Clarify active ownership/location and scope completion claims to their actual evidence. This is live generator input, not an immutable historical receipt. See R4.",diff archive/audits/hg_checklist_parts/02_accounts.md; active checklist equivalent rows 241-447,0a71056dec442f6fad5e6fa6841608bd30963cf22ce465f1940f9501ae6c7c15,0a71056dec442f6fad5e6fa6841608bd30963cf22ce465f1940f9501ae6c7c15,b5bef1232c360b8ae3a5efb9317242f376387cfd7942fa7ff42a81eda9364e52,unchanged since capture,2026-10-01T03:19:20+00:00
docs/archive/audits/hg_checklist_parts/03_shell.md,Documentation and manifests,refine,"Reviewed the full changed checklist input. The generator actively reads these parts from an archive directory, so edits are not inherently improper historical rewriting. Clarify active ownership/location and scope completion claims to their actual evidence. This is live generator input, not an immutable historical receipt. See R4.",diff archive/audits/hg_checklist_parts/03_shell.md,9b6c6840de7442b46f479e06c4e77d03842590f84c8735566da537b35199a6e7,9b6c6840de7442b46f479e06c4e77d03842590f84c8735566da537b35199a6e7,6c8954f170899434cdf189f5b392c4e113f3f2b0c46c9717138e5fdf6b1d6916,unchanged since capture,2026-10-01T03:19:20+00:00
docs/archive/audits/hg_checklist_parts/04_instructor_ui.md,Documentation and manifests,refine,"Reviewed the full changed checklist input. The generator actively reads these parts from an archive directory, so edits are not inherently improper historical rewriting. Clarify active ownership/location and scope completion claims to their actual evidence. This is live generator input, not an immutable historical receipt. See R4.",diff archive/audits/hg_checklist_parts/04_instructor_ui.md,44563bc796d086fdc552745ccfcdaf4ab4e35bcd640f86a44cae2c6fdd9f0193,ad1c9c326ad00b99b514b24c905d750f8b22e486124e16d46293d49fac5bde80,31135dc27ba41543c57d2cde58ddc8d2f2aeb6d82010677dfa255a2605a9b7b3,subsequent diff read by coordinator,2026-10-01T03:19:20+00:00
docs/archive/audits/hg_checklist_parts/05_student_sysadmin_ui.md,Documentation and manifests,refine,"Reviewed the full changed checklist input. The generator actively reads these parts from an archive directory, so edits are not inherently improper historical rewriting. Clarify active ownership/location and scope completion claims to their actual evidence. This is live generator input, not an immutable historical receipt. See R4.",diff archive/audits/hg_checklist_parts/05_student_sysadmin_ui.md,2b2969d11d357a44a24eb2f6279057454fd2180ea14e5de7e474bc9a3028b0e7,2b2969d11d357a44a24eb2f6279057454fd2180ea14e5de7e474bc9a3028b0e7,716d47a22299f6a90154683bb765d37c4984d8e9f6167944b5ffff82abfc033b,unchanged since capture,2026-10-01T03:19:20+00:00
docs/archive/audits/hg_checklist_parts/06_data.md,Documentation and manifests,refine,"Reviewed the full changed checklist input. The generator actively reads these parts from an archive directory, so edits are not inherently improper historical rewriting. Clarify active ownership/location and scope completion claims to their actual evidence. This is live generator input, not an immutable historical receipt. See R4.",diff archive/audits/hg_checklist_parts/06_data.md,588814d6430a6b83807cfdac82fd026ba34001e1592f7aee6333b47e73ef484f,588814d6430a6b83807cfdac82fd026ba34001e1592f7aee6333b47e73ef484f,1fc80f0dc7e4a087b3428a63ce439086e7ad904075fbf4b7a5eb8d015754af1b,unchanged since capture,2026-10-01T03:19:20+00:00
docs/archive/audits/hg_checklist_parts/07_questions.md,Documentation and manifests,refine,"Reviewed the full changed checklist input. The generator actively reads these parts from an archive directory, so edits are not inherently improper historical rewriting. Clarify active ownership/location and scope completion claims to their actual evidence. This is live generator input, not an immutable historical receipt. See R4.",diff archive/audits/hg_checklist_parts/07_questions.md: finalization and grading sections,06c4a79a434b4de2e37a208c514f883eab3f7d0a970536aae31aff953a060ae4,16a276175e6ae2b8f447fc1254863a6107f4d92ac516a287f06a4396bddeb7f5,3065ac0969828aeaf5a30bbc73a117b6f1da0547ecb1f582a51d5a95aceaa431,subsequent diff read by coordinator,2026-10-01T03:19:20+00:00
docs/archive/audits/hg_checklist_parts/08_courses.md,Documentation and manifests,refine,"Reviewed the full changed checklist input. The generator actively reads these parts from an archive directory, so edits are not inherently improper historical rewriting. Clarify active ownership/location and scope completion claims to their actual evidence. This is live generator input, not an immutable historical receipt. See R4.",diff archive/audits/hg_checklist_parts/08_courses.md,74e4c5dc6e0332d2e3522236a774c25322129949bd2c13fe3c84bd320e9bb9ba,74e4c5dc6e0332d2e3522236a774c25322129949bd2c13fe3c84bd320e9bb9ba,4b2a1d0bb8db8e379bf1c2b496d1c8d0dbf7cceaae8d7cf560ec79c5a41ced5c,unchanged since capture,2026-10-01T03:19:20+00:00
docs/archive/audits/hg_checklist_parts/09_assessments.md,Documentation and manifests,refine,"Reviewed the full changed checklist input. The generator actively reads these parts from an archive directory, so edits are not inherently improper historical rewriting. Clarify active ownership/location and scope completion claims to their actual evidence. This is live generator input, not an immutable historical receipt. See R4.","diff archive/audits/hg_checklist_parts/09_assessments.md: assessment response, attempt timing, and scoring sections",c8c785275e1c1c83fba6a7946b5af22862ac613c24560e1a522e1819e0337b22,c8c785275e1c1c83fba6a7946b5af22862ac613c24560e1a522e1819e0337b22,8e63a97f0a0552eb3232dfdceb5e5d10db6ecaa17df5a29964dac7bb22099b62,unchanged since capture,2026-10-01T03:19:20+00:00
docs/archive/audits/record_list_candidate_inventory_audit_2026-09-23.md,Documentation and manifests,bad,The archive removes dozens of direct source and screenshot links while leaving labels only. This makes an otherwise valuable candidate inventory substantially less auditable.,diff archive/audits/record_list_candidate_inventory_audit_2026-09-23.md,19dde737c5fb4dcdb5bb3c9ebcc1bfcbfed1d65f9f29d2e35dd66eb5557b5bed,19dde737c5fb4dcdb5bb3c9ebcc1bfcbfed1d65f9f29d2e35dd66eb5557b5bed,9b991aa66a0aec5a1f7ce6a86d756b36639167be8f212d28e2922154513a054b,unchanged since capture,2026-10-01T03:19:20+00:00
docs/archive/audits/screenshot_recovery_independent_audit.md,Documentation and manifests,neutral,The diff is limited to terminology/link-maintenance context in an already historical audit; no newly introduced design claim was found in the edit.,diff archive/audits/screenshot_recovery_independent_audit.md,d23036a14499eb5f82dab4bd19b7abe0e01588ae1b65aa49e831bff6c22d04f0,d23036a14499eb5f82dab4bd19b7abe0e01588ae1b65aa49e831bff6c22d04f0,98ac066888036fe0beda4e8d83e43a16874e35371e1bbd0bd9f744c0d3e97506,unchanged since capture,2026-10-01T03:19:20+00:00
docs/archive/durable_live_demo_screenshot_corpus.md,Documentation and manifests,refine,Converts the documented screenshot command link into a bare filename. Historical operating documentation still benefits from a direct navigable repository link.,diff archive/durable_live_demo_screenshot_corpus.md: command reference,abdfe93ae31187ea0b15955cc95a33784eb2a973a7c7e6509816d5133d41bd86,abdfe93ae31187ea0b15955cc95a33784eb2a973a7c7e6509816d5133d41bd86,dccd7fc8e2b26712a7c063788129797ff28f6b41e8f20ce42706cc7e0fa7c005,unchanged since capture,2026-10-01T03:19:20+00:00
docs/archive/interface_cleanup_2026_09.md,Documentation and manifests,neutral,The small historical maintenance edit does not change a current product authority or introduce a new implementation requirement.,diff archive/interface_cleanup_2026_09.md,0eadf43d182a97d6fa139e329832fe0f49f13f00a5dc28c3451afb5b0cc850d9,0eadf43d182a97d6fa139e329832fe0f49f13f00a5dc28c3451afb5b0cc850d9,391ab344f053b223a9e8697e254aa1481b7d9db4bb8f79f0a98c79c2517ce5c9,unchanged since capture,2026-10-01T03:19:20+00:00
docs/archive/reports/human_guidance_compliance/COMPLIANCE_SUMMARY.md,Documentation and manifests,bad,"Removes many direct screenshot references from a historical compliance summary. If old generated screenshots are unavailable, record that fact and their prior path rather than erase the evidence locator.",diff archive/reports/human_guidance_compliance/COMPLIANCE_SUMMARY.md,a80c06ee335965b9aa10db6200647813e5fac6e3ba100c4d5f98eb7b4fc65e4d,a80c06ee335965b9aa10db6200647813e5fac6e3ba100c4d5f98eb7b4fc65e4d,24f328fa72d89ebb5769c68a5b90f59a90bb90936ae16099197e1a5ad38966b2,unchanged since capture,2026-10-01T03:19:20+00:00
docs/archive/reports/human_guidance_implementation_compliance/architecture_and_implementation_changes.md,Documentation and manifests,good,Repairs nested relative durable-document links without changing the historical conclusions or claims.,diff archive/reports/human_guidance_implementation_compliance/architecture_and_implementation_changes.md:78-101,9e5a3710adbdef4759d3a971c361a7a19c72f181d53e6c217d4e05b03651c31e,9e5a3710adbdef4759d3a971c361a7a19c72f181d53e6c217d4e05b03651c31e,b743396b4bafa7bfe8d48fa1185f80922503f35bedeef08a8d27e5cddb93c605,unchanged since capture,2026-10-01T03:19:20+00:00
docs/archive/restore_live_demo.md,Documentation and manifests,neutral,Reviewed the citation-label changes. Working relative links retain their targets; shortening a label is not a material design defect. No product behavior changes here.,"diff archive/restore_live_demo.md:25-55,132,1385",90cf0ad1146a7ae3f1a1503c0bcc7beb4e1db11a39ffcee9ca5172eceeedab86,90cf0ad1146a7ae3f1a1503c0bcc7beb4e1db11a39ffcee9ca5172eceeedab86,0e98e805721dea43b5868d485abfe268267fee8e3db3e67365ff8b843017b8a3,unchanged since capture,2026-10-01T03:19:20+00:00
docs/archive/ribbon_chrome_compaction.md,Documentation and manifests,neutral,Reviewed the citation-label changes. Working relative links retain their targets; shortening a label is not a material design defect. No product behavior changes here.,diff archive/ribbon_chrome_compaction.md:12-16,0abfd9992dd96fd5f35a0377fa23bbd2237c0bef8dbbe4ffd3623108d716dd79,0abfd9992dd96fd5f35a0377fa23bbd2237c0bef8dbbe4ffd3623108d716dd79,dfe71e5a3ee3abcb1b33d4fdc53d139389e8d7dfaa36043e6f688bee984aebc2,unchanged since capture,2026-10-01T03:19:20+00:00
docs/archive/virtual-doodling-honey.md,Documentation and manifests,neutral,Reviewed the citation-label changes. Working relative links retain their targets; shortening a label is not a material design defect. No product behavior changes here.,diff archive/virtual-doodling-honey.md:18-22,44154c8e2968dae1cba33e6dbfdb1dad443076ff03133cf549ae55d901fd5598,44154c8e2968dae1cba33e6dbfdb1dad443076ff03133cf549ae55d901fd5598,1394ada1a014747b8c2735a2ab9df742821feb48441f81c5f9355c195d773190,unchanged since capture,2026-10-01T03:19:20+00:00
docs/screenshots/coverage_exceptions.json,Documentation and manifests,good,Updates the exception ledger to say My Questions and Starred now have routes but await a canonical rendered checkpoint. It does not falsely mark the screenshot evidence captured.,diff screenshots/coverage_exceptions.json:10-100,e366562ad752f2ff344fd6776cb69c7241880cc6b8fdc79b8beac17400e1ecbe,e366562ad752f2ff344fd6776cb69c7241880cc6b8fdc79b8beac17400e1ecbe,e0c1a9476e043a16aa4d519dff6758cc798cab8cd9144f24eb431ad9105d37e9,unchanged since capture,2026-10-01T03:19:20+00:00
docs/screenshots/current_capture_manifest.json,Documentation and manifests,good,Mirrors the coverage-exception distinction in the canonical manifest: new personal Question routes are explicitly deferred for capture rather than treated as rendered proof.,diff screenshots/current_capture_manifest.json:4860-5099,e270cdb6e2545e646c8c22a71addba16090faf04b5989e219dbafacf6ec8615c,e270cdb6e2545e646c8c22a71addba16090faf04b5989e219dbafacf6ec8615c,96da629121af9ddb4fd53964dc1a267fc38e898103e0555ab75dd34b6570e1c7,unchanged since capture,2026-10-01T03:19:20+00:00
docs/ux/RIBBON_DESTINATION_LEDGER.md,Documentation and manifests,good,"Records My Questions and Starred as real routed Instructor destinations only after naming their route, client method, handler, page, and availability. This is a useful ownership ledger and does not expose UUIDs in navigation wording.",diff ux/RIBBON_DESTINATION_LEDGER.md: My Questions and Starred rows; HUMAN_GUIDANCE.md Ribbon and page layout,3493bd1266d8be9870972c4cfde2c89c38a4cb337010c845a6457d873b8a6d00,3493bd1266d8be9870972c4cfde2c89c38a4cb337010c845a6457d873b8a6d00,6fd066137b6f16a631fa75f373094ca91d7d9850b5bc7ca5585ec2d4eef9e921,unchanged since capture,2026-10-01T03:19:20+00:00
crates/browser-api-contract/src/student_course_response_stats.rs,"Server, domain models, object ingest",good,"Adds the Question title to the existing student response-statistics DTO, giving the client a stable recognition label alongside the revision tuple. The title originates in the server projection rather than browser lookup.",diff adds question_title to StudentCourseResponseQuestionStats; crates/server/src/live_student_course_landing.rs maps stats.question_title,dcf9840057aa4ff0491f9394609bd46a5b5a75dd666e79ad65e3fd29dd2a581d,dcf9840057aa4ff0491f9394609bd46a5b5a75dd666e79ad65e3fd29dd2a581d,a46df03dee158a3c9acc58dec0678e509f74afa8a6b08b12555794e633fc5af0,unchanged since capture,2026-10-01T03:19:20+00:00
crates/objects/Cargo.toml,"Server, domain models, object ingest",good,"Adds resvg at the common object-ingest boundary, which is the right dependency owner for SVG-to-raster conversion.",diff adds resvg.workspace = true,be4c1422505e27185dfb339c1cb21735341fe4db80d1297f562cc0ed3bfabe75,be4c1422505e27185dfb339c1cb21735341fe4db80d1297f562cc0ed3bfabe75,395b1e09792f2c2b817a61a6eef4df9a2dd289007360abce6013510d0c34b0b5,unchanged since capture,2026-10-01T03:19:20+00:00
crates/objects/src/image_validation.rs,"Server, domain models, object ingest",refine,The PreparedQuestionImage sum type is a sound single ingest boundary: callers retain raster bytes only and remeasure the rewritten output. It delegates SVG to a focused module. Its acceptance policy inherits the silent-text-loss defect documented as L001.,prepare_question_image returns Original or Rewritten; diff delegates image/svg+xml to svg_question_image::rasterize_svg_question_image,07108b5e5ce05e824ae5aed225080bfba1ddc08bc9d1cdeed67dd7d1a8467f52,07108b5e5ce05e824ae5aed225080bfba1ddc08bc9d1cdeed67dd7d1a8467f52,62452eda4abb909716276c36e37fa2bd9e939a4446fe75ade724085c6b1a812d,unchanged since capture,2026-10-01T03:19:20+00:00
crates/objects/src/image_validation/svg_question_image.rs,"Server, domain models, object ingest",bad,"SVG is accepted and irreversibly rasterized with usvg fontdb set to a new empty Database. SVG text which relies on normal installed or generic fonts can render absent, while the request succeeds and the original is discarded. Instructional diagrams commonly use text labels, so this is data loss rather than a cosmetic fallback. External image and network loading are correctly disabled, XML entities are rejected, dimensions are bounded, and stored output is lossless WebP.",options.fontdb = Arc::new(usvg::fontdb::Database::new()); Tree::from_data succeeds before bytes are irreversibly converted; tests cover rectangles and hostile image references but no SVG text rendering,fb1a74673a2746521215605a2a92f7c5d95bf8e7844af1035aecca5a5c6ef6b9,fb1a74673a2746521215605a2a92f7c5d95bf8e7844af1035aecca5a5c6ef6b9,71e1fcfd590fefc6194457bc3e54b0697f3747e2c4bec21cb2b6fc9b0cd7a09c,unchanged since capture,2026-10-01T03:19:20+00:00
crates/project-tools/src/curriculum_content/publication.rs,"Server, domain models, object ingest",neutral,"Supplies the new tag field with the unfiltered default for an existing Blueprint list request. This is necessary request-shape propagation, not a new policy.",diff adds tag: String::new(),83f000bafd67318f3648c7212d9a0061abc9334da29194887064d06036d07f81,83f000bafd67318f3648c7212d9a0061abc9334da29194887064d06036d07f81,fd10c8e3b018bda8a513c6f7f810081d83c42ef90a466a38deb353cb67185be8,unchanged since capture,2026-10-01T03:19:20+00:00
crates/question_model/src/auth.rs,"Server, domain models, object ingest",neutral,Rustfmt-only test layout change; no authentication behavior changed.,diff only wraps serde_json::to_string test expression,fcdee6917b1c4892135cd92323804dd43082c69c62eae39cebf7859dc1da89f5,fcdee6917b1c4892135cd92323804dd43082c69c62eae39cebf7859dc1da89f5,afca376e1250e4a6b8aec5968c083d1d9dbcfe91f26a41deb23cf865e98724b1,unchanged since capture,2026-10-01T03:19:20+00:00
crates/question_model/src/course_term.rs,"Server, domain models, object ingest",good,Models the six-month active-course rule as a separate validation operation rather than making every stored CourseTerm intrinsically six months long. Month arithmetic handles month-end and leap-day cutoffs and mirrors the database rule. This preserves valid historical terms while enforcing the creation workflow constraint.,"ensure_within_active_lifetime is separate from CourseTerm::new; docs/HUMAN_GUIDANCE.md line 495 specifies six-month active lifetime; tests cover cutoff, month-end clamp, leap day, and long stored terms",48bd8f002b7fe3c2caf10d591a06cda05a30d76b59aa4eb5266935111e24c83b,48bd8f002b7fe3c2caf10d591a06cda05a30d76b59aa4eb5266935111e24c83b,4eb016175ed9bcc0d13f788581f2e57dc77cff0cd6aaade7d129c90e4778d901,unchanged since capture,2026-10-01T03:19:20+00:00
crates/question_model/src/question_library_statistics.rs,"Server, domain models, object ingest",good,"Centralizes small-cohort suppression in the domain model. It removes all revision rows when any row is a positive small cell, avoiding complement disclosure; pool counts are independently omitted. Zero remains visible, which identifies no Student.","into_shared_statistics uses shared_count_is_disclosable; tests cover small rollup, revision complement, pool count, and zero",d8e075c8edd71eb12f575b441a6fc71604009535b20e364bdb708de88bd08eb2,d8e075c8edd71eb12f575b441a6fc71604009535b20e364bdb708de88bd08eb2,42063409cc5a59cea6cb198b6ac19a20292fa6e65566ffa80fa838b037d1dd94,unchanged since capture,2026-10-01T03:19:20+00:00
crates/server/src/assessment_delivery.rs,"Server, domain models, object ingest",good,Documentation-only propagation explains that Live Demo request-host mode consumes only the origin already accepted at the cookie boundary.,StateData browser_origin comment updated only,9f1b9b7ec444b837925695cb5b52b25b1477bb73cabe6ce43e0772901e9ced78,9f1b9b7ec444b837925695cb5b52b25b1477bb73cabe6ce43e0772901e9ced78,be966813a42e317c07edc4464e3d9b7ce75b3e8f0d6297e8b0e47d4f9c0a4480,unchanged since capture,2026-10-01T03:19:20+00:00
crates/server/src/assessment_delivery/context.rs,"Server, domain models, object ingest",good,Replaces potentially identifying assessment-attempt ID and full store error logging with a stable event and diagnostic category. The HTTP error mapping still occurs at the boundary.,diff removes assessment_attempt and error fields from tracing event; uses StoreError::diagnostic_kind(),b9f11a67c8699e3e5c2ebe9b0b37e94f8a09153bd3f25b76a85031cf8c541570,b9f11a67c8699e3e5c2ebe9b0b37e94f8a09153bd3f25b76a85031cf8c541570,176779f41ede960d59449a0e39fdeb50618466a5d22f9685f41f065dbb5cabfa,unchanged since capture,2026-10-01T03:19:20+00:00
crates/server/src/assessment_delivery/direct_finalization.rs,"Server, domain models, object ingest",good,"Generalizes the finalization function over ObjectStore rather than hardwiring S3, enabling a real in-memory integration-style unit test without altering production object semantics. The existing no-transaction-across-I/O design remains intact.",S3ObjectStore parameter becomes S: ObjectStore; test uses MemoryObjectStore and real PLE grading source,8f6f9e73355867c376cf25b10dc2bb0f3478edd51fa2ab184b90e46c4eb42700,8f6f9e73355867c376cf25b10dc2bb0f3478edd51fa2ab184b90e46c4eb42700,afdea600d2dcba23bc48f5355e0663bdded62068d8d21c93ab01952bdda73a12,unchanged since capture,2026-10-01T03:19:20+00:00
crates/server/src/assessment_delivery/history.rs,"Server, domain models, object ingest",good,"Adds a narrow field-level disclosure boundary for class statistics after the store has supplied evidence. Policy, complete cohort, current scoring, and minimum cohort requirements must all hold; absent and unavailable are omitted rather than serialized as a misleading value.","disclose_course_class_statistics returns Option<ClassStatistics>; tests cover small cohort, missing report, incomplete scoring, rescoring, invalid average, policy never, and safe cohort",b24fd3f8898ae0bd7553287b4145d43251b33ee41aef02f212e192218d1b26fa,b24fd3f8898ae0bd7553287b4145d43251b33ee41aef02f212e192218d1b26fa,b0914d4ae064341025b6041e650f7b5f3d08e48ed5a7150677f2bf3422fe12b9,unchanged since capture,2026-10-01T03:19:20+00:00
crates/server/src/assessment_pool_fork.rs,"Server, domain models, object ingest",neutral,Import ordering only.,diff changes question_model use ordering only,7a46a41c9bc9612cb1422c80870b3c154088d4d9c5d8b9bcabf90c371d4fd42b,7a46a41c9bc9612cb1422c80870b3c154088d4d9c5d8b9bcabf90c371d4fd42b,df24cf8b22abf7067b24f8bbf66e3d2bc17443db97819699c74df25ad51e58be,unchanged since capture,2026-10-01T03:19:20+00:00
crates/server/src/assessment_student_time_accommodation.rs,"Server, domain models, object ingest",neutral,Import ordering only.,diff changes question_model use ordering only,5905b1165b0aae2954dee4833bfdca439334cc384a3a3a5abf236ddf38294deb,5905b1165b0aae2954dee4833bfdca439334cc384a3a3a5abf236ddf38294deb,49712773e12195e22b10828bfd659c3f23b756a6a55714615a1b6c8a147bfa9b,unchanged since capture,2026-10-01T03:19:20+00:00
crates/server/src/assessment_student_view.rs,"Server, domain models, object ingest",good,"Carries the origin accepted by cookie middleware to the answer-free author-content document, so a LAN/Tailscale Live Demo iframe uses its actual first-party origin while exact production remains configured-origin based.",document extracts Option<Extension<AcceptedBrowserOrigin>>; answer_free_document receives browser_origin explicitly,260f3210603d25aa8b67b1607668ab3f5f3a5d0104fceed0ccceae01339d568c,260f3210603d25aa8b67b1607668ab3f5f3a5d0104fceed0ccceae01339d568c,f56776670c809970fa07b8e13116550aabede528b1db7b9927d88f589654207b,unchanged since capture,2026-10-01T03:19:20+00:00
crates/server/src/assessment_template.rs,"Server, domain models, object ingest",neutral,Rustfmt-only match-arm layout.,diff changes a three-line Ok arm to one line,10f1fb4bcdbd4a91534aefdef6d0eada2532285ae877c10f95b748b593696c89,10f1fb4bcdbd4a91534aefdef6d0eada2532285ae877c10f95b748b593696c89,6286dc05d2c0906409364d6d7d411dc5a22b498d301fa087dba251ed6a6b8827,unchanged since capture,2026-10-01T03:19:20+00:00
crates/server/src/auth.rs,"Server, domain models, object ingest",neutral,"Adds a passwordless-session helper, but passwordless login/email behavior is explicitly deferred and excluded from this audit as directed. The helper's role split is clear: Sysadmin gets no session through this path.",issue_passwordless_login returns Ok(None) for Sysadmin; HG Deferred product behavior and user direction exclude unfinished login/email scrutiny,fd05da753858fc5612f29e565006f8e901f6626868428a61e16a756000010d83,fd05da753858fc5612f29e565006f8e901f6626868428a61e16a756000010d83,0c01cb5c3794d92756c09f509f739d0144da7fa4b1ae1117849b1f37e4cdf9ec,unchanged since capture,2026-10-01T03:19:20+00:00
crates/server/src/auth/browser_boundary.rs,"Server, domain models, object ingest",good,"Implements a bounded Live Demo host-acceptance mode while leaving exact configured-origin production mode default. Host parsing rejects syntactically dangerous authorities, writes require matching Origin, and the accepted origin is passed explicitly instead of re-reading request headers downstream. This implements the HG LAN/Tailscale requirement without changing production defaults.","accept_request_host defaults false; composition enables only PLE_ACCEPT_REQUEST_BROWSER_HOST=1; https_origin_for_authority rejects userinfo, paths, control/unsafe characters and invalid ports",87126e5d055a7f0fa6acfdb4e269201ed70ba350ab58f02e94c31ca64872512c,87126e5d055a7f0fa6acfdb4e269201ed70ba350ab58f02e94c31ca64872512c,7abfcddfb24e46abfdfa7d25231792ea3b938fb2baba50430595c2e72d1145ff,unchanged since capture,2026-10-01T03:19:20+00:00
crates/server/src/auth/sysadmin_totp.rs,"Server, domain models, object ingest",neutral,Rustfmt-only conditional layout.,diff changes line wrapping only,15b11e9cb4d5495fba1a2c8565b3397c6084b97b8b4cabc6d40814f131ef6d72,15b11e9cb4d5495fba1a2c8565b3397c6084b97b8b4cabc6d40814f131ef6d72,e30128aa49d9badd1a25241303335321734832b86271a7ab689dcd1b62d8ffd2,unchanged since capture,2026-10-01T03:19:20+00:00
crates/server/src/author_content_document_route.rs,"Server, domain models, object ingest",good,"Correctly propagates the accepted first-party origin into isolated author-content documents. The added tests give useful evidence that author JavaScript is data-encoded, sandboxed without same-origin, receives no PLE credentials/state, has no network by default, and uses a locally served reviewed dependency rather than a CDN.",document calls document_parent_origin; CSP tests assert sandbox allow-scripts and connect-src none; RDKit test verifies local dependency routes and SRI,0311b52d4992002188e9aa3fe8546849415f92d21927da0342fc391c5c80d455,0311b52d4992002188e9aa3fe8546849415f92d21927da0342fc391c5c80d455,b7f2acd87bb5b5b2a22c86051ad4168f1638fd199fd4770b4d9db4fc1295b34f,unchanged since capture,2026-10-01T03:19:20+00:00
crates/server/src/blueprint_course.rs,"Server, domain models, object ingest",good,Adds a focused recognition-title endpoint under the existing Blueprint Course owner instead of duplicating Question/Pool reads in the frontend.,router adds /api/course-blueprints/recognition-titles,06fe9ab53b4002b9393204bcfcf0505f8e60d2cf5125fc4775581f18b2782ce1,06fe9ab53b4002b9393204bcfcf0505f8e60d2cf5125fc4775581f18b2782ce1,31fc82717259695e77168a9a73787d46df81fd5dfaae7b0be34cbbe49020931b,unchanged since capture,2026-10-01T03:19:20+00:00
crates/server/src/blueprint_course/list.rs,"Server, domain models, object ingest",good,Adds tag filtering while correctly making it part of the normalized cursor binding and cursor schema version. This prevents a continuation token from silently changing its result set.,ListCursor includes tag and version is bumped; list_request trims/bounds tag and compares cursor.tag; tests cover tag continuation mismatch,f6aad453871aec332c6edac2d2e79a1afd09614c5a720dd0a4c2670d3da0fae4,f6aad453871aec332c6edac2d2e79a1afd09614c5a720dd0a4c2670d3da0fae4,4b7515a1d5e2c554f8348d9c2c3d8d1d6cc5a0985da66d8a038775852df3b5ff,unchanged since capture,2026-10-01T03:19:20+00:00
crates/server/src/blueprint_course/promotion.rs,"Server, domain models, object ingest",neutral,Rustfmt-only match-arm layout.,diff changes layout only,a79c28851a97e62abedada8d1b15f9cc03ba2f80e572046e65056f9c102e9876,a79c28851a97e62abedada8d1b15f9cc03ba2f80e572046e65056f9c102e9876,8d845ddbd82244f8987e94c72cbfe957c1192f7209fe3b5ea7e68c224cd0c4d3,unchanged since capture,2026-10-01T03:19:20+00:00
crates/server/src/blueprint_course/recognition_titles.rs,"Server, domain models, object ingest",good,"A focused bounded read boundary: closed JSON shape, canonical public IDs, duplicate rejection, a combined 1,000-ID cap, and Store-owned authorization. It avoids inventing a browser-side source-of-truth title cache.",canonical_ids uses BTreeSet and FromStr; MAX_RECOGNITION_TITLE_IDS and MAX_RECOGNITION_REQUEST_BYTES; uses BlueprintCourseStore.load_recognition_titles,a2de523521a18b375dab612beccf77e695a2498f6d2fb205d676ae7f710328fd,a2de523521a18b375dab612beccf77e695a2498f6d2fb205d676ae7f710328fd,ca82628e06396daa7bd5576dbe4ba9e3bfbe9732d68edcacae9bb2a53b7dec0f,unchanged since capture,2026-10-01T03:19:20+00:00
crates/server/src/blueprint_stewardship.rs,"Server, domain models, object ingest",neutral,Rustfmt-only match-arm layout.,diff changes layout only,b0f0446f6e7ac46f82dc60fee692aa1fe5b500cef6f0cb7fe90a76449b74ad6f,b0f0446f6e7ac46f82dc60fee692aa1fe5b500cef6f0cb7fe90a76449b74ad6f,df036e4886119e8c7a4f29bad98ffee67b7b90f7e1310f8451ec3d1f388acc6d,unchanged since capture,2026-10-01T03:19:20+00:00
crates/server/src/composition.rs,"Server, domain models, object ingest",neutral,Read the changed SMTP/retention delivery boundary. Composition owns provider configuration and the adapter consumes verified destinations and redacted notices. This is explicitly deferred daemon/email work and excluded from present readiness findings; no completion or runtime acceptance is demanded.,PLE_ACCEPT_REQUEST_BROWSER_HOST only accepts exact 1; course_retention_notification_delivery_from_env wires SMTP; HG Deferred product behavior says all automated daemon backends deferred,a8215d4226dbae7a6df88d7e0239647976886562607bd21ecf15313b585ab879,a8215d4226dbae7a6df88d7e0239647976886562607bd21ecf15313b585ab879,9bd3089a6ba3ed85b41dac3cdc0ee25de9326b8f1b971504a57982d359cb9d2c,unchanged since capture,2026-10-01T03:19:20+00:00
crates/server/src/content_classification.rs,"Server, domain models, object ingest",good,"Adds the requested missing-Discipline workflow with clear authority: active Instructor/Sysadmin can request, Sysadmin lists/resolves, and the Store/SQL rechecks actors. UUIDs occur in API JSON rather than visible navigation, consistent with clarified HG interpretation.",request_discipline uses reader_token; list/resolve use sysadmin_token; docs/TERMINOLOGY_CONTRACT.md says Instructors can request missing Discipline; request_json is only returned on authenticated API routes,3f078753c2e01210d8c3ab432c93f3f8b21d78032e93d89992c4babb81eef19d,3f078753c2e01210d8c3ab432c93f3f8b21d78032e93d89992c4babb81eef19d,2c1f3e4a477c164a981b6fec33275a14f933168c6989a5a38f1f25ffe0e15906,unchanged since capture,2026-10-01T03:19:20+00:00
crates/server/src/course_appearance.rs,"Server, domain models, object ingest",neutral,Rustfmt-only import/match-arm layout.,diff changes layout only,84587e1f8321c9f3d09b7b9eb4412e9d700209838b6eef367eba8f1d747aef90,84587e1f8321c9f3d09b7b9eb4412e9d700209838b6eef367eba8f1d747aef90,17b0690f0a686b3d05c6ca38a6ce30fa4c6631f8dfa05262a5f77df87face2ce,unchanged since capture,2026-10-01T03:19:20+00:00
crates/server/src/course_retention_notification_delivery.rs,"Server, domain models, object ingest",neutral,Read the changed SMTP/retention delivery boundary. Composition owns provider configuration and the adapter consumes verified destinations and redacted notices. This is explicitly deferred daemon/email work and excluded from present readiness findings; no completion or runtime acceptance is demanded.,SmtpCourseRetentionNotificationDelivery implements narrow delivery trait; HG Deferred product behavior says all automated daemon backends deferred,0d76479608c6383640f2e945cf48b72632a6ee9accf904c81a041e45db044d94,0d76479608c6383640f2e945cf48b72632a6ee9accf904c81a041e45db044d94,5eb95c724a26c540f2de9a13463a25346df63000c1e9e26f6aa9e23b701578e2,unchanged since capture,2026-10-01T03:19:20+00:00
crates/server/src/course_retention_worker.rs,"Server, domain models, object ingest",good,"The added test directly proves deletion applies to course student records rather than an Account. Logging now uses diagnostic categories rather than full error text, limiting FERPA-sensitive operational leakage. Worker execution itself is deferred and was not assessed for readiness.",course_retention_delete_follows_the_course_not_the_account test; diff logs error_kind not error,fb1286d96fbe9cfb6d7535c16cf2bcd4dc2eec367cce78b7ebaef1a649ec1b2e,fb1286d96fbe9cfb6d7535c16cf2bcd4dc2eec367cce78b7ebaef1a649ec1b2e,2504c6a5b9520b71eb3b86ac8ea959d223ae1333bb0e9607f78075ab4ee73803,unchanged since capture,2026-10-01T03:19:20+00:00
crates/server/src/course_roster.rs,"Server, domain models, object ingest",neutral,"Adds signup-reset export and access-restore handlers, but login/email delivery is explicitly deferred and excluded from substantive scrutiny. The visible route layer does pass only an Instructor session token to Store procedures, preserving the established authorization ownership.",reset_student_signup_access and restore_student_course_access require Instructor role; user directed unfinished email/login content is out of scope,0f95009ab142244bd917fe2772fa1f601bb3cf237bf0f4f4fd531484ea3eb38c,0f95009ab142244bd917fe2772fa1f601bb3cf237bf0f4f4fd531484ea3eb38c,9178bfadfd553e8588675f18621492ad5e9e9801b91316321fbb84ae73950866,unchanged since capture,2026-10-01T03:19:20+00:00
crates/server/src/draft_question_images.rs,"Server, domain models, object ingest",refine,G3: the caller uses the shared prepare_question_image boundary and stores validated raster bytes/media type. It inherits D2 SVG content loss. No caller-specific conversion workaround is warranted.,upload calls prepare_question_image and matches PreparedQuestionImage; stored media type is derived from verified raster,3833813b5c4fc002e8ec873044d42b6457a5d0fb088ee306e204c278ca4fec14,3833813b5c4fc002e8ec873044d42b6457a5d0fb088ee306e204c278ca4fec14,4fcfc3e687d94d230bbf86681ef1b18f55a85b6b4e5adc95898a33b37c4338ab,unchanged since capture,2026-10-01T03:19:20+00:00
crates/server/src/instructor_account.rs,"Server, domain models, object ingest",neutral,Rustfmt-only match-arm layout.,diff changes layout only,1c479a1fd76798ca0233ad0e41ff7d31bda8a2a969561bede929107cef3fe4be,1c479a1fd76798ca0233ad0e41ff7d31bda8a2a969561bede929107cef3fe4be,5baf55a207e325bffe5e13c5d5b352766a1083b7ac1b7b98373622936632d820,unchanged since capture,2026-10-01T03:19:20+00:00
crates/server/src/invitation_export.rs,"Server, domain models, object ingest",neutral,Rustfmt-only match-arm layout; invitation/email workflow is additionally deferred.,diff changes layout only,7e9b9e1f9ad574bb7b13364fd8bbc4d118493025aba606ea9a6367e80953f44e,7e9b9e1f9ad574bb7b13364fd8bbc4d118493025aba606ea9a6367e80953f44e,cae8cccf187fc8507e8cca5911a4f4f5e96155bd52819a47b0abfe998e616d5b,unchanged since capture,2026-10-01T03:19:20+00:00
crates/server/src/library_discussion.rs,"Server, domain models, object ingest",neutral,Import ordering and Rustfmt-only layout.,diff changes use order and one match arm only,06baf08d46b8e1e049fc3b7f5c9cfd3401afc0e7279b8538a0f129038951c1f3,06baf08d46b8e1e049fc3b7f5c9cfd3401afc0e7279b8538a0f129038951c1f3,06c20bcad28db9bda861e48f954c423bc5a9baa6d668bd4da26eed7bb14476d3,unchanged since capture,2026-10-01T03:19:20+00:00
crates/server/src/library_watch_notification.rs,"Server, domain models, object ingest",neutral,Rustfmt-only match-arm layout. Notification delivery is deferred.,diff changes layout only,18915a3fd74502e9a79b7536cb7db55b40020f0c6df47549ec139935ba93c147,18915a3fd74502e9a79b7536cb7db55b40020f0c6df47549ec139935ba93c147,c0c53e7eed211d35a7bcf2670ccd33f6ef6518cf94cc3c3580090b3dab9c8685,unchanged since capture,2026-10-01T03:19:20+00:00
crates/server/src/live_gradebook.rs,"Server, domain models, object ingest",neutral,Rustfmt-only match-arm layout.,diff changes layout only,aa489b15e0a705aafc60052e27aaea209429343c5f1b7f7740b00ed415c99f22,aa489b15e0a705aafc60052e27aaea209429343c5f1b7f7740b00ed415c99f22,1b1b3bb2e545cac48e6990043988126e4c2cefc6d43836258917e22166276cc5,unchanged since capture,2026-10-01T03:19:20+00:00
crates/server/src/live_student_course_landing.rs,"Server, domain models, object ingest",good,Completes DTO propagation by supplying the server-read Question title. It avoids a second client request and preserves the existing revision identity.,response_question_stats maps stats.question_title,0829674cd7938d2147d1d72e20e2fbd5dcfc57e4cf4cb7dd8fd2a0e3306e65ae,0829674cd7938d2147d1d72e20e2fbd5dcfc57e4cf4cb7dd8fd2a0e3306e65ae,18700f9dfd310e753e44d516846496eb17c5459338d4640b0a9dd54c96d300bc,unchanged since capture,2026-10-01T03:19:20+00:00
crates/server/src/profile_avatar.rs,"Server, domain models, object ingest",neutral,Import ordering and Rustfmt-only matches; existing Student exclusion remains unchanged.,diff changes use order and line wrapping only,7dd99793f98b1a9e30fb4dae246bed5c81503a52ed1866cde432bc601886a41b,7dd99793f98b1a9e30fb4dae246bed5c81503a52ed1866cde432bc601886a41b,bdb209bd32ed2fc25fb873a2fc7c6cfc2172956d19de861d94ef6674f6e5c054,unchanged since capture,2026-10-01T03:19:20+00:00
crates/server/src/question_bulk_metadata.rs,"Server, domain models, object ingest",good,"Uses Value deliberately to distinguish omitted optional per-Question Title/Description from JSON null, which serde Option alone would collapse. It then restores a closed-field decoder, canonical public ID parsing, bounded command size, and domain-layer validation. Empty shared patch is valid only when per-Question text changes, enforced by BulkPublishedQuestionMetadataInput.",decode_selection_item rejects unknown fields and null text; learning-data-access input validate rejects an entirely empty command; Postgres store serializes only explicit fields,e3c3ee61b2d324692ff8620bf9915d8a85ab8651aa7fcfb89944331c5ff29063,e3c3ee61b2d324692ff8620bf9915d8a85ab8651aa7fcfb89944331c5ff29063,2d49b0990b8af5ffa578dfbd0078eb166cbc945699872f1398a48fbffb125b8b,unchanged since capture,2026-10-01T03:19:20+00:00
crates/server/src/question_fork.rs,"Server, domain models, object ingest",neutral,Import ordering and Rustfmt-only match-arm layout.,diff changes layout only,1846c78709ce8afd469b5e384ed92fec8b35bbf87daee580513b88f967d9825b,1846c78709ce8afd469b5e384ed92fec8b35bbf87daee580513b88f967d9825b,7eb4f560df0376e4eba878d1173513fd1a7d4015734f49ed4f8513e44aafadd1,unchanged since capture,2026-10-01T03:19:20+00:00
crates/server/src/question_image_delivery.rs,"Server, domain models, object ingest",neutral,Import ordering only.,diff changes question_model use ordering only,ab628c818ff2e47cf439aaa298c0d33901a69a6ea1ddc36b21e61e556ee8e88a,ab628c818ff2e47cf439aaa298c0d33901a69a6ea1ddc36b21e61e556ee8e88a,111d1dff9d9aabb7d7a3365c894d16f6794c7fe9ea20b20813bd439d8536265d,unchanged since capture,2026-10-01T03:19:20+00:00
crates/server/src/question_library.rs,"Server, domain models, object ingest",neutral,Rustfmt-only match-arm layout.,diff changes layout only,065b1be833b4968001aa125aa126efbdb8773c3637eef969aad2c5187b2dfa1b,065b1be833b4968001aa125aa126efbdb8773c3637eef969aad2c5187b2dfa1b,5f4d0f3fc382685208cd19092ca5313e30547a3578d49bf55792f78983822ad6,unchanged since capture,2026-10-01T03:19:20+00:00
crates/server/src/question_library/search_query.rs,"Server, domain models, object ingest",good,Adds a focused round-trip parser test for fielded library search and confirms exact canonical Question IDs are treated as identity. It does not change the parser/runtime behavior.,tests use QuestionTextQuery::parse and into_store_terms; canonical ID test rejects wrong checksum and lowercase,78c6a7e81b960618c56f8fdb6ed980785e3ae5762b00706985edf14b687a4944,78c6a7e81b960618c56f8fdb6ed980785e3ae5762b00706985edf14b687a4944,a9a9703fd935400b1a104b7b587c4258dacdb0085595f78d6a45dbc5fba0c8ff,unchanged since capture,2026-10-01T03:19:20+00:00
crates/server/src/question_library/usage_statistics.rs,"Server, domain models, object ingest",good,Routes both bulk and detail shared statistics through the new privacy-governed domain projection instead of exposing raw available totals.,into_available replaced with into_shared_statistics for both call sites,eac1549d319be0705ba8f5f6e8fba8f3b4455bdc9612e797eb733b8cc8ac2aa8,eac1549d319be0705ba8f5f6e8fba8f3b4455bdc9612e797eb733b8cc8ac2aa8,254071bed113f38c6da607e13d75597dd55432ae65419a761b0ef83946b7f57e,unchanged since capture,2026-10-01T03:19:20+00:00
crates/server/src/question_pool_creation.rs,"Server, domain models, object ingest",good,Adds optional Pool tags at the owning creation command while retaining database-derived discipline/subject. This matches the distinction between editable Library tags and semantic classification derived from member Questions.,CreateQuestionPoolRequest has serde-default tags; input carries tags while comments retain database-derived classification,a939eb084b5255a9ff5b5356b687027fb175115da6ff3c3cffe1cd95c3cfed64,a939eb084b5255a9ff5b5356b687027fb175115da6ff3c3cffe1cd95c3cfed64,060afa1d3fe3db18acdcb7a3488ff609b12b7f3679d7bfe7408962f908db6fa4,unchanged since capture,2026-10-01T03:19:20+00:00
crates/server/src/question_pool_library.rs,"Server, domain models, object ingest",good,Routes Pool usage statistics through the same small-cell protected shared-statistics policy as Question detail.,totals.into_available becomes totals.into_shared_statistics,3b2a9fdbcaa3275424f3b57c16a1998f38379d09f72a1b92db8261cb74083d63,3b2a9fdbcaa3275424f3b57c16a1998f38379d09f72a1b92db8261cb74083d63,5910bd86fed41e2b1afad1195571cda1c80b535c4cef17ca1f1fa963918aa18d,unchanged since capture,2026-10-01T03:19:20+00:00
crates/server/src/question_pool_stewardship.rs,"Server, domain models, object ingest",neutral,"Comment placement, import ordering, and Rustfmt-only layout; no behavior changed.",diff only moves ASVS comment and formats imports/match arm,3c352b13a7612689d539da56854fadb7fbc5139fc852e25bc353d53b25718107,3c352b13a7612689d539da56854fadb7fbc5139fc852e25bc353d53b25718107,3bdb067d9e73249bc4fa9459e2e4b7aa37c5787f07be51a4dd45c22034881d7d,unchanged since capture,2026-10-01T03:19:20+00:00
crates/server/src/question_stewardship.rs,"Server, domain models, object ingest",bad,"The new personal Star collection has a hard 250-row server limit and returns only truncated: true, with neither cursor nor an endpoint to request remaining rows. A long-lived Instructor can therefore permanently lose access to older Stars. The durable design is cursor pagination at the Store/API boundary, using the same ordered keyset contract as other Library collections; the frontend must render a continuation rather than a dead notice.",list_stars takes no query/cursor; StarredQuestionPage exposes items and truncated only; schemas/base_schema/50_functions/question_stewardship.sql LIMIT v_starred_question_page_limit and count(*) OVER() > limit,3440c86ced9fd3aa27d2aec1aa3614de26117f1ca8740aa355120ab080895bb6,3440c86ced9fd3aa27d2aec1aa3614de26117f1ca8740aa355120ab080895bb6,fb19ccc5d2e98bf98ad3107a2e9b6ceaccf29d031e27888a31b9ad9ae371dbd1,unchanged since capture,2026-10-01T03:19:20+00:00
crates/server/src/question_watch.rs,"Server, domain models, object ingest",neutral,Import ordering and Rustfmt-only match-arm layout.,diff changes layout only,9e48cd08a462dcf88e5e8ef758a41524eeedd600ee29c012128d79d42c55bd53,9e48cd08a462dcf88e5e8ef758a41524eeedd600ee29c012128d79d42c55bd53,1021b86272a4fc92cbd70eeeb9bafbdbdca81dc487fdf4f804ad66820aa7a759,unchanged since capture,2026-10-01T03:19:20+00:00
crates/server/src/support_capability.rs,"Server, domain models, object ingest",neutral,Rustfmt-only match-arm layout.,diff changes layout only,ebf7039dfce4237efc5793482c2566c59b13eade3aea1025873ec355264d55b3,ebf7039dfce4237efc5793482c2566c59b13eade3aea1025873ec355264d55b3,03b6e27585fc5f24110ed3ae3b27835c7a81826daafa18a6d977bc94b840262c,unchanged since capture,2026-10-01T03:19:20+00:00
crates/server/src/webwork_document_route.rs,"Server, domain models, object ingest",neutral,Updates fixtures to compile against the expanded attempt-history evidence shape; no delivery logic changed.,diff adds class_statistics and course_class_analysis fixture fields,69e1f8366a438b8af00df1fd46d35e7faa53a32f13155e8bb875b4096ecf3fdd,69e1f8366a438b8af00df1fd46d35e7faa53a32f13155e8bb875b4096ecf3fdd,f140167b8198fc4755321d8ecfdc125ed66356b7c33244a5491f153dcf4ed456,unchanged since capture,2026-10-01T03:19:20+00:00
crates/server/src/worker.rs,"Server, domain models, object ingest",good,"The changed diagnostic removes an Assessment Attempt UUID and full error text from ordinary logs. This narrows private-data exposure. Static review establishes no operational requirement for a replacement correlation subsystem, so none is proposed.",log_expiry_error no longer receives assessment_attempt_id; tracing event now has only stage and error_kind,48104a495ea2fc25aadc45e8d7ca6199bea7af1cda5a45777ffcd46f4a6dfd39,48104a495ea2fc25aadc45e8d7ca6199bea7af1cda5a45777ffcd46f4a6dfd39,10a87ad25afe4dece3c23cfa174c805603b881bae622a52076d78d0d977345a6,unchanged since capture,2026-10-01T03:19:20+00:00
src/api/assessment_attempt_history.ts,"Frontend contracts, features, navigation",good,"Adds an optional available-only class-statistics projection to completed Attempt history, keeping the browser model narrower than the full ClassStatistics union.",src/api/assessment_attempt_history.ts:57; src/api/decoders/assessment_attempt_history.ts:189,5937ddb633e4d1b275f1e3eaa511a4a479dff8c216620f9ddb3131638cd57b38,5937ddb633e4d1b275f1e3eaa511a4a479dff8c216620f9ddb3131638cd57b38,fa7f80d66c44cda74178aa5d78ee8c4daf1746cef49bfea60495653eb246d735,unchanged since capture,2026-10-01T03:19:20+00:00
src/api/assessment_release.ts,"Frontend contracts, features, navigation",good,Carries a current Question title beside an immutable revision tuple for Instructor recognition; it does not replace the tuple identity.,src/api/assessment_release.ts:100; src/api/decoders/assessment_release.ts:316,2762037676c8e779ce5070d61c391a7a756c90548daec511f5cca808e1ac132f,2762037676c8e779ce5070d61c391a7a756c90548daec511f5cca808e1ac132f,201835a95322241db72a665f94f9208bd842d02f707315f66196869e0e129c84,unchanged since capture,2026-10-01T03:19:20+00:00
src/api/blueprint_course.ts,"Frontend contracts, features, navigation",good,"Places batched recognition-title lookup on the Blueprint client used by Blueprint comparison/editor surfaces, rather than creating page-local HTTP code.",src/api/blueprint_course.ts:78; src/api/http_client/blueprint_course.ts:419,80b853e09cc93136eabec30767589d3751058880d2ea3b56f0bb265f5f36cc72,80b853e09cc93136eabec30767589d3751058880d2ea3b56f0bb265f5f36cc72,dd018f2f3039fc3121a3a7112435920028feb2b7afce552127a9130412d3f745,unchanged since capture,2026-10-01T03:19:20+00:00
src/api/content_classification.ts,"Frontend contracts, features, navigation",good,Separates an Instructor request for a new Discipline from Sysadmin creation and resolution; request data names an Account ID rather than email.,src/api/content_classification.ts:10; src/api/content_classification.ts:33,4384ba586213536dc2893b9542439abf069b06f1a3b09972e74c3a8b5d443cf1,4384ba586213536dc2893b9542439abf069b06f1a3b09972e74c3a8b5d443cf1,b87b944cdd41a1fc557afa3551e8e70d2e5d1e92e7ee1032e8333fd0d821dba3,unchanged since capture,2026-10-01T03:19:20+00:00
src/api/decoders/assessment_attempt.ts,"Frontend contracts, features, navigation",good,"Exports the existing strict ClassStatistics decoder for reuse, avoiding a second drifting wire decoder.",src/api/decoders/assessment_attempt.ts:429; src/api/decoders/assessment_attempt_history.ts:189,3e7880334ab7ed856d692671db380fc96688481dc57021e03187839d3cba5624,3e7880334ab7ed856d692671db380fc96688481dc57021e03187839d3cba5624,3bf47a8d6fc205e3411066643837611ebc24345867069c01bc3e1fb649e9e67a,unchanged since capture,2026-10-01T03:19:20+00:00
src/api/decoders/assessment_attempt_history.ts,"Frontend contracts, features, navigation",good,"Rejects unavailable class-statistics states when this history route includes the field, so the optional field cannot become a misleading unavailable payload.",src/api/decoders/assessment_attempt_history.ts:49; src/api/decoders/assessment_attempt_history.ts:189,355089c00084006519ec7bebf55471e8167dca92a8acbdf20f1178b2fa72ce1e,355089c00084006519ec7bebf55471e8167dca92a8acbdf20f1178b2fa72ce1e,f976611c59ef8bd8936c15b55f695ff7ae6a7ec6f0cc9ffc4c0fc4f955a52452,unchanged since capture,2026-10-01T03:19:20+00:00
src/api/decoders/assessment_release.ts,"Frontend contracts, features, navigation",good,"Extends the strict authored-question response shape and uses the shared title decoder, preserving cross-layer title rules.",src/api/decoders/assessment_release.ts:316,1292b5868fb8ac3c9f746db07105c8a2c5c87509bd98a6c303a48c404ecf5eba,1292b5868fb8ac3c9f746db07105c8a2c5c87509bd98a6c303a48c404ecf5eba,3fba57171d92d9fb4dfd45c87f1163a43461eddae43403c1fcfc397c8f113ceb,unchanged since capture,2026-10-01T03:19:20+00:00
src/api/decoders/content_classification.ts,"Frontend contracts, features, navigation",good,"The request receipt/list decoder has an exact field allowlist, validates canonical UUIDs, and rejects noncanonical Account IDs.",src/api/decoders/content_classification.ts:60; src/api/decoders/content_classification.ts:87,ce5ca0a197c45adb41655dad2bdb85481997d24f6cd56d04910f63ced5b24353,ce5ca0a197c45adb41655dad2bdb85481997d24f6cd56d04910f63ced5b24353,1b22bf97f3c643a4355b3d1b3a4d134521d37eb0b7c24bde51f0dcea8e7c25b2,unchanged since capture,2026-10-01T03:19:20+00:00
src/api/decoders/course_term.ts,"Frontend contracts, features, navigation",good,Uses calendar-month arithmetic rather than a fixed day count and correctly clamps month-end dates such as August 31 to February 28/29.,src/api/decoders/course_term.ts:8; src/api/decoders/course_term.ts:30; docs/HUMAN_GUIDANCE.md:495,a9956491b82a60733cc53d7bdfc9704bbe29d56a5e539213b3f69950705e562d,a9956491b82a60733cc53d7bdfc9704bbe29d56a5e539213b3f69950705e562d,68cf57c50b3bde7ac53167eb36fac2a4a775b893a7e6f8e5105188072981d03d,unchanged since capture,2026-10-01T03:19:20+00:00
src/api/decoders/question_bulk_metadata.ts,"Frontend contracts, features, navigation",bad,"D1: per-Question title/description replacements are accepted alongside the shared patch. That atomic shape is defensible, but the native summary reader still rejects differences from immutable-source metadata. A successful edit can break later detail/list reads. Make current mutable metadata authoritative at the read boundary; preserve the atomic write design.",src/api/decoders/question_bulk_metadata.ts:165; schemas/base_schema/50_functions/published_question_metadata_operations.sql:201; crates/server/src/question_library/summaries.rs:121; docs/HUMAN_GUIDANCE.md:1128,832b2ddca54689ff8b2a33f71e79afdb090dda1b64361e99132ef859816f9dd1,832b2ddca54689ff8b2a33f71e79afdb090dda1b64361e99132ef859816f9dd1,c6df6c36580b5fc2ab56eaf5836f5ec99f8920103439e99f068fa2e454588714,unchanged since capture,2026-10-01T03:19:20+00:00
src/api/decoders/question_star.ts,"Frontend contracts, features, navigation",good,The personal Stars page decoder uses an exact two-field collection response and refuses identity fields or unrequested star details.,src/api/decoders/question_star.ts:85,bbe4b573fa143ff5968442225f6c98aa4dc3f63dcd52e8bc5d70cbcbeccd3739,bbe4b573fa143ff5968442225f6c98aa4dc3f63dcd52e8bc5d70cbcbeccd3739,2aa02ce723de2ecc98fdf8a8098459952d8b2def5ca722f525a9106fe9223d88,unchanged since capture,2026-10-01T03:19:20+00:00
src/api/decoders/recognition_titles.ts,"Frontend contracts, features, navigation",good,"Verifies that every returned title is one of the requested public IDs and rejects duplicates, preventing a recognition response from smuggling unrelated content into a page.",src/api/decoders/recognition_titles.ts:8; src/api/decoders/recognition_titles.ts:34,04770cb20ea94fd8dfb75283b29ffdbb095b04bbc74cd776d347ab63204aa96c,04770cb20ea94fd8dfb75283b29ffdbb095b04bbc74cd776d347ab63204aa96c,1891682520c6325b087555ffbbf05b39d7e9dee256c4ec83d143f6a82572e455,unchanged since capture,2026-10-01T03:19:20+00:00
src/api/decoders/student_assessment_decision.ts,"Frontend contracts, features, navigation",good,Terminology-only change consistently uses Coursework for the student-facing activity while retaining Attempt as the neutral count noun.,src/api/decoders/student_assessment_decision.ts:31,bd8556944df2c534552a3902d2b4cfcaa641cc714727365b87b4bc4714c15ec7,bd8556944df2c534552a3902d2b4cfcaa641cc714727365b87b4bc4714c15ec7,3363c4425df79fef680d1a290411a5add873acb2214bc45d5fe25f690c2ea9c8,unchanged since capture,2026-10-01T03:19:20+00:00
src/api/decoders/student_course_response_stats.ts,"Frontend contracts, features, navigation",good,Adds an answer-free current title using existing title validation while retaining an allowed empty-title legacy/absence representation from the server contract.,src/api/decoders/student_course_response_stats.ts:23; src/api/decoders/student_course_response_stats.ts:62,43c4db5b6d4398b5926060eee618d7711a187890c9644b03d1d60bf744a68d20,43c4db5b6d4398b5926060eee618d7711a187890c9644b03d1d60bf744a68d20,d0fef7698873d8329591ac4919851715a12ba859ae7caff74461fa71706fb070,unchanged since capture,2026-10-01T03:19:20+00:00
src/api/http_client/blueprint_course.ts,"Frontend contracts, features, navigation",good,"Canonicalizes and deduplicates ID inputs, batches to the documented 1000-per-kind limit, and strictly decodes each batch before merging results.",src/api/http_client/blueprint_course.ts:165; src/api/http_client/blueprint_course.ts:419; src/api/recognition_titles.ts:4,1c22183c7a4d20da19a8d2c9cdb225ff2dbf575ebe513aa82c19a18b40ffede4,1c22183c7a4d20da19a8d2c9cdb225ff2dbf575ebe513aa82c19a18b40ffede4,3ffe60395ce39a85d73e63191995101bdc807321b9d10b337c8d3cdf3bd7b5b2,unchanged since capture,2026-10-01T03:19:20+00:00
src/api/http_client/content_classification.ts,"Frontend contracts, features, navigation",good,Keeps request creation and Sysadmin resolution in separate typed client boundaries and enforces no-store plus expected HTTP statuses.,src/api/http_client/content_classification.ts:55; src/api/http_client/content_classification.ts:122,0d9e375bd253de6b913964cd1217b7a232244167c74b3b1fd6ffd7c053f2b0aa,0d9e375bd253de6b913964cd1217b7a232244167c74b3b1fd6ffd7c053f2b0aa,fc7717a9f698617b425bec9a172bb35c8e5088d638d440b8b6f4dba20ae00793,unchanged since capture,2026-10-01T03:19:20+00:00
src/api/http_client/question_pool_creation.ts,"Frontend contracts, features, navigation",good,Validates optional Pool tags before transport and omits rather than invents a tag list when the caller supplies none.,src/api/http_client/question_pool_creation.ts:86,a4d5b614348e4ba945cf72037bb74f5a717baa9e53b22285ab8d7131886f902f,a4d5b614348e4ba945cf72037bb74f5a717baa9e53b22285ab8d7131886f902f,9c08d9dcd56741de6f6ce276b7b6ab657783855024f4b03f8c5f8d4c22e4dc32,unchanged since capture,2026-10-01T03:19:20+00:00
src/api/http_client/question_star.ts,"Frontend contracts, features, navigation",good,Adds a self-only Stars collection transport with the same same-origin and no-store controls as individual Star operations.,src/api/http_client/question_star.ts:35; src/api/http_client/question_star.ts:55,ca4a4ac914b413434ef43d27ed5358f3c2736f871de3028fc3852b0aaa16a7f8,ca4a4ac914b413434ef43d27ed5358f3c2736f871de3028fc3852b0aaa16a7f8,ab6084fbd59c256bfcdc055831a6c013f556582c084cca02bd53dcb3ae91e07c,unchanged since capture,2026-10-01T03:19:20+00:00
src/api/question_bulk_metadata.ts,"Frontend contracts, features, navigation",bad,"D1: per-Question title/description replacements are accepted alongside the shared patch. That atomic shape is defensible, but the native summary reader still rejects differences from immutable-source metadata. A successful edit can break later detail/list reads. Make current mutable metadata authoritative at the read boundary; preserve the atomic write design.",src/api/question_bulk_metadata.ts:18; src/api/decoders/question_bulk_metadata.ts:165; schemas/base_schema/50_functions/published_question_metadata_operations.sql:6,522ffc4233c6d81b6066cd13c484f4882ba11e8f705360319cec08c04157bcdb,522ffc4233c6d81b6066cd13c484f4882ba11e8f705360319cec08c04157bcdb,dc16be739bdb5194d42c7d6a72cbbdc5185ecad915b76559d9eecd7f8e12e11e,unchanged since capture,2026-10-01T03:19:20+00:00
src/api/question_pool_creation.ts,"Frontend contracts, features, navigation",good,Adds tags as an optional creation input with clear omission semantics.,src/api/question_pool_creation.ts:12,a5ece20ba70937a45af41eb09b5e205328940155fdfd47e21c8c635fff2402ae,a5ece20ba70937a45af41eb09b5e205328940155fdfd47e21c8c635fff2402ae,51bb23c738dbf67fbb959043ba2b7e6d47724a6447f12b82dd3f8d2e18ffe00c,unchanged since capture,2026-10-01T03:19:20+00:00
src/api/question_star.ts,"Frontend contracts, features, navigation",good,Models the Stars collection as signed-in-Instructor personal state and exposes only a bounded summary shape.,src/api/question_star.ts:23; src/api/question_star.ts:35,bc28ed80264a751a7e799cd0c76428914cb64af62ee8b993f5baf542e82a360d,bc28ed80264a751a7e799cd0c76428914cb64af62ee8b993f5baf542e82a360d,9002883846f0f5d40fa51c8bdfb845697e2aa62e87763536f0a0c88ee9cedc19,unchanged since capture,2026-10-01T03:19:20+00:00
src/api/recognition_titles.ts,"Frontend contracts, features, navigation",good,Keeps recognition-title batching and merging as small reusable pure utilities; Questions and Pools intentionally share the same public-ID syntax but remain separate maps.,src/api/recognition_titles.ts:4; src/api/recognition_titles.ts:27,d055752583889d88883dc6ab2d50adbc116e814a7ed94ed37cc135706934827d,d055752583889d88883dc6ab2d50adbc116e814a7ed94ed37cc135706934827d,cce35571d7a2ec43f430089fb80b9bafd9d96be21ac8e5706aa0d5ac73a4b2a4,unchanged since capture,2026-10-01T03:19:20+00:00
src/assessment_duration.ts,"Frontend contracts, features, navigation",refine,The new optional-value copy constants are coherent and small. Surrounding unchanged code preserves legacy non-minute duration error handling. R2 traces that state through template/policy editors: align the authorable base-duration contract and remove special development-data repair state rather than treating it as required compatibility.,src/assessment_duration.ts:67,40a8cbe250896a9b06b6a042970f034b94c2c7c1d37b2d6ec99bc5a9920b8e80,40a8cbe250896a9b06b6a042970f034b94c2c7c1d37b2d6ec99bc5a9920b8e80,9ccb3391963b062f78712a3208c28d0c4e6b56b2a1c4c8ce29c01747c689995e,unchanged since capture,2026-10-01T03:19:20+00:00
src/assessment_type_presentation.ts,"Frontend contracts, features, navigation",good,Aligns visible Assessment Type names with the Human Guidance vocabulary without changing stable internal enum values.,src/assessment_type_presentation.ts:28; docs/HUMAN_GUIDANCE.md:143,18d0835c9f6d8679e2dc0e3f33ed9b25db3c4c617b1b9c679b0ebb4eb692123f,18d0835c9f6d8679e2dc0e3f33ed9b25db3c4c617b1b9c679b0ebb4eb692123f,8c6d551297e529dde0cf923918bb1f2d9bd725edce17bc86144055166b8a1aa1,unchanged since capture,2026-10-01T03:19:20+00:00
src/auth/session_context.tsx,"Frontend contracts, features, navigation",neutral,Exports the context object without changing provider/session behavior. This is a narrow accessibility-for-composition change; no consumer in this change set depends on it.,src/auth/session_context.tsx:93,a29318c819c33d4d7b91237970417a76e108753be28ec8563ea37ae543e20a54,a29318c819c33d4d7b91237970417a76e108753be28ec8563ea37ae543e20a54,2e509855b0dfcb2b4f84aa48cdaf75a1b3dd6a51840d48d26dccf4f6ed54851c,unchanged since capture,2026-10-01T03:19:20+00:00
src/features/blueprint_change_proposal/proposal_review.tsx,"Frontend contracts, features, navigation",good,"Adds current readable recognition titles while still showing each public ID and revision/edit number, which follows the recognition requirement without changing canonical comparison identity.",src/features/blueprint_change_proposal/proposal_review.tsx:48; src/features/blueprint_change_proposal/proposal_review.tsx:141; docs/HUMAN_GUIDANCE.md:754,6130d597fe022dbb7a26cd2efd77842e7504da920918e7f7d5a466bd7084c9bc,6130d597fe022dbb7a26cd2efd77842e7504da920918e7f7d5a466bd7084c9bc,0bdc114067a3016db301bafdbd845203a14d7d6b25bd4ad7e251dcfb9a101aee,unchanged since capture,2026-10-01T03:19:20+00:00
src/features/blueprint_change_proposal/proposal_workspace.tsx,"Frontend contracts, features, navigation",refine,"Switching to the Account-zone hook aligns timestamps with HG, but the hook returns an empty formatter until settings load or forever after a settings failure. This page turns saved proposal timestamps into blank text in that state instead of preserving a visible unavailable/loading state.",src/features/blueprint_change_proposal/proposal_workspace.tsx:367; src/selected_display_zone.ts:15; docs/HUMAN_GUIDANCE.md:973,78772c91cb0557ae354ac345941503077e31dfb443e11084b97ac7df8d490c47,78772c91cb0557ae354ac345941503077e31dfb443e11084b97ac7df8d490c47,be654d2a00e7a5e3809adeca81cd0c99665f43377ee910fe4823d62d7556de6e,unchanged since capture,2026-10-01T03:19:20+00:00
src/features/blueprint_course/blueprint_assessment_content_editor.tsx,"Frontend contracts, features, navigation",refine,"MEDIUM (CMT-002/CMT-005). Trigger: entering a point value above 1,000,000,000 or editing a valid point value in a large Assessment. The scoring model accepts values the domain rejects, and each valid keystroke can reload recognition titles for the whole entry list. Durable fix: reuse the domain point-value validator and separate draft input from saved content or cache/abort normalized title requests.",src/features/blueprint_course/blueprint_assessment_content_editor.tsx:209; src/features/blueprint_course/blueprint_assessment_content_editor.tsx:658; src/features/recognition_titles_load.ts:26; src/api/decoders/assessment_release.ts:186,2225d44ea790f5ef27103326ca7615a75889bf9e3825a68f18f8de6df39ea4cb,2225d44ea790f5ef27103326ca7615a75889bf9e3825a68f18f8de6df39ea4cb,84ba04f8b5555e776077e5b9c60a0a69d692fdd7070047e5de837b2d34348940,unchanged since capture,2026-10-01T03:19:20+00:00
src/features/blueprint_course/blueprint_assessment_entry_content.ts,"Frontend contracts, features, navigation",good,Extracts one shared entry rendering model that puts current human titles first but retains explicit Question/Pool IDs and revision/edit facts.,src/features/blueprint_course/blueprint_assessment_entry_content.ts:17; src/features/blueprint_course/blueprint_assessment_entry_content.ts:49,e3637118cdeb0d741cfcc6afcd5d7330751c7d52536d108a02b30b5639a0a72d,e3637118cdeb0d741cfcc6afcd5d7330751c7d52536d108a02b30b5639a0a72d,55602e33d7d8b3568af482b6eaa98d4f4ee63ea1563ad56fd92f83b895cd51a7,unchanged since capture,2026-10-01T03:19:20+00:00
src/features/blueprint_course/blueprint_course.css,"Frontend contracts, features, navigation",neutral,"Diff is styling-only and does not alter controls, state, or contract behavior in this pass.",src/features/blueprint_course/blueprint_course.css,9c6c7f28b8fd3314eb628a628051cc29155d3ad816bef1ef53ebf65246a3326a,9c6c7f28b8fd3314eb628a628051cc29155d3ad816bef1ef53ebf65246a3326a,1a131b0cfc52dc42da8a2d9a2b68766b5c6da49bd61bb4c0552b0559e5049b1b,unchanged since capture,2026-10-01T03:19:20+00:00
src/features/blueprint_course/blueprint_course_detail_workspace.tsx,"Frontend contracts, features, navigation",refine,"Uses the Account display-zone abstraction as intended, but inherits its empty-string fallback and can blank Blueprint history/activity timestamps while Account settings are unavailable.",src/features/blueprint_course/blueprint_course_detail_workspace.tsx:102; src/selected_display_zone.ts:15,6b4bc731b857b0a1b31cfe58655190b9d8ccd654e97092633ff506b1ef2f3e10,6b4bc731b857b0a1b31cfe58655190b9d8ccd654e97092633ff506b1ef2f3e10,48867e73a752f0eb0e56ff14b0dcfbb4eff4b0b71dad660d5488e6b6cf94759c,unchanged since capture,2026-10-01T03:19:20+00:00
src/features/blueprint_course/blueprint_course_lifecycle_controls.tsx,"Frontend contracts, features, navigation",good,Moves Archive into a visually distinct danger zone and makes the client confirmation button require the current long name. The server remains the authority for the transition.,src/features/blueprint_course/blueprint_course_lifecycle_controls.tsx:95; src/features/blueprint_course/blueprint_course_lifecycle_controls.tsx:117,01ffb4d036ea20721b12f31d7770fffc30c773f26990adae741fd525cbb7eed4,01ffb4d036ea20721b12f31d7770fffc30c773f26990adae741fd525cbb7eed4,b37e90e38230f95622719caf89ec1f1815e3ce36092b3de8d1ef685950309656,unchanged since capture,2026-10-01T03:19:20+00:00
src/features/blueprint_course/blueprint_course_model.ts,"Frontend contracts, features, navigation",refine,"MEDIUM (CMT-002). Trigger: an Instructor enters an otherwise syntactically valid point value above 1,000,000,000. POINT_VALUE_PATTERN accepts it while AssessmentPointValue rejects it, leaving the user to discover the conflict at save. Durable fix: reuse the established point-value decoder or one shared contract-derived validator.",src/features/blueprint_course/blueprint_course_model.ts:252; src/api/decoders/assessment_release.ts:186; crates/question_model/src/assessment/point_value.rs:135,7ff05e0700a787c5043421dee6ce556896bf6b9a6a925c447197e7fa0f07ccd1,7ff05e0700a787c5043421dee6ce556896bf6b9a6a925c447197e7fa0f07ccd1,7913ee5800dd6343c8d0260dac13be8f138cfffef52f9c83d0b970ab375d9dd9,unchanged since capture,2026-10-01T03:19:20+00:00
src/features/blueprint_course/blueprint_history.tsx,"Frontend contracts, features, navigation",refine,"LOW refinement (CMT-005). The title enrichment preserves exact historical pins, but it uses the shared eager loader that starts a new request whenever the selected content identity changes and does not cache request sets. Key the existing resource by normalized IDs; avoid a new cache platform.",src/features/blueprint_course/blueprint_history.tsx:378; src/features/recognition_titles_load.ts:26,28e55bdbe2267966ab0f85f93521ffc5f0add5a05ad9774a8847b0ea9e1034dd,28e55bdbe2267966ab0f85f93521ffc5f0add5a05ad9774a8847b0ea9e1034dd,ad6608d18b43ee38e91fbadf8abfb984043ef43320d0d46147aa2320c1a22d07,unchanged since capture,2026-10-01T03:19:20+00:00
src/features/blueprint_course/blueprint_pool_members_editor.tsx,"Frontend contracts, features, navigation",refine,"Recognition titles improve member editing, but initial-title remember is in a reactive effect and the loader reloads the full changing members list without request-set caching. Prefer a single initialized cache keyed by public ID set.",src/features/blueprint_course/blueprint_pool_members_editor.tsx:45; src/features/blueprint_course/blueprint_pool_members_editor.tsx:100; src/features/recognition_titles_load.ts:26,0e99ebcb9edf122abebde95c359c4c7ce32aaf8bcc0e33c09904cc9a8d5cb9a2,0e99ebcb9edf122abebde95c359c4c7ce32aaf8bcc0e33c09904cc9a8d5cb9a2,030a730f4440d7ceeef5d84a62d148fc0b6334ebef6bf6e571e63144c7b8f7ba,unchanged since capture,2026-10-01T03:19:20+00:00
src/features/blueprint_forks/blueprint_comparison_membership.tsx,"Frontend contracts, features, navigation",good,Makes the HG-required shared/added/removed/changed comparison categories visible instead of leaving canonical JSON as the only evidence.,src/features/blueprint_forks/blueprint_comparison_membership.tsx:29; docs/HUMAN_GUIDANCE.md:1422,be0288602beff23dcd244b925b6163ddf975b91bcf243090fc90c8bcd13d0cb6,be0288602beff23dcd244b925b6163ddf975b91bcf243090fc90c8bcd13d0cb6,4491b351d5fd253231f7785af825ae036a548107de97a1101a4d4b4f6f29b998,unchanged since capture,2026-10-01T03:19:20+00:00
src/features/blueprint_forks/blueprint_fork_model.ts,"Frontend contracts, features, navigation",good,"Computes membership from server-supplied canonical comparison inventories and revision/pool snapshots, rather than inferring identity from display names.",src/features/blueprint_forks/blueprint_fork_model.ts:77; src/features/blueprint_forks/blueprint_fork_model.ts:111,527de0c59d4f56460e325fcaddc60fed3827209f6ee666594f7b2d1d7e6ec2b0,527de0c59d4f56460e325fcaddc60fed3827209f6ee666594f7b2d1d7e6ec2b0,78522b42be3c046ffaa53b8bf6a8f0b9e98dded9a7477ce5af5938c11ee4db42,unchanged since capture,2026-10-01T03:19:20+00:00
src/features/blueprint_forks/blueprint_fork_review.css,"Frontend contracts, features, navigation",neutral,Small token-based border-radius normalization only.,src/features/blueprint_forks/blueprint_fork_review.css:20,c2cfceeca6dd5ae024b63ad7f94d3f72686b9805fb69ca904e1f83fe1f501ad9,c2cfceeca6dd5ae024b63ad7f94d3f72686b9805fb69ca904e1f83fe1f501ad9,3a06776c7fb5812a33c96b9f8cf4215acbd78235af4cacbe54405858510920a9,unchanged since capture,2026-10-01T03:19:20+00:00
src/features/blueprint_forks/blueprint_fork_review.tsx,"Frontend contracts, features, navigation",refine,"LOW refinement (CMT-005). The comparison properly keeps titles supplemental to public identity, but the resource is recreated per comparison mount and reloads all recognition IDs without caching; large fork comparisons can issue repeated 1000-ID batches on reactive updates. Key the existing resource by normalized IDs.",src/features/blueprint_forks/blueprint_fork_review.tsx:211; src/features/recognition_titles_load.ts:26; src/api/recognition_titles.ts:4,cf712b7d00151d853f21a525d2eb94df05d1eec718c58c42554039269005c1a1,cf712b7d00151d853f21a525d2eb94df05d1eec718c58c42554039269005c1a1,22124f3dd853fb85bfe9b42a5845e94f0ef953639697d7ab2f1908b3913f55cb,unchanged since capture,2026-10-01T03:19:20+00:00
src/features/blueprint_operations/blueprint_operations_page.css,"Frontend contracts, features, navigation",neutral,Styling token normalization only.,src/features/blueprint_operations/blueprint_operations_page.css:39,b049551a83133c58e9c5ec6cda3a7a6327dcd5efeac485a98d76483cf135f13a,b049551a83133c58e9c5ec6cda3a7a6327dcd5efeac485a98d76483cf135f13a,247eb6be6ccfe52d4e7199bf94aa375f632601312efc0b70b0adabc2f06fd7f6,unchanged since capture,2026-10-01T03:19:20+00:00
src/features/course_appearance/course_entry_banner.tsx,"Frontend contracts, features, navigation",good,Preserves the required 5:1 Course banner while using the shared surface-radius token.,src/features/course_appearance/course_entry_banner.tsx:23; docs/HUMAN_GUIDANCE.md:497,3a848e29b9b4d06e42fb9e285023e8a37e1c62e606cc95f9c913ea5382c7a6cc,3a848e29b9b4d06e42fb9e285023e8a37e1c62e606cc95f9c913ea5382c7a6cc,14459160cae2e62d7f6a6667027a97a1ed935c59598af918ffd8d9d2c60790cd,unchanged since capture,2026-10-01T03:19:20+00:00
src/features/ple_question_json_authoring/question_json_client.ts,"Frontend contracts, features, navigation",good,Allows SVG only at the authoring transport boundary while documenting that the server validates bytes and rewrites it to a still rendition; it does not claim SVG remains a delivered Question Image Asset.,src/features/ple_question_json_authoring/question_json_client.ts:307; docs/HUMAN_GUIDANCE.md:165,5a8401819c88f897f66319619c8872374734c5dfcae31c5a6cea07f2ea3231ca,5a8401819c88f897f66319619c8872374734c5dfcae31c5a6cea07f2ea3231ca,c6921d687b4d1fddfcb623787a9ae17e4af256b84d18ec75cb38f6208dfce2cd,unchanged since capture,2026-10-01T03:19:20+00:00
src/features/ple_question_json_authoring/question_json_hotspot_editor.tsx,"Frontend contracts, features, navigation",good,Matches the client capability and clearly tells authors that SVG is stored as a still WebP image.,src/features/ple_question_json_authoring/question_json_hotspot_editor.tsx:80; src/features/ple_question_json_authoring/question_json_hotspot_editor.tsx:86,3af5aed7ad349f268a3172e185680ea09fdb809ed363282913fd832a912f4cdd,3af5aed7ad349f268a3172e185680ea09fdb809ed363282913fd832a912f4cdd,22bdc6fe757a760215765846e3b196d927c38fd3ab79b6781944f4026ed50b37,unchanged since capture,2026-10-01T03:19:20+00:00
src/features/question_picker/question_picker.css,"Frontend contracts, features, navigation",neutral,Adds bounded inspection panel styling without changing picker state or selection behavior.,src/features/question_picker/question_picker.css:76,fc1a95c972fe39a1352ff870d5c49b024ec4294c0ac561bbd24b4176b290618f,fc1a95c972fe39a1352ff870d5c49b024ec4294c0ac561bbd24b4176b290618f,c0460f1c4e676212fcf7aeb9fc1ac1dbbde54416597bf428979c10fe9645859e,unchanged since capture,2026-10-01T03:19:20+00:00
src/features/question_picker/question_picker.tsx,"Frontend contracts, features, navigation",refine,"R3: inspection reuses answer-free rendering and guards stale requests. Its loader and asset URL dependencies are separately optional, allowing an invalid combination that resolves an empty image URL to the app origin. Current callers were not shown to omit the resolver. Make enabled inspection one coherent typed capability; this is a contract refinement, not a confirmed current user outage.",src/features/question_picker/question_picker.tsx:52; src/features/question_picker/question_picker.tsx:235; src/features/question_picker/question_picker.tsx:247; docs/HUMAN_GUIDANCE.md:597,7761f4c318d3a7673ddb7f3de980a245d3e924f91141b05b6fbc743fe138d3c7,7761f4c318d3a7673ddb7f3de980a245d3e924f91141b05b6fbc743fe138d3c7,afadd9f8b2e9ef5f87fefa6758749e518131c14878201d9ada17bc8f0c0b7ca5,unchanged since capture,2026-10-01T03:19:20+00:00
src/features/question_picker/question_picker_inspection.tsx,"Frontend contracts, features, navigation",refine,"R3: inspection reuses answer-free rendering and guards stale requests. Its loader and asset URL dependencies are separately optional, allowing an invalid combination that resolves an empty image URL to the app origin. Current callers were not shown to omit the resolver. Make enabled inspection one coherent typed capability; this is a contract refinement, not a confirmed current user outage.",src/features/question_picker/question_picker_inspection.tsx:31; src/features/question_picker/question_picker.tsx:52,6120e2a478fa83c088eef952edfc91a8b521cbe9392a624de0cc061ce026e93e,6120e2a478fa83c088eef952edfc91a8b521cbe9392a624de0cc061ce026e93e,23c12045746061a1eb69174d90afced3cba27987f856b09a905cad57cd2ed801,unchanged since capture,2026-10-01T03:19:20+00:00
src/features/question_picker/question_picker_model.ts,"Frontend contracts, features, navigation",good,"Keeps inspection answer-free and pure: it derives a narrow view from QuestionDetails without selecting, deleting, or reordering the picker state.",src/features/question_picker/question_picker_model.ts:60; src/features/question_picker/question_picker_model.ts:72,dd935c4950431adc02d5f9e98bfb461594651b9ef3497dc1f2afd1c211964ab3,dd935c4950431adc02d5f9e98bfb461594651b9ef3497dc1f2afd1c211964ab3,4fd406da32e2d3555e142fa2b064e16b99ca9b63dc8f43d18d44b3829aaf781d,unchanged since capture,2026-10-01T03:19:20+00:00
src/features/question_pool_picker/question_pool_picker.css,"Frontend contracts, features, navigation",neutral,Styling token normalization only.,src/features/question_pool_picker/question_pool_picker.css:48,acd87125c880921d4b211fe14f5a10acf130c2ffef6380a855acc5c96cee1543,acd87125c880921d4b211fe14f5a10acf130c2ffef6380a855acc5c96cee1543,3561c2c5fef2eb4af5117a79c986d0d1472c5ef16fbbbec4401f599b0a39644b,unchanged since capture,2026-10-01T03:19:20+00:00
src/features/question_pool_picker/question_pool_picker.tsx,"Frontend contracts, features, navigation",good,Carries the selected Pool title in the selection object so the parent can immediately identify the Pool while retaining its public ID/edit as the actual identity.,src/features/question_pool_picker/question_pool_picker.tsx:22; src/features/question_pool_picker/question_pool_picker.tsx:184,547b1a5a77ee04e6392ff2248e44ff5aa3dae8f7fb541b5e8580c3a4a502e9e0,547b1a5a77ee04e6392ff2248e44ff5aa3dae8f7fb541b5e8580c3a4a502e9e0,8f684dbcb58f6faff45e596c661cac8069d5d23590d9d071e76d6a0454134592,unchanged since capture,2026-10-01T03:19:20+00:00
src/features/recognition_label.ts,"Frontend contracts, features, navigation",good,Centralizes the title-plus-labeled-public-ID presentation rule and collects IDs from canonical Blueprint comparison/course structures without deriving identity from names.,src/features/recognition_label.ts:7; src/features/recognition_label.ts:16; src/features/recognition_label.ts:78,0c051250377870d85e3d0f28265ef93d4508cb82d95ad19e55678c2d7879d964,0c051250377870d85e3d0f28265ef93d4508cb82d95ad19e55678c2d7879d964,e9f4c722c8d9cf749e794bc066a20a96283282672ed4a156fdb79c3bb7a0cdd1,unchanged since capture,2026-10-01T03:19:20+00:00
src/features/recognition_titles_load.ts,"Frontend contracts, features, navigation",refine,"LOW refinement (CMT-005). Cancellation prevents stale UI writes, and merge preserves known titles. Trigger: content state changes after any valid scoring/member edit. It neither aborts obsolete HTTP requests nor records completed/in-flight canonical ID sets, so it can repeat large title lookups. Key the existing resource by normalized IDs and retain its stale-write guard.",src/features/recognition_titles_load.ts:22; src/features/recognition_titles_load.ts:26; src/features/recognition_titles_load.ts:40,5b150492f755cf6db1022b59cf7c0f1de18ed1d42a33c608a229803c7b098bcb,5b150492f755cf6db1022b59cf7c0f1de18ed1d42a33c608a229803c7b098bcb,d44ec8687712166c5f2fa2a1c14b01769dd32a2cbe29afd0739471a235001e65,unchanged since capture,2026-10-01T03:19:20+00:00
src/format_datetime.ts,"Frontend contracts, features, navigation",good,Removal of browser-local zone discovery prevents new callers from bypassing the Account-selected display-zone policy.,src/format_datetime.ts:3; docs/HUMAN_GUIDANCE.md:973,19808a2fda36e93da86d5a7606b518f20e5feddd81a3e42751db96579c72529d,19808a2fda36e93da86d5a7606b518f20e5feddd81a3e42751db96579c72529d,6e0c48d3c525376568bc9afe60e31091c97f5d17c26523d045ddbe2d8e71681b,unchanged since capture,2026-10-01T03:19:20+00:00
src/log.ts,"Frontend contracts, features, navigation",good,"Replaces arbitrary browser-log strings and arguments with a closed diagnostic vocabulary, an appropriate boundary for avoiding Student/answer data disclosure.",src/log.ts:7; src/log.ts:12; src/log.ts:20,a09cd48fb67950cce5f509d5d55ca0160538a5fde3d50c1c2214f2325e4f86da,a09cd48fb67950cce5f509d5d55ca0160538a5fde3d50c1c2214f2325e4f86da,1410b718e5776104bf6ab7b9a7f65eb59c504d6dd5292af63c99b18c7a169cf2,unchanged since capture,2026-10-01T03:19:20+00:00
src/main.tsx,"Frontend contracts, features, navigation",good,Updates the only log call to the closed diagnostic event API.,src/main.tsx:30; src/log.ts:20,fde4a34361ab75f1e0a95da0c928d52a59c158333995bc108db016167b5afdad,fde4a34361ab75f1e0a95da0c928d52a59c158333995bc108db016167b5afdad,b394d58e1b1df27a78ed27b30870324a99388d2d3aec1107b9f5aa4ee3b2b0e6,unchanged since capture,2026-10-01T03:19:20+00:00
src/ribbon/app_ribbon.css,"Frontend contracts, features, navigation",neutral,"UI-only changes improve profile outline visibility and phone role badge sizing; no routing, role authorization, or state contract changed.",src/ribbon/app_ribbon.css:328; src/ribbon/app_ribbon.css:598,365a4dd33e8c3dc20c5a93338e722034d9c1ad2220a32b7f5ce29219910636aa,365a4dd33e8c3dc20c5a93338e722034d9c1ad2220a32b7f5ce29219910636aa,a374084f79a9563945a40712c0a5b48569a7832c4169615e6743d3b880416b43,unchanged since capture,2026-10-01T03:19:20+00:00
src/ribbon/app_ribbon.tsx,"Frontend contracts, features, navigation",neutral,Reorders visible role and brand markup only.,src/ribbon/app_ribbon.tsx:511,0f99405f1e77d988623b378771987dd60ff650fd3b71b1488205c54d76bb8bac,0f99405f1e77d988623b378771987dd60ff650fd3b71b1488205c54d76bb8bac,661bb67514b75fdc861757e47fb5b3deea2cce02cffc1f915e708bc49964e489,unchanged since capture,2026-10-01T03:19:20+00:00
src/ribbon/capability_registry.ts,"Frontend contracts, features, navigation",good,"Updates the capability registry only after routes, pages, client methods, and server handlers exist; this avoids a fake backed declaration.",src/ribbon/capability_registry.ts:455; src/ribbon/capability_registry.ts:479,8ad2899d9606270d68d32a0a93dab46dc6ae1c6a11f09df7260d291d73e7345d,8ad2899d9606270d68d32a0a93dab46dc6ae1c6a11f09df7260d291d73e7345d,3089f201c9bcb1266bc64f6485841e862813fa3076b803b7a16f95ee8944e4b7,unchanged since capture,2026-10-01T03:19:20+00:00
src/ribbon/ribbon_catalog.ts,"Frontend contracts, features, navigation",good,Promotes My Questions and Starred from future placeholders to real route destinations in the Instructor Questions task catalog.,src/ribbon/ribbon_catalog.ts:261; src/ribbon/ribbon_catalog.ts:283,35f7e5910cedd6a3421c07bf36c69189b47e7e4ca491fcb804752250de69b1c2,35f7e5910cedd6a3421c07bf36c69189b47e7e4ca491fcb804752250de69b1c2,e6e26d8c2a728a5f8f25c9aa3701eae8e60e8d3fb8ddf04f8d8b67246792371b,unchanged since capture,2026-10-01T03:19:20+00:00
src/ribbon/ribbon_contract.ts,"Frontend contracts, features, navigation",good,Adds breadcrumbs for the two real Instructor routes and uses Coursework rather than Assessment in student-facing navigation copy.,src/ribbon/ribbon_contract.ts:662; src/ribbon/ribbon_contract.ts:779,26d8ebd6d2591d6ec7bd084352a4b4a725b35d9985f5a589bcce13f26284fce5,26d8ebd6d2591d6ec7bd084352a4b4a725b35d9985f5a589bcce13f26284fce5,81eae26fcdd6a0bcc836fb748d6596daf8086694bfa04931f14d69ffcaa49ddf,unchanged since capture,2026-10-01T03:19:20+00:00
src/route_contract.ts,"Frontend contracts, features, navigation",good,"Registers fixed, visible, Instructor-only paths with no UUID in the navigation URL, consistent with the clarified URL rule.",src/route_contract.ts:355; src/route_contract.ts:365,58d5927a63a2c99d075d4d078477dcd2a725915efc6be11031f9bf1c10902ee9,58d5927a63a2c99d075d4d078477dcd2a725915efc6be11031f9bf1c10902ee9,49170c4201ec85c4bbafbd2212fdfb7a730ce8b05a34a5d06b07dcb5dc7d1f1b,unchanged since capture,2026-10-01T03:19:20+00:00
src/routes.ts,"Frontend contracts, features, navigation",good,Completes route-component registration for the declared My Questions and Starred routes.,src/routes.ts:17; src/routes.ts:97,5ce258b86706fdc657dc7a2983195f0a3c35427fc51bf2e54fbf77d37e61d84f,5ce258b86706fdc657dc7a2983195f0a3c35427fc51bf2e54fbf77d37e61d84f,3e6fe114710667c32a268b6fb715a9ef8ec2c291543bc60a0326952d9521d36c,unchanged since capture,2026-10-01T03:19:20+00:00
src/selected_display_zone.ts,"Frontend contracts, features, navigation",bad,"R3: the selected Account-zone policy is appropriate. Initial settings loading is already gated by appearance_owner. On settings-load failure, however, the page can paint while this formatter returns an empty string for valid timestamps. Represent unavailable formatting explicitly rather than erasing dates or reverting to the browser zone.",src/selected_display_zone.ts:9; src/selected_display_zone.ts:15; src/appearance/appearance_owner.tsx:145; docs/HUMAN_GUIDANCE.md:973,cebd8dafb7bf7485722552cc40c119fff0df692ee3459b2f36477635f8e621dd,cebd8dafb7bf7485722552cc40c119fff0df692ee3459b2f36477635f8e621dd,af636d774c43bbe6c1c011c328b77f207dcb6947be0228b6499ffb2fd42f99e1,unchanged since capture,2026-10-01T03:19:20+00:00
src/student_progress.ts,"Frontend contracts, features, navigation",good,Makes the withheld-score sentence concise while preserving the count and no-score disclosure behavior.,src/student_progress.ts:20,b033bafcb805655cbbbf4616874f2aedb87200acbd4f683ed72fe971fccd0ca1,b033bafcb805655cbbbf4616874f2aedb87200acbd4f683ed72fe971fccd0ca1,8586762dc5d84fbc4633ca78e9aaacebb4aa58a99cb2e64c6497d92919bdd4d8,unchanged since capture,2026-10-01T03:19:20+00:00
src/style.css,"Frontend contracts, features, navigation",neutral,"Global presentation changes are largely accessibility-oriented: root-relative text sizing, inherited form typography, disclosure indicator, and visible focus/hover labels. No application data or authorization behavior changes here.",src/style.css:88; src/style.css:169,f6ac6531d786abf91040fa8166a6829eec1d0d46eec394f2c15fd15b005b518a,f6ac6531d786abf91040fa8166a6829eec1d0d46eec394f2c15fd15b005b518a,21891d875fdce9fb56619be1fe641c5c27b77f659ec2199447747550393e3282,unchanged since capture,2026-10-01T03:19:20+00:00
Cargo.lock,Dependencies and containers,neutral,"Read the complete dependency diff. Additions form the resvg/usvg font, geometry, and raster dependency graph plus bytemuck derive; no unrelated version churn or new alternate registry source appears. This is dependency-purpose review, not a vulnerability or latest-version audit.",Cargo.lock resvg/usvg/objects package entries; Cargo.toml:50,2d224299bdc2c3053e4253d9da0997be197501944a986f25c5c166ee14cfbf80,2d224299bdc2c3053e4253d9da0997be197501944a986f25c5c166ee14cfbf80,dd598acc349085fc8ec67b3796e156c57b4454f023ab3547c0761e09bd62787a,unchanged since capture,2026-10-01T03:19:20+00:00
Cargo.toml,Dependencies and containers,refine,"A single shared resvg dependency gives SVG conversion a maintained renderer instead of a custom parser. Default features are disabled. The raster-images feature deserves removal or justification because the ingest resolver rejects both data and external images; text support needs actual fonts, reviewed with the ingest implementation.",Cargo.toml:50; crates/objects/src/image_validation/svg_question_image.rs:32-38,96324f2e672b8888c20ba0eb4b1a8a2987ddbb9ed1b823105a8baedd2f9ea4a4,96324f2e672b8888c20ba0eb4b1a8a2987ddbb9ed1b823105a8baedd2f9ea4a4,8878b050a33d69267010d16c8df514271d7145ee478b1b2eb4c6af8b933756ac,unchanged since capture,2026-10-01T03:19:20+00:00
containers/Caddyfile,Dependencies and containers,good,The local Live Demo gateway changes its address from localhost-only to an any-host HTTPS listener with internal on-demand certificates. This implements the explicit firewalled LAN/Tailscale requirement while retaining TLS and existing edge headers. No public deployment or runtime TLS acceptance is claimed.,containers/Caddyfile:25-33; docs/HUMAN_GUIDANCE.md Account rules,49c1ef92e4501a5847069d5e46913a6b4baf54f2d67e72411d8b244f27f8db2c,49c1ef92e4501a5847069d5e46913a6b4baf54f2d67e72411d8b244f27f8db2c,107aa71e692615f3748b299b63e5d74b1a88c424dfef5b217c791b539176bdd1,unchanged since capture,2026-10-01T03:19:20+00:00
containers/compose.yaml,Dependencies and containers,good,"Request-host acceptance is passed explicitly to the API with an empty default, retaining the configured-origin mode unless the Live Demo controller opts in. The change preserves the existing topology and does not introduce a duplicate service or proxy.",containers/compose.yaml:373-374; crates/server/src/auth/browser_boundary.rs ProductionBrowserBoundary,44348a2d7f7e86da9cefcb40059cbce2d985f43855ec6a3ba4ce81b7758f9264,44348a2d7f7e86da9cefcb40059cbce2d985f43855ec6a3ba4ce81b7758f9264,38deb1ec3e5d5e90c61dbe25d9e5a1b21ed8e826d394ef57912cc5a59e900bc0,unchanged since capture,2026-10-01T03:19:20+00:00
